drug_code,drug_name,insurance_status,insurance_status_normalized,hospital_status,hospital_status_normalized,document_office_status,document_office_status_normalized,file_required_status,file_required_normalized,max_prescription,hard_to_treat_status,hard_to_treat_normalized,barcode_required_status,barcode_required_normalized,electronic_prescription_only_status,electronic_prescription_only_normalized,price_without_subsidy,organization_share_percent_without_subsidy,government_subsidy,accepted_total_price,related_specialties_button,unrelated_specialties_button,source_page
01211,THEOPHYLLINE / GUAIFENESIN 50 mg/30 mg/5mL 120 mL SOLUTION ORAL SYRUP,است,covered,نيست,False,خير,False,خير,False,3,نيست,False,خير,False,نيست,False,694800,70.0,155200,850000,True,True,1
01277,VASOPRESSIN 20 [iU]/1mL 1 mL INJECTION PARENTERAL INJECTION,است,covered,است,True,خير,False,خير,False,10,نيست,False,بله,True,نيست,False,362120,70.0,47880,410000,True,True,1
01279,VERAPAMIL HYDROCHLORIDE 40 mg TABLET ORAL 40MG TABLET,است,covered,نيست,False,خير,False,خير,False,300,نيست,False,خير,False,نيست,False,19437,70.0,1563,21000,True,True,1
01280,VERAPAMIL HYDROCHLORIDE 2.5 mg/1mL 2 mL INJECTION PARENTERAL 5MG/2ML INJECTION,است,covered,نيست,False,خير,False,خير,False,10,نيست,False,خير,False,نيست,False,1641500,70.0,248500,1890000,True,True,1
66663,VIBRIL ROLL,است,covered,نيست,False,خير,False,خير,False,200,نيست,False,خير,False,نيست,False,10500,70.0,0,10500,True,True,1
01282,VIGABATRIN 500 mg TABLET ORAL 500MG TABLET,صرفا مشمول يارانه دولت,government_subsidy_only,نيست,False,خير,False,خير,False,100,نيست,False,بله,True,نيست,False,151470,0.0,178530,330000,True,True,1
01283,"VINBLASTINE SULFATE 10 mg INJECTION, POWDER, FOR SOLUTION PARENTERAL 10MG INJECTION",است,covered,نيست,False,خير,False,بله,True,طبق پرونده,است,True,بله,True,است,True,1017670,90.0,2372330,3390000,True,True,1
01284,"VINCRISTINE SULFATE 1 mg INJECTION, POWDER, FOR SOLUTION PARENTERAL 1MG INJECTION",است,covered,نيست,False,خير,False,بله,True,طبق پرونده,است,True,بله,True,است,True,270000,90.0,0,270000,True,True,1
02194,VINCRISTINE SULFATE 1 mg/1mL 1 mL INJECTION PARENTERAL 1MG/ML INJECTION,است,covered,نيست,False,خير,False,بله,True,طبق پرونده,است,True,بله,True,است,True,1396585,70.0,1503415,2900000,True,True,1
01372,"VITAMIN A 25000 [iU] CAPSULE, LIQUID FILLED ORAL CAPSULE",است,covered,نيست,False,خير,False,خير,False,60,نيست,False,خير,False,نيست,False,17821,70.0,13179,31000,True,True,1
01287,"VITAMIN A 25000 [iU] TABLET, CHEWABLE ORAL TABLET",است,covered,نيست,False,خير,False,خير,False,60,نيست,False,خير,False,نيست,False,14500,70.0,0,14500,True,True,2
01371,"VITAMIN A 50000 [iU] CAPSULE, LIQUID FILLED ORAL CAPSULE",است,covered,نيست,False,خير,False,خير,False,100,نيست,False,خير,False,نيست,False,15820,70.0,1180,17000,True,True,2
01289,VITAMIN A 50000 [iU] TABLET ORAL TABLET,است,covered,نيست,False,خير,False,خير,False,100,نيست,False,خير,False,نيست,False,15500,70.0,0,15500,True,True,2
01892,TERAZOSIN 2 mg TABLET ORAL 2MG TABLET,است,covered,نيست,False,خير,False,خير,False,100,نيست,False,خير,False,است,True,22822,70.0,678,23500,True,True,2
01893,TERAZOSIN 5 mg TABLET ORAL 5MG TABLET,است,covered,نيست,False,خير,False,خير,False,100,نيست,False,خير,False,است,True,26800,70.0,1700,28500,True,True,2
01196,TERBINAFINE HYDROCHLORIDE 1% 15 g CREAM TOPICAL 15G CREAM,است,covered,نيست,False,خير,False,خير,False,5,نيست,False,خير,False,نيست,False,445700,70.0,35300,481000,True,True,2
01197,TERBINAFINE HYDROCHLORIDE 250 mg TABLET ORAL 250MG TABLET,است,covered,نيست,False,خير,False,خير,False,50,نيست,False,خير,False,نيست,False,13350,70.0,29400,42750,True,True,2
01198,TERBUTALINE SULFATE 5 mg TABLET ORAL 5MG TABLET,است,covered,نيست,False,خير,False,خير,False,200,نيست,False,خير,False,نيست,False,470,70.0,0,470,True,True,2
01201,TESTOSTERONE ENANTHATE 100 mg/1mL INJECTION PARENTERAL INJECTION,است,covered,نيست,False,خير,False,خير,False,10,نيست,False,بله,True,نيست,False,573175,70.0,26825,600000,True,True,2
01202,TETANUS IMMUNE GLOBULIN 250 [iU]/1mL INJECTION PARENTERAL INJECTION,است,covered,نيست,False,خير,False,خير,False,1,نيست,False,بله,True,است,True,4178000,70.0,4022000,8200000,True,True,2
01203,TETRABENAZINE 25 mg TABLET ORAL 25MG TABLET,است,covered,نيست,False,خير,False,خير,False,200,نيست,False,خير,False,نيست,False,77782,70.0,112218,190000,True,True,3
01204,"TETRACAINE HYDROCHLORIDE 0.5% 10 mL SOLUTION, DROPS OPHTHALMIC 5ML DROPS",است,covered,است,True,خير,False,خير,False,5,نيست,False,بله,True,نيست,False,619300,70.0,30700,650000,True,True,3
01205,"TETRACOSACTIDE ACETATE 1 mg/1mL INJECTION, SUSPENSION PARENTERAL 1MG/ML INJECTION",است,covered,نيست,False,خير,False,خير,False,10,نيست,False,بله,True,نيست,False,290000,70.0,1510000,1800000,True,True,3
01206,TETRACYCLINE HYDROCHLORIDE 1% 3 g OINTMENT OPHTHALMIC OINTMENT,است,covered,نيست,False,خير,False,خير,False,3,نيست,False,خير,False,نيست,False,336300,70.0,63700,400000,True,True,3
01207,TETRACYCLINE HYDROCHLORIDE 250 mg CAPSULE ORAL 250MG CAPSULE,است,covered,نيست,False,خير,False,خير,False,200,نيست,False,خير,False,نيست,False,36600,70.0,13400,50000,True,True,3
01208,TETRACYCLINE HYDROCHLORIDE 3% 15 g OINTMENT TOPICAL OINTMENT,است,covered,نيست,False,خير,False,خير,False,3,نيست,False,خير,False,نيست,False,488900,70.0,61100,550000,True,True,3
66664,THALASSEMIA INSTRUMENT(جهت افراد زير 15 سال) SET,است,covered,نيست,False,خير,False,خير,False,1,نيست,False,خير,False,نيست,False,14999776,70.0,0,14999776,True,True,3
02403,"THEOPHYLLINE 100 mg TABLET, EXTENDED RELEASE ORAL 100MG TABLET",است,covered,نيست,False,خير,False,خير,False,200,نيست,False,خير,False,نيست,False,14500,70.0,0,14500,True,True,3
02203,"THEOPHYLLINE 200 mg CAPSULE, COATED, EXTENDED RELEASE ORAL 200MG CAPSULE",است,covered,نيست,False,خير,False,خير,False,200,نيست,False,خير,False,نيست,False,14826,70.0,1674,16500,True,True,3
01183,SULFADIAZINE 500 mg TABLET ORAL TABLET,است,covered,نيست,False,خير,False,خير,False,200,نيست,False,خير,False,نيست,False,131900,70.0,25100,157000,True,True,3
02397,"PHOSPHATE SODIUM 500 mg TABLET, EFFERVESCENT ORAL TABLET",است,covered,نيست,False,خير,False,خير,False,200,نيست,False,بله,True,نيست,False,69337,70.0,108663,178000,True,True,4
01006,"PILOCARPINE HYDROCHLORIDE 1% 10 mL SOLUTION, DROPS OPHTHALMIC 10ML DROPS",است,covered,نيست,False,خير,False,خير,False,5,نيست,False,خير,False,نيست,False,620685,70.0,189315,810000,True,True,4
01007,"PILOCARPINE HYDROCHLORIDE 2% 10 mL SOLUTION, DROPS OPHTHALMIC 10ML DROPS",است,covered,نيست,False,خير,False,خير,False,5,نيست,False,خير,False,نيست,False,875746,70.0,384254,1260000,True,True,4
01008,"PILOCARPINE HYDROCHLORIDE 4% 10 mL SOLUTION, DROPS OPHTHALMIC 10ML DROPS",است,covered,نيست,False,خير,False,خير,False,5,نيست,False,خير,False,نيست,False,1236645,70.0,713355,1950000,True,True,4
01009,PIMOZIDE 4 mg TABLET ORAL 4MG TABLET,است,covered,نيست,False,خير,False,خير,False,200,نيست,False,خير,False,نيست,False,19449,70.0,140551,160000,True,True,4
02081,"PIPERACILLIN (AS SODIUM) / TAZOBACTAM (AS SODIUM) 2 g/0.25 g INJECTION, POWDER, FOR SOLUTION PARENTERAL INJECTION",است,covered,است,True,خير,False,خير,False,20,است,True,بله,True,است,True,389283,70.0,30717,420000,True,True,4
01012,PIPERAZINE 750 mg/5 mL 100 mL SYRUP ORAL SYRUP,است,covered,نيست,False,خير,False,خير,False,3,نيست,False,بله,True,نيست,False,40000,70.0,0,40000,True,True,4
01015,PIRACETAM 33.33% 120 mL LIQUID ORAL 0.333G/ML SOLUTION,است,covered,نيست,False,خير,False,خير,False,3,نيست,False,بله,True,نيست,False,1149773,70.0,550227,1700000,True,True,4
01014,PIRACETAM 800 mg TABLET ORAL 800MG TABLET,است,covered,نيست,False,خير,False,خير,False,200,نيست,False,خير,False,نيست,False,23296,70.0,12704,36000,True,True,4
01016,PIROXICAM 0.5 g/100g 60 g GEL TOPICAL GEL,است,covered,نيست,False,خير,False,خير,False,3,نيست,False,خير,False,نيست,False,847700,70.0,302300,1150000,True,True,4
01017,PIROXICAM 10 mg CAPSULE ORAL 10MG CAPSULE,است,covered,نيست,False,خير,False,خير,False,60,نيست,False,خير,False,نيست,False,21327,70.0,673,22000,True,True,5
02094,PIROXICAM 20 mg SUPPOSITORY RECTAL 20MG SUSPENTION,است,covered,نيست,False,خير,False,خير,False,20,نيست,False,خير,False,نيست,False,52329,70.0,971,53300,True,True,5
01354,PETHIDINE HYDROCHLORIDE 50 mg/1mL 1 mL INJECTION PARENTERAL INJECTION,است,covered,نيست,False,خير,False,خير,False,30,نيست,False,بله,True,نيست,False,676000,70.0,24000,700000,True,True,5
01355,PETHIDINE HYDROCHLORIDE 50 mg/1mL 2 mL INJECTION PARENTERAL 2ML INJECTION,است,covered,نيست,False,خير,False,خير,False,30,نيست,False,بله,True,نيست,False,719000,70.0,31000,750000,True,True,5
00976,PHENAZOPYRIDINE HYDROCHLORIDE 100 mg TABLET ORAL 100MG TABLET,است,covered,نيست,False,خير,False,خير,False,200,نيست,False,بله,True,نيست,False,15800,70.0,28200,44000,True,True,5
00979,PHENOBARBITAL 100 mg TABLET ORAL 100MG TABLET,است,covered,نيست,False,خير,False,خير,False,200,نيست,False,خير,False,نيست,False,25414,70.0,2586,28000,True,True,5
00980,PHENOBARBITAL 15 mg TABLET ORAL 15MG TABLET,است,covered,نيست,False,خير,False,خير,False,200,نيست,False,خير,False,نيست,False,18116,70.0,384,18500,True,True,5
00982,PHENOBARBITAL 60 mg TABLET ORAL 60MG TABLET,است,covered,نيست,False,خير,False,خير,False,200,نيست,False,خير,False,نيست,False,18930,70.0,4070,23000,True,True,5
02291,"PHENOL GLYCERIN 6.4 g/93.6 g 10 mL SOLUTION, DROPS AURICULAR (OTIC) DROPS",است,covered,نيست,False,خير,False,خير,False,5,نيست,False,بله,True,نيست,False,300000,70.0,0,300000,True,True,5
00984,PHENOXYBENZAMINE 10 mg CAPSULE ORAL 10MG CAPSULE,است,covered,نيست,False,خير,False,خير,False,200,نيست,False,بله,True,نيست,False,88000,70.0,161000,249000,True,True,5
00986,PHENTOLAMINE MESYLATE 10 mg/1mL 1 mL INJECTION PARENTERAL 10MG/ML INJECTION,است,covered,است,True,خير,False,خير,False,10,نيست,False,بله,True,نيست,False,540000,70.0,0,540000,True,True,6
00991,"PHENYLEPHRINE HYDROCHLORIDE 5% 10 mL SOLUTION, DROPS OPHTHALMIC 10ML DROPS",است,covered,نيست,False,خير,False,خير,False,5,نيست,False,خير,False,نيست,False,710600,70.0,23400,734000,True,True,6
00988,"PHENYLEPHRINE HYDROCHLORIDE 0.25% 10 mL SOLUTION, DROPS NASAL 10ML DROPS",است,covered,نيست,False,خير,False,خير,False,5,نيست,False,خير,False,نيست,False,271100,70.0,53900,325000,True,True,6
00989,"PHENYLEPHRINE HYDROCHLORIDE 0.5% 10 mL SOLUTION, DROPS NASAL 10ML DROPS",است,covered,نيست,False,خير,False,خير,False,5,نيست,False,خير,False,نيست,False,245300,70.0,54700,300000,True,True,6
01635,PHENYLEPHRINE HYDROCHLORIDE 10 mg/1mL 1 mL INJECTION PARENTERAL 10MG/ML INJECTION,است,covered,نيست,False,خير,False,خير,False,10,نيست,False,بله,True,نيست,False,600000,70.0,0,600000,True,True,6
00992,"PHENYLEPHRINE / ZINC 0.12 %/0.25 % 10 mL SOLUTION, DROPS OPHTHALMIC 10ML DROPS",است,covered,نيست,False,خير,False,خير,False,5,نيست,False,خير,False,نيست,False,434691,70.0,12309,447000,True,True,6
00996,PHENYTOIN / PHENOBARBITAL 100 mg/50 mg TABLET ORAL TABLET,است,covered,نيست,False,خير,False,خير,False,400,نيست,False,خير,False,نيست,False,22000,70.0,10000,32000,True,True,6
00997,PHENYTOIN SODIUM 1% 30 g CREAM TOPICAL CREAM,است,covered,نيست,False,خير,False,خير,False,5,نيست,False,خير,False,نيست,False,701831,70.0,18169,720000,True,True,6
00993,PHENYTOIN SODIUM 100 mg CAPSULE ORAL 100MG CAPSULE,است,covered,نيست,False,خير,False,خير,False,400,نيست,False,خير,False,نيست,False,20912,70.0,9088,30000,True,True,6
00995,PHENYTOIN SODIUM 50 mg/1mL 5 mL INJECTION PARENTERAL 250MG/5ML INJECTION,است,covered,است,True,خير,False,خير,False,10,نيست,False,خير,False,نيست,False,668700,70.0,31300,700000,True,True,6
00963,"PENICILLIN V BENZATHINE 400000 [iU]/5mL 100 mL POWDER, FOR SUSPENSION ORAL SUSPENTION",است,covered,نيست,False,خير,False,خير,False,3,نيست,False,خير,False,نيست,False,62300,70.0,0,62300,True,True,7
00966,PENICILLIN V (AS POTASSIUM) 500 mg TABLET ORAL TABLET,است,covered,نيست,False,خير,False,خير,False,60,نيست,False,خير,False,نيست,False,33750,70.0,9150,42900,True,True,7
02004,SUMATRIPTAN (AS SUCCINATE) 50 mg TABLET ORAL 50MG TABLET,صرفا مشمول يارانه دولت,government_subsidy_only,نيست,False,خير,False,خير,False,20,نيست,False,خير,False,نيست,False,71013,0.0,18987,90000,True,True,7
02083,TACROLIMUS 1 mg CAPSULE ORAL 1MG CAPSULE,است,covered,نيست,False,خير,False,بله,True,طبق پرونده,است,True,بله,True,است,True,308902,100.0,47098,356000,True,True,7
02084,TACROLIMUS 5 mg CAPSULE ORAL 5MG TABLET,است,covered,نيست,False,خير,False,بله,True,طبق پرونده,است,True,بله,True,است,True,20000,90.0,0,20000,True,True,7
02087,"TACROLIMUS 5 mg/1mL INJECTION, SOLUTION, CONCENTRATE PARENTERAL 5MG/ML INFUSION",است,covered,است,True,خير,False,بله,True,طبق پرونده,است,True,بله,True,است,True,3564000,90.0,17436000,21000000,True,True,7
01193,TAMOXIFEN 10 mg TABLET ORAL 10MG TABLET,است,covered,نيست,False,خير,False,خير,False,200,است,True,خير,False,است,True,22844,70.0,42156,65000,True,True,7
02465,TAMOXIFEN 20 mg TABLET ORAL 20MG TABLET,است,covered,نيست,False,خير,False,خير,False,100,است,True,خير,False,است,True,10000,70.0,20000,30000,True,True,7
01923,"TAMSULOSIN HYDROCHLORIDE 0.4 mg CAPSULE, EXTENDED RELEASE ORAL 0.4MG CAPSULE",صرفا مشمول يارانه دولت,government_subsidy_only,نيست,False,خير,False,خير,False,100,نيست,False,خير,False,نيست,False,35807,0.0,10193,46000,True,True,7
01166,"SPECTINOMYCIN 2 g INJECTION, POWDER, FOR SOLUTION PARENTERAL 2G INJECTION",است,covered,نيست,False,خير,False,خير,False,10,نيست,False,بله,True,نيست,False,144750,70.0,580250,725000,True,True,7
01168,SPIRAMYCIN 500 mg TABLET ORAL 500MG TABLET,است,covered,نيست,False,خير,False,خير,False,200,نيست,False,بله,True,نيست,False,25000,70.0,142000,167000,True,True,8
02099,SPIRONOLACTONE 100 mg TABLET ORAL 100MG TABLET,است,covered,نيست,False,خير,False,خير,False,200,نيست,False,خير,False,نيست,False,54039,70.0,28961,83000,True,True,8
01169,SPIRONOLACTONE 25 mg TABLET ORAL 25MG TABLET,است,covered,نيست,False,خير,False,خير,False,200,نيست,False,خير,False,نيست,False,26490,70.0,13510,40000,True,True,8
01172,"STREPTOKINASE 750000 [iU] INJECTION, POWDER, FOR SOLUTION PARENTERAL INJECTION",است,covered,است,True,خير,False,خير,False,5,نيست,False,بله,True,نيست,False,670000,70.0,0,670000,True,True,8
01173,"STREPTOMYCIN (AS SULFATE) 1 g INJECTION, POWDER, FOR SOLUTION PARENTERAL 1G INJECTION",است,covered,نيست,False,خير,False,خير,False,10,نيست,False,بله,True,نيست,False,95200,70.0,423800,519000,True,True,8
01174,"STREPTOZOCIN 1 g INJECTION, POWDER, FOR SOLUTION PARENTERAL 1G INJECTION",است,covered,نيست,False,خير,False,بله,True,طبق پرونده,نيست,False,بله,True,است,True,26000000,70.0,0,26000000,True,True,8
02400,SUCCIMER 100 mg CAPSULE ORAL 100MG CAPSULE,است,covered,است,True,خير,False,بله,True,طبق پرونده,نيست,False,بله,True,است,True,268000,70.0,0,268000,True,True,8
02401,SUCCINYLCHOLINE CHLORIDE 20 mg/1mL INJECTION PARENTERAL 20MG/ML INJECTION,است,covered,است,True,خير,False,خير,False,10,نيست,False,بله,True,نيست,False,45600,70.0,0,45600,True,True,8
01179,SUCRALFATE 500 mg TABLET ORAL 500MG TABLET,است,covered,نيست,False,خير,False,خير,False,300,نيست,False,خير,False,نيست,False,22750,70.0,4250,27000,True,True,8
01366,SUFENTANIL (AS CITRATE) 5 ug/1mL 10 mL INJECTION PARENTERAL 50MCG/10ML INJECTION,است,covered,است,True,خير,False,خير,False,10,نيست,False,بله,True,نيست,False,850000,70.0,0,850000,True,True,8
01180,"SULFACETAMIDE SODIUM 10% 10 mL SOLUTION, DROPS OPHTHALMIC 10ML DROPS",است,covered,نيست,False,خير,False,خير,False,5,نيست,False,خير,False,نيست,False,583060,70.0,16940,600000,True,True,9
01181,"SULFACETAMIDE SODIUM 20% 10 mL SOLUTION, DROPS OPHTHALMIC 10ML DROPS",است,covered,نيست,False,خير,False,خير,False,5,نيست,False,خير,False,نيست,False,626053,70.0,23947,650000,True,True,9
01182,SULFASALAZINE 500 mg TABLET ORAL 500MG TABLET,است,covered,نيست,False,خير,False,خير,False,400,است,True,خير,False,نيست,False,26650,70.0,73350,100000,True,True,9
01154,FLUORIDE SODIUM 20 mg TABLET ORAL 20MG TABLET,است,covered,نيست,False,خير,False,خير,False,200,نيست,False,خير,False,نيست,False,14500,70.0,0,14500,True,True,9
01679,SODIUM NITRITE 30 mg/1mL INJECTION PARENTERAL 30MG/ML INJECTION,است,covered,است,True,خير,False,خير,False,10,نيست,False,بله,True,نيست,False,7600000,70.0,0,7600000,True,True,9
01156,"SODIUM POLYSTYRENE SULFONATE 454 g POWDER, FOR SUSPENSION ORAL SUSPENTION",است,covered,نيست,False,خير,False,خير,False,2,نيست,False,بله,True,است,True,5782001,70.0,979999,6762000,True,True,9
01136,SODIUM TETRADECYL SULFATE 1% 2 mL INJECTION PARENTERAL 2ML INJECTION,است,covered,نيست,False,خير,False,خير,False,10,نيست,False,بله,True,است,True,3086000,70.0,1634000,4720000,True,True,9
01137,SODIUM TETRADECYL SULFATE 3% 2 mL INJECTION PARENTERAL 2ML INJECTION,است,covered,نيست,False,خير,False,خير,False,10,نيست,False,بله,True,است,True,131000,70.0,700000,831000,True,True,9
01158,SODIUM THIOSULFATE (HYPOSULFITE) 2.5/10ML AMP 10ML INJECTION,است,covered,است,True,خير,False,بله,True,طبق پرونده,نيست,False,خير,False,است,True,20300000,70.0,20000000,40300000,True,True,9
01160,"SOMATOSTATIN 0.25 mg INJECTION, POWDER, FOR SOLUTION PARENTERAL 0.25MG/2ML INJECTION",است,covered,نيست,False,خير,False,خير,False,10,نيست,False,بله,True,نيست,False,646000,70.0,0,646000,True,True,9
01161,"SOMATROPIN 4 [iU] INJECTION, POWDER, FOR SOLUTION PARENTERAL 4U INJECTION",است,covered,نيست,False,خير,False,بله,True,طبق پرونده,نيست,False,بله,True,است,True,2359930,70.0,840070,3200000,True,True,10
01162,SORBITOL 5 g POWDER ORAL 5G POWDER,است,covered,نيست,False,خير,False,خير,False,40,نيست,False,خير,False,نيست,False,50841,70.0,4159,55000,True,True,10
01163,SOTALOL HYDROCHLORIDE 40 mg TABLET ORAL 40MG TABLET,است,covered,نيست,False,خير,False,خير,False,200,نيست,False,خير,False,نيست,False,900,70.0,0,900,True,True,10
01164,SOTALOL HYDROCHLORIDE 80 mg TABLET ORAL 80MG TABLET,است,covered,نيست,False,خير,False,خير,False,200,نيست,False,خير,False,نيست,False,19423,70.0,49577,69000,True,True,10
01303,"VITAMIN D3 50000 [iU] CAPSULE, LIQUID FILLED ORAL PEARL",است,covered,نيست,False,خير,False,خير,False,20,نيست,False,خير,False,نيست,False,19180,70.0,27820,47000,True,True,10
01003,VITAMIN K1 (PHYTOMENADIONE) 10 mg/1mL 1 mL INJECTION PARENTERAL 10MG/ML INJECTION,است,covered,نيست,False,خير,False,خير,False,10,نيست,False,بله,True,نيست,False,740050,70.0,9950,750000,True,True,10
01004,VITAMIN K1 (PHYTOMENADIONE) 2 mg/1mL 0.5 mL INJECTION PARENTERAL 1MG/0.5ML INJECTION,است,covered,نيست,False,خير,False,خير,False,10,نيست,False,بله,True,نيست,False,695222,70.0,4778,700000,True,True,10
01005,VITAMIN K1 (PHYTOMENADIONE) 10 mg TABLET ORAL 10MG TABLET,است,covered,نيست,False,خير,False,خير,False,200,نيست,False,خير,False,نيست,False,13105,70.0,1895,15000,True,True,10
01309,WARFARIN SODIUM 5 mg TABLET ORAL 5MG TABLET,است,covered,نيست,False,خير,False,خير,False,60,نيست,False,بله,True,نيست,False,127770,70.0,8230,136000,True,True,10
01311,WATER 5 mL INJECTION PARENTERAL 5ML INJECTION,است,covered,نيست,False,خير,False,خير,False,200,نيست,False,خير,False,نيست,False,150000,100.0,0,150000,True,True,10
01290,VITAMIN A+D ORAL DROP DROPS,است,covered,نيست,False,خير,False,خير,False,5,نيست,False,خير,False,نيست,False,37500,70.0,0,37500,True,True,11
01292,VITAMIN B1 (THIAMINE) 100 mg TABLET ORAL 100MG TABLET,است,covered,نيست,False,خير,False,خير,False,200,نيست,False,خير,False,نيست,False,25480,70.0,5520,31000,True,True,11
01293,VITAMIN B1 (THIAMINE) 300 mg TABLET ORAL 300MG TABLET,است,covered,نيست,False,خير,False,خير,False,60,نيست,False,خير,False,نيست,False,47400,70.0,7600,55000,True,True,11
01295,VITAMIN B6 50 mg/1mL 2 mL INJECTION PARENTERAL INJECTION,است,covered,نيست,False,خير,False,خير,False,10,نيست,False,خير,False,نيست,False,275800,70.0,24200,300000,True,True,11
01297,VITAMIN B6 (PYRIDOXINE HCL) 40MG TAB 40MG TABLET,است,covered,نيست,False,خير,False,خير,False,200,نيست,False,خير,False,نيست,False,320,70.0,0,320,True,True,11
01209,"THEOPHYLLINE 200 mg TABLET, EXTENDED RELEASE ORAL 200MG TABLET",است,covered,نيست,False,خير,False,خير,False,200,نيست,False,خير,False,نيست,False,25327,70.0,1673,27000,True,True,11
01736,URSODEOXYCHOLIC ACID 250 mg CAPSULE ORAL 250MG CAPSULE,است,covered,نيست,False,خير,False,خير,False,300,است,True,بله,True,است,True,12834,70.0,34166,47000,True,True,11
01273,URSODEOXYCHOLIC ACID 250 mg TABLET ORAL 250MG TABLET,است,covered,نيست,False,خير,False,خير,False,200,نيست,False,بله,True,است,True,6500,70.0,0,6500,True,True,11
02497,URSODEOXYCHOLIC ACID 300 mg CAPSULE ORAL 300MG CAPSULE,است,covered,نيست,False,خير,False,خير,False,300,نيست,False,بله,True,است,True,64892,70.0,85108,150000,True,True,11
01275,"VALPROATE SODIUM 200 mg TABLET, DELAYED RELEASE ORAL 200MG TABLET",است,covered,نيست,False,خير,False,خير,False,400,است,True,خير,False,است,True,43785,70.0,11215,55000,True,True,11
01871,VALPROATE SODIUM SR 500MG TAB 500MG TABLET,است,covered,نيست,False,خير,False,خير,False,200,نيست,False,خير,False,است,True,66960,70.0,23040,90000,True,True,12
01702,"VANCOMYCIN (AS HYDROCHLORIDE) 250 mg CAPSULE, LIQUID FILLED ORAL 250MG CAPSULE",است,covered,است,True,خير,False,خير,False,50,است,True,خير,False,است,True,0,70.0,0,0,True,True,12
01276,"VANCOMYCIN (AS HYDROCHLORIDE) 500 mg INJECTION, POWDER, FOR SOLUTION PARENTERAL 500MG INJECTION",است,covered,است,True,خير,False,خير,False,30,است,True,بله,True,است,True,500768,70.0,1299232,1800000,True,True,12
01148,"SODIUM CHLORIDE 5% 50 mL INJECTION, SOLUTION INTRAVENOUS 50ML INJECTION",است,covered,نيست,False,خير,False,خير,False,10,نيست,False,خير,False,نيست,False,942201,70.0,507799,1450000,True,True,12
01110,SODIUM CHLORIDE 5% 5 g OINTMENT OPHTHALMIC OINTMENT,است,covered,نيست,False,خير,False,خير,False,3,نيست,False,خير,False,نيست,False,392020,70.0,7980,400000,True,True,12
01252,TRIAMTERENE / HYDROCHLOROTHIAZIDE 50 mg/25 mg TABLET ORAL TABLET,است,covered,نيست,False,خير,False,خير,False,200,است,True,خير,False,است,True,20100,70.0,2900,23000,True,True,12
60810,TRICHLORO ACETIC ACID BULK,است,covered,نيست,False,خير,False,خير,False,5000,نيست,False,خير,False,نيست,False,0,70.0,0,0,True,True,12
01253,TRIFLUOPERAZINE 1 mg TABLET ORAL 1MG TABLET,است,covered,نيست,False,خير,False,خير,False,200,نيست,False,خير,False,نيست,False,22170,70.0,830,23000,True,True,12
01254,TRIFLUOPERAZINE 1 mg/1mL INJECTION INTRAMUSCULAR 1MG/ML INJECTION,است,covered,نيست,False,خير,False,خير,False,10,نيست,False,خير,False,نيست,False,643160,70.0,6840,650000,True,True,12
01255,TRIFLUOPERAZINE 2 mg TABLET ORAL 2MG TABLET,است,covered,نيست,False,خير,False,خير,False,200,نيست,False,خير,False,نيست,False,23460,70.0,1540,25000,True,True,12
01256,TRIFLUOPERAZINE 5 mg TABLET ORAL 5MG TABLET,است,covered,نيست,False,خير,False,خير,False,200,نيست,False,خير,False,نيست,False,26200,70.0,3800,30000,True,True,13
01257,"TRIFLURIDINE 1% 5 mL SOLUTION, DROPS OPHTHALMIC 5ML DROPS",است,covered,نيست,False,خير,False,خير,False,5,نيست,False,بله,True,است,True,1511555,70.0,1347445,2859000,True,True,13
01258,TRIHEXYPHENIDYL HYDROCHLORIDE 2 mg TABLET ORAL 2MG TABLET,است,covered,نيست,False,خير,False,خير,False,200,نيست,False,خير,False,نيست,False,19525,70.0,475,20000,True,True,13
01698,TRIHEXYPHENIDYL HYDROCHLORIDE 5 mg TABLET ORAL 5MG TABLET,است,covered,نيست,False,خير,False,خير,False,200,نيست,False,خير,False,نيست,False,14847,70.0,653,15500,True,True,13
01259,TRIMIPRAMINE (AS MALEATE) 100 mg TABLET ORAL 100MG TABLET,است,covered,نيست,False,خير,False,خير,False,200,نيست,False,خير,False,نيست,False,20760,70.0,48240,69000,True,True,13
01260,TRIMIPRAMINE (AS MALEATE) 25 mg TABLET ORAL 25MG TABLET,است,covered,نيست,False,خير,False,خير,False,200,نيست,False,خير,False,نيست,False,20500,70.0,6500,27000,True,True,13
01261,"TRIMIPRAMINE (AS MALEATE) 4% 30 mL SOLUTION, DROPS ORAL DROPS",است,covered,نيست,False,خير,False,خير,False,5,نيست,False,بله,True,نيست,False,473600,70.0,29400,503000,True,True,13
01264,TRIPLE SULFA 3.42 %/2.86 %/3.7 % 78 g CREAM VAGINAL CREAM,است,covered,نيست,False,خير,False,خير,False,5,نيست,False,خير,False,نيست,False,1567254,70.0,982746,2550000,True,True,13
01265,TRIPLE SULFA 172.5 mg/143.75 mg/184 mg TABLET VAGINAL TABLET,است,covered,نيست,False,خير,False,خير,False,200,نيست,False,خير,False,نيست,False,3600,70.0,10211,13811,True,True,13
01266,"TRIPTORELIN (AS ACETATE) 3.75 mg INJECTION, POWDER, LYOPHILIZED, FOR SUSPENSION, EXTENDED RELEASE PARENTERAL 3.75MG INJECTION",است,covered,نيست,False,خير,False,خير,False,3,است,True,بله,True,است,True,16000000,90.0,3000000,19000000,True,True,13
01742,"TROPICAMIDE 1% 10 mL SOLUTION, DROPS OPHTHALMIC 10ML DROPS",است,covered,نيست,False,خير,False,خير,False,5,نيست,False,خير,False,نيست,False,391812,70.0,170688,562500,True,True,14
01238,TRANEXAMIC ACID 100 mg/1mL 5 mL INJECTION PARENTERAL 100MG/ML INJECTION,است,covered,نيست,False,خير,False,خير,False,10,نيست,False,بله,True,نيست,False,625199,70.0,24801,650000,True,True,14
01239,TRANEXAMIC ACID 250 mg CAPSULE ORAL CAPSULE,است,covered,نيست,False,خير,False,خير,False,200,است,True,خير,False,نيست,False,31729,70.0,58271,90000,True,True,14
01241,TRANYLCYPROMINE 10 mg TABLET ORAL 10MG TABLET,است,covered,نيست,False,خير,False,خير,False,200,نيست,False,بله,True,نيست,False,27990,70.0,90010,118000,True,True,14
02481,"TRASTUZUMAB 440 mg INJECTION, POWDER, LYOPHILIZED, FOR SOLUTION PARENTERAL INJECTION",است,covered,نيست,False,خير,False,بله,True,طبق پرونده,است,True,بله,True,است,True,156929261,90.0,18070739,175000000,True,True,14
01242,TRAZODONE HYDROCHLORIDE 50 mg TABLET ORAL 50MG TABLET,است,covered,نيست,False,خير,False,خير,False,200,نيست,False,خير,False,نيست,False,18810,70.0,3190,22000,True,True,14
01244,TRETINOIN 0.025% 15 g GEL TOPICAL GEL,است,covered,نيست,False,خير,False,خير,False,3,نيست,False,خير,False,نيست,False,718065,70.0,31935,750000,True,True,14
01245,TRETINOIN 0.05% 15 g CREAM TOPICAL CREAM,است,covered,نيست,False,خير,False,خير,False,5,نيست,False,خير,False,نيست,False,670911,70.0,29089,700000,True,True,14
01696,TRETINOIN 0.05% 15 g GEL TOPICAL GEL,است,covered,نيست,False,خير,False,خير,False,3,نيست,False,خير,False,نيست,False,352560,70.0,27440,380000,True,True,14
01246,TRETINOIN 0.05% 15 mL LOTION TOPICAL SOLUTION,است,covered,نيست,False,خير,False,خير,False,2,نيست,False,خير,False,نيست,False,4500,70.0,0,4500,True,True,14
03431,TRETINOIN 10 mg CAPSULE ORAL 10MG CAPSULE,است,covered,نيست,False,خير,False,بله,True,طبق پرونده,نيست,False,بله,True,است,True,633000,70.0,5346000,5979000,True,True,15
01248,TRIAMCINOLONE ACETONIDE 0.1% 15 g CREAM TOPICAL CREAM,است,covered,نيست,False,خير,False,خير,False,5,است,True,خير,False,نيست,False,687000,70.0,163000,850000,True,True,15
01249,TRIAMCINOLONE ACETONIDE 0.1% 15 g OINTMENT TOPICAL OINTMENT,است,covered,نيست,False,خير,False,خير,False,3,است,True,خير,False,نيست,False,687000,70.0,63000,750000,True,True,15
01247,TRIAMCINOLONE ACETONIDE 40 mg/1mL 1 mL INJECTION PARENTERAL INJECTION,است,covered,نيست,False,خير,False,خير,False,10,است,True,خير,False,نيست,False,513477,70.0,36523,550000,True,True,15
01251,TRIAMCINOLONE NN 1 mg/2.5 mg/100000 [iU]/1g 15 g OINTMENT TOPICAL OINTMENT,است,covered,نيست,False,خير,False,خير,False,3,است,True,خير,False,نيست,False,653160,70.0,316840,970000,True,True,15
02396,PACLITAXEL 6 mg/1mL 16.7 mL INJECTION PARENTERAL INJECTION,است,covered,نيست,False,خير,False,بله,True,طبق پرونده,است,True,بله,True,است,True,7853556,90.0,6146444,14000000,True,True,15
01898,PAMIDRONATE DISODIUM 3 mg/1mL 10 mL INJECTION PARENTERAL 30MG INJECTION,صرفا مشمول صندوق صعب العلاج,صرفا مشمول صندوق صعب العلاج,نيست,False,خير,False,بله,True,طبق پرونده,است,True,بله,True,است,True,1,0.0,1,2,True,True,15
01899,"PAMIDRONATE DISODIUM 9 mg/1mL 10 mL INJECTION, SOLUTION, CONCENTRATE PARENTERAL 90MG INJECTION",است,covered,نيست,False,خير,False,خير,False,3,است,True,بله,True,است,True,927906,90.0,1387494,2315400,True,True,15
00944,"PANCREATIN 8000 [iU] TABLET, DELAYED RELEASE ORAL TABLET",است,covered,نيست,False,خير,False,خير,False,200,نيست,False,خير,False,نيست,False,21560,70.0,53440,75000,True,True,15
00946,PANCURONIUM BROMIDE 2 mg/1mL 2 mL INJECTION PARENTERAL 4MG/2ML INJECTION,است,covered,است,True,خير,False,خير,False,10,نيست,False,خير,False,نيست,False,360000,70.0,890000,1250000,True,True,15
02332,"PANTOPRAZOLE (AS SODIUM SESQUIHYDRATE) 20 mg TABLET, DELAYED RELEASE ORAL 20MG TABLET",است,covered,نيست,False,خير,False,خير,False,100,نيست,False,خير,False,نيست,False,35000,0.0,0,35000,True,True,16
02336,"PANTOPRAZOLE (AS SODIUM) 40 mg INJECTION, POWDER, LYOPHILIZED, FOR SOLUTION PARENTERAL 40MG INJECTION",است,covered,است,True,خير,False,خير,False,10,نيست,False,بله,True,نيست,False,571000,70.0,179000,750000,True,True,16
00948,PAPAVERINE HYDROCHLORIDE 40 mg/1mL 1 mL INJECTION PARENTERAL 40MG/ML INJECTION,است,covered,است,True,خير,False,خير,False,10,نيست,False,بله,True,نيست,False,257100,70.0,1392900,1650000,True,True,16
01088,QUINIDINE SULFATE 200 mg TABLET ORAL 200MG TABLET,است,covered,نيست,False,خير,False,خير,False,200,نيست,False,بله,True,نيست,False,10000,70.0,180000,190000,True,True,16
01091,QUININE 250MG/ML AMP 250MG/ML INJECTION,است,covered,نيست,False,خير,False,خير,False,10,نيست,False,بله,True,نيست,False,0,70.0,0,0,True,True,16
01092,RABIES IMMUNE GLOBULIN (HUMAN) 150 [iU]/1mL 2 mL INJECTION PARENTERAL INJECTION,است,covered,نيست,False,خير,False,خير,False,1,نيست,False,بله,True,است,True,2300000,70.0,0,2300000,True,True,16
01653,"PROPOFOL 10 mg/1mL 20 mL INJECTION, EMULSION PARENTERAL 200MG/20ML INJECTION",است,covered,است,True,خير,False,خير,False,1,نيست,False,بله,True,نيست,False,2730000,70.0,1000000,3730000,True,True,16
01951,"PROPOFOL 10 mg/1mL 50 mL INJECTION, EMULSION PARENTERAL INJECTION",است,covered,است,True,خير,False,خير,False,1,نيست,False,بله,True,نيست,False,5380000,70.0,5000000,10380000,True,True,16
01067,PROPRANOLOL HYDROCHLORIDE 10 mg TABLET ORAL TABLET,است,covered,نيست,False,خير,False,خير,False,400,نيست,False,خير,False,نيست,False,10639,70.0,9361,20000,True,True,16
01949,PROPRANOLOL HYDROCHLORIDE 1 mg/1mL 1 mL INJECTION PARENTERAL 1MG/ML INJECTION,است,covered,است,True,خير,False,خير,False,10,نيست,False,خير,False,نيست,False,513850,70.0,6150,520000,True,True,16
01068,PROPRANOLOL HYDROCHLORIDE 40 mg TABLET ORAL TABLET,است,covered,نيست,False,خير,False,خير,False,200,نيست,False,خير,False,نيست,False,22890,70.0,1110,24000,True,True,17
01072,PROPYLTHIOURACIL 50 mg TABLET ORAL 50MG TABLET,است,covered,نيست,False,خير,False,خير,False,200,نيست,False,خير,False,نيست,False,18210,70.0,6790,25000,True,True,17
00042,PROSTAGLANDIN E1 (ALPROSTADIL) 0.5 mg/1mL 1 mL INJECTION PARENTERAL INJECTION,است,covered,نيست,False,خير,False,خير,False,10,نيست,False,بله,True,است,True,6715000,70.0,20715000,27430000,True,True,17
00451,PROSTAGLANDIN E2 3 mg TABLET VAGINAL 3MG TABLET,است,covered,نيست,False,خير,False,خير,False,5,نيست,False,بله,True,است,True,490000,70.0,0,490000,True,True,17
00452,PROSTAGLANDIN E2 10 mg/1mL 0.5 mL INJECTION PARENTERAL 5MG/0.5ML INJECTION,است,covered,نيست,False,خير,False,خير,False,10,نيست,False,بله,True,است,True,1100000,70.0,0,1100000,True,True,17
01655,PROTAMINE SULFATE 10 mg/1mL 5 mL INJECTION PARENTERAL 5ML INJECTION,است,covered,است,True,خير,False,خير,False,10,نيست,False,بله,True,نيست,False,621956,70.0,28044,650000,True,True,17
01049,PRILOCAINE / FELYPRESSIN 30 mg/0.54 ug/1mL 1.8 mL INJECTION PARENTERAL CARTRIGE,صرفا مشمول يارانه دولت,government_subsidy_only,نيست,False,خير,False,خير,False,5,نيست,False,خير,False,نيست,False,363350,0.0,36650,400000,True,True,17
01050,PRIMAQUINE (AS PHOSPHATE) 15 mg TABLET ORAL 15MG TABLET,است,covered,نيست,False,خير,False,خير,False,200,نيست,False,بله,True,نيست,False,14500,70.0,0,14500,True,True,17
01650,PRIMIDONE 125 mg/5mL 250 mL SUSPENSION ORAL 250ML SUSPENTION,است,covered,نيست,False,خير,False,خير,False,3,است,True,بله,True,است,True,3500000,90.0,2000000,5500000,True,True,17
01051,PRIMIDONE 250 mg TABLET ORAL 250MG TABLET,است,covered,نيست,False,خير,False,خير,False,300,نيست,False,بله,True,است,True,58200,70.0,9900,68100,True,True,17
01054,PROCAINAMIDE HYDROCHLORIDE 100 mg/1mL 10 mL INJECTION PARENTERAL 100MG/ML INJECTION,است,covered,است,True,خير,False,خير,False,10,نيست,False,بله,True,است,True,885220,70.0,2937780,3823000,True,True,18
01055,PROCARBAZINE (AS HYDROCHLORIDE) 50 mg CAPSULE ORAL 50MG CAPSULE,است,covered,نيست,False,خير,False,بله,True,طبق پرونده,است,True,بله,True,است,True,148970,90.0,23030,172000,True,True,18
02534,PROGESTERONE 200 mg SUPPOSITORY VAGINAL 200MG PESSARY,است,covered,نيست,False,خير,False,خير,False,30,نيست,False,خير,False,نيست,False,137824,90.0,92176,230000,True,True,18
01057,PROGESTERONE 25 mg/1mL 1 mL INJECTION PARENTERAL 25MG/ML INJECTION,است,covered,نيست,False,خير,False,خير,False,20,نيست,False,خير,False,نيست,False,292167,90.0,7833,300000,True,True,18
02082,PROGESTERONE 400 mg SUPPOSITORY VAGINAL 400MG SUPPOSITORY,است,covered,نيست,False,خير,False,خير,False,20,نيست,False,خير,False,نيست,False,263671,90.0,286329,550000,True,True,18
01058,PROGESTERONE 50 mg/1mL 1 mL INJECTION PARENTERAL 50MG/ML INJECTION,است,covered,نيست,False,خير,False,خير,False,20,نيست,False,خير,False,نيست,False,591434,90.0,8566,600000,True,True,18
01060,PROMETHAZINE 5 mg/5mL 60 mL SYRUP ORAL SYRUP,است,covered,نيست,False,خير,False,خير,False,3,نيست,False,خير,False,نيست,False,484521,70.0,15479,500000,True,True,18
01061,PROMETHAZINE 25MG/ML 2ML AMP 25MG/ML INJECTION,است,covered,نيست,False,خير,False,خير,False,10,نيست,False,خير,False,نيست,False,42800,70.0,0,42800,True,True,18
01062,PROMETHAZINE HYDROCHLORIDE 25 mg TABLET ORAL 25MG TABLET,است,covered,نيست,False,خير,False,خير,False,60,نيست,False,خير,False,نيست,False,14500,70.0,0,14500,True,True,18
01777,PROPAFENONE HYDROCHLORIDE 150 mg TABLET ORAL 150MG TABLET,است,covered,نيست,False,خير,False,خير,False,200,نيست,False,بله,True,نيست,False,7470,70.0,0,7470,True,True,18
01778,PROPAFENONE HYDROCHLORIDE 300 mg TABLET ORAL 300MG TABLET,است,covered,نيست,False,خير,False,خير,False,200,نيست,False,بله,True,نيست,False,13350,70.0,0,13350,True,True,19
01034,POVIDONE IODINE 10% 1000 mL SOLUTION TOPICAL 1000ML SOLUTION,است,covered,است,True,خير,False,خير,False,2,نيست,False,خير,False,نيست,False,1932100,70.0,1466000,3398100,True,True,19
01035,POVIDONE IODINE 10% 250 mL SOLUTION TOPICAL 250ML SOLUTION,است,covered,است,True,خير,False,خير,False,2,نيست,False,خير,False,نيست,False,504500,70.0,441100,945600,True,True,19
01843,POVIDONE IODINE 10% 250 mL DOUCHE VAGINAL 250ML DOUCH VAGINAL,است,covered,نيست,False,خير,False,خير,False,3,نيست,False,بله,True,نيست,False,709000,70.0,276000,985000,True,True,19
01031,POVIDONE IODINE 10% 3800 mL SOLUTION TOPICAL SOLUTION,است,covered,است,True,خير,False,خير,False,2,نيست,False,خير,False,نيست,False,6713700,70.0,5179500,11893200,True,True,19
01040,POVIDONE IODINE 10% 60 mL SOLUTION TOPICAL SOLUTION,است,covered,است,True,خير,False,خير,False,2,نيست,False,خير,False,نيست,False,161300,70.0,153100,314400,True,True,19
01038,POVIDONE IODINE 10% 80 g GEL VAGINAL GEL,است,covered,نيست,False,خير,False,خير,False,3,نيست,False,خير,False,نيست,False,384800,70.0,165200,550000,True,True,19
01041,PRAZIQUANTEL 600 mg TABLET ORAL 600MG TABLET,است,covered,نيست,False,خير,False,خير,False,200,نيست,False,بله,True,نيست,False,59000,70.0,0,59000,True,True,19
01042,PRAZOSIN 1 mg TABLET ORAL 1MG TABLET,است,covered,نيست,False,خير,False,خير,False,200,است,True,خير,False,است,True,19252,70.0,748,20000,True,True,19
01043,PRAZOSIN 5 mg TABLET ORAL 5MG TABLET,است,covered,نيست,False,خير,False,خير,False,200,است,True,خير,False,است,True,14160,70.0,21840,36000,True,True,19
01045,PREDNISOLONE 5 mg TABLET ORAL 5MG TABLET,است,covered,نيست,False,خير,False,خير,False,200,نيست,False,خير,False,نيست,False,16803,70.0,3197,20000,True,True,20
01046,"PREDNISOLONE ACETATE 1% 10 mL SUSPENSION, DROPS OPHTHALMIC DROPS",است,covered,نيست,False,خير,False,خير,False,5,نيست,False,خير,False,نيست,False,497133,70.0,387867,885000,True,True,20
01044,PREDNISOLONE 50 mg TABLET ORAL 50MG TABLET,است,covered,نيست,False,خير,False,خير,False,200,نيست,False,خير,False,نيست,False,36049,70.0,73951,110000,True,True,20
01018,PIROXICAM 20 mg/1mL INJECTION PARENTERAL 20MG/ML INJECTION,است,covered,نيست,False,خير,False,خير,False,10,نيست,False,خير,False,نيست,False,353500,70.0,156500,510000,True,True,20
00954,PAROMOMYCIN 250 mg CAPSULE ORAL 250MG CAPSULE,است,covered,نيست,False,خير,False,خير,False,200,نيست,False,بله,True,نيست,False,40000,70.0,0,40000,True,True,20
00955,PATENT BLUE V 25 mg/1mL 2 mL INJECTION PARENTERAL INJECTION,است,covered,نيست,False,خير,False,خير,False,10,نيست,False,بله,True,است,True,3570000,70.0,0,3570000,True,True,20
00956,PEDIATRIC GRIPPE 0.67 mg/10 mg/5mL 60 mL SYRUP ORAL SYRUP,است,covered,نيست,False,خير,False,خير,False,3,نيست,False,خير,False,نيست,False,459900,70.0,40100,500000,True,True,20
01714,PENICILLAMINE 250 mg CAPSULE ORAL 250MG CAPSULE,است,covered,نيست,False,خير,False,خير,False,300,نيست,False,بله,True,نيست,False,36350,70.0,103750,140100,True,True,20
02708,TRAMADOL HYDROCHLORIDE 50 mg/1mL 1 mL INJECTION PARENTERAL 50MG/ML INJECTION,است,covered,است,True,خير,False,خير,False,10,نيست,False,بله,True,نيست,False,645181,70.0,4819,650000,True,True,20
02092,ONDANSETRON 2 mg/1 mL 4 mL INJECTION PARENTERAL INJECTION,است,covered,نيست,False,خير,False,خير,False,10,نيست,False,خير,False,نيست,False,489300,70.0,20700,510000,True,True,20
02093,ONDANSETRON 4 mg TABLET ORAL 4MG TABLET,است,covered,نيست,False,خير,False,خير,False,100,نيست,False,خير,False,نيست,False,17250,70.0,4750,22000,True,True,21
02394,ONDANSETRON 4 mg/5mL 60 mL SOLUTION ORAL 4MG/5ML SYRUP,است,covered,نيست,False,خير,False,خير,False,2,نيست,False,خير,False,نيست,False,511300,70.0,188700,700000,True,True,21
00933,ORS 27G SACHET SACHET,است,covered,نيست,False,خير,False,خير,False,30,نيست,False,خير,False,نيست,False,10000,70.0,2726,12726,True,True,21
01916,"OXALIPLATIN 100 mg INJECTION, POWDER, LYOPHILIZED, FOR SOLUTION PARENTERAL INJECTION",است,covered,نيست,False,خير,False,بله,True,طبق پرونده,است,True,بله,True,است,True,8619622,90.0,11380378,20000000,True,True,21
01915,"OXALIPLATIN 50 mg INJECTION, POWDER, LYOPHILIZED, FOR SOLUTION PARENTERAL INJECTION",است,covered,نيست,False,خير,False,بله,True,طبق پرونده,است,True,بله,True,است,True,5908111,90.0,5091889,11000000,True,True,21
01878,OXANDROLONE 2.5 mg TABLET ORAL 2.5MG TABLET,است,covered,نيست,False,خير,False,خير,False,200,نيست,False,خير,False,نيست,False,86200,70.0,123800,210000,True,True,21
00934,OXAZEPAM 10 mg TABLET ORAL 10MG TABLET,است,covered,نيست,False,خير,False,خير,False,200,نيست,False,خير,False,نيست,False,21022,70.0,978,22000,True,True,21
02280,OXCARBAZEPINE 150 mg TABLET ORAL 150MG TABLET,است,covered,نيست,False,خير,False,خير,False,200,نيست,False,خير,False,نيست,False,22000,70.0,38000,60000,True,True,21
02447,OXCARBAZEPINE 300 mg TABLET ORAL 300MG TABLET,است,covered,نيست,False,خير,False,خير,False,200,نيست,False,خير,False,نيست,False,20000,70.0,100000,120000,True,True,21
02448,OXCARBAZEPINE 600 mg TABLET ORAL 600MG TABLET,است,covered,نيست,False,خير,False,خير,False,200,نيست,False,خير,False,نيست,False,6000,70.0,0,6000,True,True,21
00935,OXYBUTYNIN HYDROCHLORIDE 5 mg TABLET ORAL 5MG TABLET,است,covered,نيست,False,خير,False,خير,False,200,نيست,False,خير,False,نيست,False,27858,70.0,1142,29000,True,True,22
00936,OXYMETHOLONE 50 mg TABLET ORAL 50MG TABLET,است,covered,نيست,False,خير,False,خير,False,200,نيست,False,خير,False,نيست,False,68555,70.0,47445,116000,True,True,22
00939,OXYTOCIN 10 U/1mL INJECTION PARENTERAL 10U/ML INJECTION,است,covered,نيست,False,خير,False,خير,False,10,نيست,False,خير,False,نيست,False,622700,70.0,27300,650000,True,True,22
01026,POTASSIUM AMINOBENZOIC ACID (POTABA) 500 mg TABLET ORAL 500MG TABLET,است,covered,نيست,False,خير,False,خير,False,200,نيست,False,خير,False,نيست,False,30400,70.0,7100,37500,True,True,22
02395,PACLITAXEL 6 mg/1mL 25 mL INJECTION PARENTERAL INJECTION,است,covered,نيست,False,خير,False,بله,True,طبق پرونده,است,True,بله,True,است,True,7894220,90.0,10605780,18500000,True,True,22
01934,SODIUM BENZOATE 2MG/10ML AMP 1MG/5ML INJECTION,است,covered,نيست,False,خير,False,خير,False,10,نيست,False,بله,True,است,True,391000,95.0,1443000,1834000,True,True,22
02248,SODIUM BENZOATE 500 mg TABLET ORAL 50MG TABLET,است,covered,نيست,False,خير,False,خير,False,700,است,True,بله,True,است,True,10000,70.0,40000,50000,True,True,22
01149,"SODIUM CHLORIDE 0.45% 1000 mL INJECTION, SOLUTION PARENTERAL INFUSION",است,covered,نيست,False,خير,False,خير,False,10,نيست,False,بله,True,نيست,False,1150000,70.0,0,1150000,True,True,22
02186,"SODIUM CHLORIDE 0.45% 500 mL INJECTION, SOLUTION PARENTERAL 500ML INFUSION",است,covered,نيست,False,خير,False,خير,False,10,نيست,False,بله,True,نيست,False,1100000,70.0,0,1100000,True,True,22
01146,"SODIUM CHLORIDE 0.65% 20 mL SOLUTION, DROPS NASAL 20ML DROPS",است,covered,نيست,False,خير,False,خير,False,5,نيست,False,خير,False,نيست,False,285600,70.0,51900,337500,True,True,22
01142,SODIUM CHLORIDE 0.9% 1000 mL SOLUTION IRRIGATION 1000ML BULK,است,covered,نيست,False,خير,False,خير,False,20,نيست,False,بله,True,نيست,False,299400,70.0,53300,352700,True,True,23
01141,"SODIUM CHLORIDE 0.9% 1000 mL INJECTION, SOLUTION PARENTERAL 1000ML INFUSION",است,covered,نيست,False,خير,False,خير,False,10,است,True,بله,True,نيست,False,846700,70.0,53300,900000,True,True,23
01143,SODIUM CHLORIDE 0.9% 3 L SOLUTION IRRIGATION 3000ML BULK,است,covered,نيست,False,خير,False,خير,False,30,نيست,False,بله,True,نيست,False,952640,70.0,1047360,2000000,True,True,23
01145,SODIUM CHLORIDE 0.9% 500 mL SOLUTION IRRIGATION 500ML BULK,است,covered,نيست,False,خير,False,خير,False,20,نيست,False,بله,True,نيست,False,1150000,70.0,0,1150000,True,True,23
01144,"SODIUM CHLORIDE 0.9% 500 mL INJECTION, SOLUTION PARENTERAL 500ML INFUSION",است,covered,نيست,False,خير,False,خير,False,10,نيست,False,بله,True,نيست,False,815500,70.0,34500,850000,True,True,23
01147,"SODIUM CHLORIDE 5% 10 mL SOLUTION, DROPS OPHTHALMIC 10ML DROPS",است,covered,نيست,False,خير,False,خير,False,5,نيست,False,خير,False,نيست,False,313113,70.0,11887,325000,True,True,23
02751,OLANZAPINE 2.5 mg TABLET ORAL 2.5MG TABLET,است,covered,نيست,False,خير,False,خير,False,200,نيست,False,خير,False,نيست,False,23500,70.0,0,23500,True,True,23
02035,OLANZAPINE 10 mg TABLET ORAL 10MG TABLET,است,covered,نيست,False,خير,False,خير,False,200,نيست,False,خير,False,نيست,False,15659,70.0,2841,18500,True,True,23
01907,OLANZAPINE 5 mg TABLET ORAL 5MG TABLET,است,covered,نيست,False,خير,False,خير,False,200,نيست,False,خير,False,نيست,False,27500,70.0,0,27500,True,True,23
02091,ONDANSETRON 2 mg/1 mL 2 mL INJECTION PARENTERAL 2ML INJECTION,است,covered,نيست,False,خير,False,خير,False,10,نيست,False,خير,False,نيست,False,360000,70.0,90000,450000,True,True,23
02456,SERTACONAZOLE NITRATE 2% 30 g CREAM TOPICAL CREAM,صرفا مشمول يارانه دولت,government_subsidy_only,نيست,False,خير,False,خير,False,3,است,True,خير,False,است,True,1203729,0.0,896271,2100000,True,True,24
01897,SERTRALINE (AS HYDROCHLORIDE) 100 mg TABLET ORAL 100MG TABLET,است,covered,نيست,False,خير,False,خير,False,200,نيست,False,خير,False,نيست,False,54400,70.0,30600,85000,True,True,24
01896,SERTRALINE (AS HYDROCHLORIDE) 50 mg TABLET ORAL 50MG TABLET,است,covered,نيست,False,خير,False,خير,False,200,نيست,False,خير,False,نيست,False,35000,70.0,20000,55000,True,True,24
66661,SET OF SERUM SET,است,covered,نيست,False,خير,False,خير,False,10,نيست,False,خير,False,نيست,False,120000,70.0,0,120000,True,True,24
01130,SILVER SULFADIAZINE 1% 50 g CREAM TOPICAL 50G CREAM,است,covered,نيست,False,خير,False,خير,False,5,نيست,False,بله,True,نيست,False,1152450,70.0,747550,1900000,True,True,24
02458,SIMVASTATIN 10 mg TABLET ORAL 10MG TABLET,است,covered,نيست,False,خير,False,خير,False,200,نيست,False,خير,False,نيست,False,14500,70.0,0,14500,True,True,24
01673,SIMVASTATIN 20 mg TABLET ORAL 20MG TABLET,است,covered,نيست,False,خير,False,خير,False,200,نيست,False,خير,False,نيست,False,19208,70.0,11792,31000,True,True,24
01114,SALBUTAMOL (AS SULFATE) 2 mg TABLET ORAL 2MG TABLET,است,covered,نيست,False,خير,False,خير,False,200,نيست,False,خير,False,نيست,False,20711,70.0,289,21000,True,True,24
01112,SALBUTAMOL (AS SULFATE) 2 mg/5mL 120 mL SYRUP ORAL 100ML SYRUP,است,covered,نيست,False,خير,False,خير,False,3,نيست,False,خير,False,نيست,False,459900,70.0,140100,600000,True,True,24
01117,"SALMETEROL (AS XINAFOATE) 25 ug/1{dose} 120 {dose} AEROSOL, METERED RESPIRATORY INHALATION",است,covered,نيست,False,خير,False,خير,False,2,نيست,False,بله,True,نيست,False,762738,70.0,46262,809000,True,True,24
02278,"SALMETEROL (AS XINAFOATE) 25 ug/1{dose} 200 {dose} AEROSOL, METERED RESPIRATORY INHALATION",است,covered,نيست,False,خير,False,خير,False,2,نيست,False,بله,True,نيست,False,824897,70.0,77103,902000,True,True,25
01121,SELEGILINE HYDROCHLORIDE 5 mg TABLET ORAL 5MG TABLET,است,covered,نيست,False,خير,False,خير,False,200,نيست,False,خير,False,نيست,False,36152,70.0,23848,60000,True,True,25
01122,SELENIUM SULFIDE 2.5% 150 mL SHAMPOO TOPICAL SHAMPOO,صرفا مشمول يارانه دولت,government_subsidy_only,نيست,False,خير,False,خير,False,3,نيست,False,خير,False,نيست,False,307200,0.0,216700,523900,True,True,25
01773,RISPERIDONE 1 mg TABLET ORAL 1MG TABLET,است,covered,نيست,False,خير,False,خير,False,200,نيست,False,خير,False,نيست,False,18700,70.0,1300,20000,True,True,25
01774,RISPERIDONE 2 mg TABLET ORAL 2MG TABLET,است,covered,نيست,False,خير,False,خير,False,200,نيست,False,خير,False,نيست,False,24530,70.0,1470,26000,True,True,25
01869,RISPERIDONE 3 mg TABLET ORAL 3MG TABLET,است,covered,نيست,False,خير,False,خير,False,200,نيست,False,خير,False,نيست,False,15050,70.0,1450,16500,True,True,25
01870,RISPERIDONE 4 mg TABLET ORAL 4MG TABLET,است,covered,نيست,False,خير,False,خير,False,200,نيست,False,خير,False,نيست,False,19560,70.0,12440,32000,True,True,25
01108,RITODRINE 10 mg TABLET ORAL 10MG TABLET,است,covered,نيست,False,خير,False,خير,False,200,نيست,False,بله,True,نيست,False,2000,70.0,0,2000,True,True,25
01109,RITODRINE HCL 10MG/ML 5ML AMP 10MG/ML INJECTION,است,covered,نيست,False,خير,False,خير,False,10,نيست,False,خير,False,نيست,False,90000,70.0,0,90000,True,True,25
02473,RITUXIMAB 10 mg/1mL 10 mL INJECTION PARENTERAL 100MG/10ML INJECTION,است,covered,نيست,False,خير,False,بله,True,طبق پرونده,است,True,بله,True,است,True,21296763,90.0,13703238,35000001,True,True,25
02474,RITUXIMAB 10 mg/1mL 50 mL INJECTION PARENTERAL INJECTION,است,covered,نيست,False,خير,False,بله,True,طبق پرونده,است,True,بله,True,است,True,86495751,90.0,53504249,140000000,True,True,26
01998,RIVASTIGMINE (AS HYDROGEN TARTRATE) 1.5 mg CAPSULE ORAL 1.5MG CAPSULE,است,covered,نيست,False,خير,False,خير,False,200,نيست,False,خير,False,نيست,False,22740,70.0,3260,26000,True,True,26
01999,RIVASTIGMINE (AS HYDROGEN TARTRATE) 3 mg CAPSULE ORAL 3MG CAPSULE,است,covered,نيست,False,خير,False,خير,False,200,نيست,False,خير,False,نيست,False,27000,70.0,15000,42000,True,True,26
02000,RIVASTIGMINE (AS HYDROGEN TARTRATE) 4.5 mg CAPSULE ORAL 4.5MG CAPSULE,است,covered,نيست,False,خير,False,خير,False,200,نيست,False,خير,False,نيست,False,44260,70.0,10740,55000,True,True,26
02738,RIVASTIGMINE (AS HYDROGEN TARTRATE) 6 mg CAPSULE ORAL 6MG CAPSULE,است,covered,نيست,False,خير,False,خير,False,200,نيست,False,خير,False,نيست,False,9850,70.0,0,9850,True,True,26
02455,RIZATRIPTAN (AS BENZOATE) 10 mg TABLET ORAL 10MG TABLET,صرفا مشمول يارانه دولت,government_subsidy_only,نيست,False,خير,False,خير,False,20,نيست,False,خير,False,نيست,False,66000,0.0,44000,110000,True,True,26
02286,RIZATRIPTAN (AS BENZOATE) 5 mg TABLET ORAL 5MG TABLET,صرفا مشمول يارانه دولت,government_subsidy_only,نيست,False,خير,False,خير,False,20,نيست,False,خير,False,نيست,False,48000,0.0,32000,80000,True,True,26
02001,ROPINIROLE (AS HYDROCHLORIDE) 0.25 mg TABLET ORAL 0.25MG TABLET,صرفا مشمول يارانه دولت,government_subsidy_only,نيست,False,خير,False,خير,False,200,نيست,False,خير,False,نيست,False,13737,0.0,763,14500,True,True,26
02002,ROPINIROLE (AS HYDROCHLORIDE) 1 mg TABLET ORAL 1MG TABLET,صرفا مشمول يارانه دولت,government_subsidy_only,نيست,False,خير,False,خير,False,200,نيست,False,خير,False,نيست,False,16040,0.0,2960,19000,True,True,26
02003,ROPINIROLE (AS HYDROCHLORIDE) 5 mg TABLET ORAL 5MG TABLET,صرفا مشمول يارانه دولت,government_subsidy_only,نيست,False,خير,False,خير,False,200,نيست,False,خير,False,نيست,False,18900,0.0,14504,33404,True,True,26
01113,SALBUTAMOL (AS SULFATE) 0.5 mg/1mL INJECTION PARENTERAL INJECTION,است,covered,است,True,خير,False,خير,False,10,نيست,False,بله,True,نيست,False,300000,70.0,0,300000,True,True,27
01926,RALOXIFENE HYDROCHLORIDE 60 mg TABLET ORAL 60MG TABLET,صرفا مشمول يارانه دولت,government_subsidy_only,نيست,False,خير,False,خير,False,200,نيست,False,خير,False,نيست,False,126000,0.0,54000,180000,True,True,27
01093,RANITIDINE 150 mg TABLET ORAL 150MG TABLET,است,covered,نيست,False,خير,False,خير,False,300,نيست,False,خير,False,نيست,False,1300,70.0,0,1300,True,True,27
01094,RANITIDINE 25 mg/1mL 2 mL INJECTION PARENTERAL 25MG/ML INJECTION,است,covered,نيست,False,خير,False,خير,False,10,نيست,False,خير,False,نيست,False,19000,70.0,0,19000,True,True,27
02182,"REMIFENTANIL (AS HYDROCHLORIDE) 1 mg INJECTION, POWDER, FOR SOLUTION PARENTERAL 1MG INJECTION",است,covered,است,True,خير,False,خير,False,1,نيست,False,بله,True,نيست,False,882150,70.0,67850,950000,True,True,27
02183,"REMIFENTANIL (AS HYDROCHLORIDE) 2 mg INJECTION, POWDER, FOR SOLUTION PARENTERAL 2MG INJECTION",است,covered,است,True,خير,False,خير,False,1,نيست,False,بله,True,نيست,False,774347,70.0,475653,1250000,True,True,27
02184,"REMIFENTANIL (AS HYDROCHLORIDE) 5 mg INJECTION, POWDER, FOR SOLUTION PARENTERAL 5MG INJECTION",است,covered,است,True,خير,False,خير,False,1,نيست,False,بله,True,نيست,False,1544670,70.0,855330,2400000,True,True,27
01880,RIBAVIRIN 100MG TAB 100MG TABLET,است,covered,نيست,False,خير,False,خير,False,200,نيست,False,بله,True,نيست,False,0,70.0,0,0,True,True,27
01891,RIBAVIRIN 200 mg CAPSULE ORAL 200MG CAPSULE,است,covered,نيست,False,خير,False,خير,False,300,نيست,False,بله,True,نيست,False,30024,90.0,14976,45000,True,True,27
01881,RIBAVIRIN 200 mg TABLET ORAL 200MG TABLET,است,covered,نيست,False,خير,False,خير,False,300,نيست,False,بله,True,نيست,False,29000,70.0,0,29000,True,True,27
01101,RIFAMPICIN 150 mg CAPSULE ORAL 150MG CAPSULE,است,covered,نيست,False,خير,False,خير,False,200,نيست,False,خير,False,نيست,False,80000,70.0,60000,140000,True,True,28
01103,RIFAMPICIN 300 mg CAPSULE ORAL 300MG CAPSULE,است,covered,نيست,False,خير,False,خير,False,200,نيست,False,خير,False,نيست,False,140000,70.0,120000,260000,True,True,28
01100,"RIFAMPICIN 600 mg INJECTION, POWDER, FOR SOLUTION PARENTERAL 600MG INJECTION",است,covered,است,True,خير,False,خير,False,10,نيست,False,بله,True,نيست,False,480000,70.0,4161800,4641800,True,True,28
01921,RILUZOLE 50 mg TABLET ORAL 50MG TABLET,است,covered,نيست,False,خير,False,خير,False,60,است,True,بله,True,نيست,False,32500,90.0,79600,112100,True,True,28
01106,"RINGER LACTATE 1000 mL INJECTION, SOLUTION INTRAVENOUS 1000ML INFUSION",است,covered,نيست,False,خير,False,خير,False,10,نيست,False,بله,True,نيست,False,694600,70.0,55400,750000,True,True,28
01107,"RINGER LACTATE 500 mL INJECTION, SOLUTION INTRAVENOUS 500ML INFUSION",است,covered,نيست,False,خير,False,خير,False,10,نيست,False,بله,True,نيست,False,1450000,70.0,0,1450000,True,True,28
01105,RINGER 500 ML INF (147 meq/4.5 meq/4 meq/15meq/1L) INFUSION,است,covered,نيست,False,خير,False,خير,False,10,نيست,False,خير,False,نيست,False,0,70.0,0,0,True,True,28
01076,PSEUDOEPHEDRINE HYDROCHLORIDE 30 mg/5mL 60 mL SYRUP ORAL 30MG/5ML SYRUP,است,covered,نيست,False,خير,False,خير,False,3,نيست,False,خير,False,نيست,False,484900,70.0,65100,550000,True,True,28
01659,PYGEUM AFRICANUM 50MG CAP 50MG CAPSULE,است,covered,نيست,False,خير,False,خير,False,200,نيست,False,خير,False,نيست,False,3500,70.0,0,3500,True,True,28
01078,PYRAZINAMIDE 500 mg TABLET ORAL 500MG TABLET,است,covered,نيست,False,خير,False,خير,False,200,نيست,False,بله,True,نيست,False,1100,70.0,0,1100,True,True,28
01080,PYRIDOSTIGMINE BROMIDE 60 mg TABLET ORAL 60MG TABLET,است,covered,نيست,False,خير,False,خير,False,200,است,True,بله,True,نيست,False,72740,70.0,57260,130000,True,True,29
01083,PYRIMETHAMINE 25 mg TABLET ORAL 25MG TABLET,است,covered,نيست,False,خير,False,خير,False,200,نيست,False,بله,True,نيست,False,6670,70.0,4330,11000,True,True,29
01085,PYRVINIUM PAMOATE 50MG/5ML SUSP 50MG/5ML SUSPENTION,است,covered,نيست,False,خير,False,خير,False,3,نيست,False,بله,True,نيست,False,218000,70.0,0,218000,True,True,29
00924,NYSTATIN 100000 [iU] TABLET VAGINAL TABLET,است,covered,نيست,False,خير,False,خير,False,200,نيست,False,خير,False,است,True,55600,70.0,4400,60000,True,True,29
00926,NYSTATIN 500000 [iU] TABLET ORAL TABLET,است,covered,نيست,False,خير,False,خير,False,200,است,True,خير,False,است,True,54000,70.0,10000,64000,True,True,29
00928,OCTREOTIDE (AS ACETATE) 50 ug/1mL INJECTION PARENTERAL 0.05MG INJECTION,است,covered,نيست,False,خير,False,بله,True,طبق پرونده,است,True,بله,True,است,True,268900,90.0,31100,300000,True,True,29
02392,OCTREOTIDE (AS ACETATE) 100 ug/1mL 1 mL INJECTION PARENTERAL 100MCG/ML INJECTION,است,covered,نيست,False,بله,True,بله,True,طبق پرونده,نيست,False,بله,True,است,True,5385600,90.0,15998400,21384000,True,True,29
02391,"OCTREOTIDE (AS ACETATE) 20 mg INJECTION, POWDER, FOR SUSPENSION, EXTENDED RELEASE PARENTERAL 20MG INJECTION",است,covered,نيست,False,خير,False,بله,True,طبق پرونده,است,True,بله,True,است,True,31001600,90.0,15998400,47000000,True,True,29
00930,OFLOXACIN 200 mg TABLET ORAL 200MG TABLET,است,covered,نيست,False,خير,False,خير,False,200,نيست,False,خير,False,نيست,False,18382,70.0,23618,42000,True,True,29
02009,OFLOXACIN 300 mg TABLET ORAL 300MG TABLET,است,covered,نيست,False,خير,False,خير,False,60,نيست,False,خير,False,نيست,False,17997,70.0,37003,55000,True,True,29
00755,LIDOCAINE HYDROCHLORIDE 1% 50 mL INJECTION PARENTERAL 50ML INJECTION,است,covered,است,True,خير,False,خير,False,10,نيست,False,بله,True,نيست,False,531981,70.0,18019,550000,True,True,30
01573,LIDOCAINE HYDROCHLORIDE 1% 5 mL INJECTION PARENTERAL 5ML INJECTION,است,covered,است,True,خير,False,خير,False,10,نيست,False,بله,True,نيست,False,293109,70.0,6891,300000,True,True,30
00757,"LIDOCAINE HYDROCHLORIDE 2% 50 mL INJECTION, SOLUTION PARENTERAL 50ML INJECTION",است,covered,است,True,خير,False,خير,False,10,نيست,False,بله,True,نيست,False,890549,70.0,29451,920000,True,True,30
00753,LIDOCAINE HYDROCHLORIDE 2% 5 mL INJECTION PARENTERAL 5ML INJECTION,است,covered,است,True,خير,False,خير,False,10,نيست,False,بله,True,نيست,False,468100,70.0,31900,500000,True,True,30
00756,LIDOCAINE HYDROCHLORIDE 2% 15 g GEL TOPICAL GEL,است,covered,نيست,False,خير,False,خير,False,3,نيست,False,بله,True,نيست,False,602500,70.0,47500,650000,True,True,30
00909,NITROFURAZONE 0.2% 30 g CREAM TOPICAL CREAM,است,covered,نيست,False,خير,False,خير,False,5,نيست,False,خير,False,نيست,False,822800,70.0,27200,850000,True,True,30
01727,"NITROGLYCERIN 0.4 mg CAPSULE, LIQUID FILLED ORAL CAPSULE",است,covered,نيست,False,خير,False,خير,False,200,نيست,False,خير,False,نيست,False,23140,70.0,35860,59000,True,True,30
01812,NITROGLYCERIN 1 mg/1mL 5 mL INJECTION PARENTERAL 5ML INJECTION,است,covered,است,True,خير,False,خير,False,10,نيست,False,بله,True,نيست,False,687691,70.0,12309,700000,True,True,30
00910,NITROGLYCERIN 2% 30 g OINTMENT TOPICAL OINTMENT,است,covered,نيست,False,خير,False,خير,False,3,نيست,False,بله,True,نيست,False,666862,70.0,1487138,2154000,True,True,30
01832,NITROGLYCERIN 400 ug/1{dose} 200 {dose} SPRAY SUBLINGUAL SPRAY,است,covered,نيست,False,خير,False,خير,False,2,نيست,False,خير,False,نيست,False,1300000,70.0,1700000,3000000,True,True,30
00914,NITROGLYCERIN 5 mg/1mL 2 mL INJECTION PARENTERAL 2ML INJECTION,است,covered,است,True,خير,False,خير,False,10,نيست,False,بله,True,نيست,False,688600,70.0,11400,700000,True,True,31
00913,"NITROGLYCERIN 2.6 mg TABLET, EXTENDED RELEASE ORAL 2.6MG TABLET",است,covered,نيست,False,خير,False,خير,False,300,نيست,False,خير,False,نيست,False,15980,70.0,16020,32000,True,True,31
00915,"NITROGLYCERIN 6.4 mg TABLET, EXTENDED RELEASE ORAL 6.4MG TABLET",است,covered,نيست,False,خير,False,خير,False,300,نيست,False,خير,False,نيست,False,24190,70.0,15810,40000,True,True,31
02321,"NITROGLYCERIN 6.5 mg TABLET, EXTENDED RELEASE ORAL 6.5MG TABLET",است,covered,نيست,False,خير,False,خير,False,200,نيست,False,خير,False,نيست,False,0,70.0,0,0,True,True,31
00916,"NITROPRUSSIDE SODIUM 50 mg INJECTION, POWDER, FOR SOLUTION PARENTERAL 50MG INJECTION",است,covered,است,True,خير,False,خير,False,10,نيست,False,بله,True,نيست,False,387000,70.0,1093000,1480000,True,True,31
01620,"NOREPINEPHRINE (AS BITARTRATE) 1 mg/1mL 10 mL INJECTION, SOLUTION, CONCENTRATE PARENTERAL INJECTION",است,covered,نيست,False,خير,False,خير,False,10,نيست,False,بله,True,نيست,False,1944000,70.0,256000,2200000,True,True,31
00921,NORTRIPTYLINE (AS HYDROCHLORIDE) 10 mg TABLET ORAL TABLET,است,covered,نيست,False,خير,False,خير,False,300,نيست,False,خير,False,نيست,False,22142,70.0,858,23000,True,True,31
00922,NORTRIPTYLINE (AS HYDROCHLORIDE) 25 mg TABLET ORAL 25MG TABLET,است,covered,نيست,False,خير,False,خير,False,200,نيست,False,خير,False,نيست,False,24837,70.0,2163,27000,True,True,31
02089,"IRINOTECAN HYDROCHLORIDE 20 mg/1mL 2 mL INJECTION, SOLUTION, CONCENTRATE PARENTERAL INJECTION",است,covered,نيست,False,خير,False,بله,True,طبق پرونده,است,True,بله,True,است,True,2226996,90.0,433004,2660000,True,True,31
01943,ISOFLURANE 100% 100 mL INHALANT RESPIRATORY 100ML INHALATION,است,covered,است,True,خير,False,خير,False,1,نيست,False,بله,True,نيست,False,4800000,70.0,10000000,14800000,True,True,31
00712,ISONIAZID 100 mg TABLET ORAL 100MG TABLET,است,covered,نيست,False,خير,False,خير,False,200,نيست,False,بله,True,نيست,False,14500,70.0,0,14500,True,True,32
00898,NICOTINIC ACID 100 mg TABLET ORAL 100MG TABLET,است,covered,نيست,False,خير,False,خير,False,200,نيست,False,خير,False,نيست,False,15000,70.0,0,15000,True,True,32
00899,NICOTINIC ACID 25 mg TABLET ORAL 25MG TABLET,است,covered,نيست,False,خير,False,خير,False,200,نيست,False,خير,False,نيست,False,14500,70.0,0,14500,True,True,32
00902,"NIFEDIPINE 10 mg CAPSULE, LIQUID FILLED ORAL 10MG PEARL",است,covered,نيست,False,خير,False,خير,False,300,نيست,False,خير,False,نيست,False,14200,70.0,6600,20800,True,True,32
00903,NIFEDIPINE 10 mg TABLET ORAL 10MG TABLET,است,covered,نيست,False,خير,False,خير,False,300,نيست,False,خير,False,نيست,False,20169,70.0,631,20800,True,True,32
00904,"NIMODIPINE 0.2 mg/1mL 50 mL INJECTION, SOLUTION INTRAVENOUS 10MG/50ML INFUSION",است,covered,است,True,خير,False,خير,False,10,نيست,False,بله,True,است,True,238000,70.0,1871000,2109000,True,True,32
00905,NIMODIPINE 30 mg TABLET ORAL 30MG TABLET,است,covered,نيست,False,خير,False,خير,False,200,نيست,False,بله,True,نيست,False,31800,70.0,37800,69600,True,True,32
00907,NITROFURANTOIN 100 mg TABLET ORAL 100MG TABLET,است,covered,نيست,False,خير,False,خير,False,200,نيست,False,خير,False,نيست,False,21415,70.0,8585,30000,True,True,32
02062,IOHEXOL 350 mg/1mL 50 mL INJECTION PARENTERAL INJECTION,است,covered,نيست,False,خير,False,خير,False,6,نيست,False,بله,True,است,True,5623666,70.0,4876334,10500000,True,True,32
00703,IOPROMIDE 300 mg/1mL 20 mL INJECTION PARENTERAL 300MG/ML INJECTION,است,covered,نيست,False,خير,False,خير,False,7,نيست,False,بله,True,است,True,195000,70.0,0,195000,True,True,32
00704,IOPROMIDE 300 mg/1mL 50 mL INJECTION PARENTERAL 300MG/ML INJECTION,است,covered,نيست,False,خير,False,خير,False,3,نيست,False,بله,True,است,True,517000,70.0,2841000,3358000,True,True,33
02147,IOPROMIDE 370 mg/1mL 100 mL INJECTION PARENTERAL INJECTION,است,covered,نيست,False,خير,False,خير,False,2,نيست,False,بله,True,است,True,20540000,70.0,0,20540000,True,True,33
02146,IOPROMIDE 370 mg/1mL 50 mL INJECTION PARENTERAL INJECTION,است,covered,نيست,False,خير,False,خير,False,4,نيست,False,بله,True,است,True,528500,70.0,0,528500,True,True,33
00708,IPRATROPIUM BROMIDE 20 ug/1{dose} 200 {dose} SPRAY RESPIRATORY SPRAY,است,covered,نيست,False,خير,False,خير,False,2,نيست,False,بله,True,نيست,False,1038100,70.0,231900,1270000,True,True,33
02148,"IPRATROPIUM BROMIDE / SALBUTAMOL (AS SULFATE) 20 ug/100 ug 200 {dose} AEROSOL, METERED RESPIRATORY SPRAY",است,covered,نيست,False,خير,False,خير,False,2,نيست,False,خير,False,نيست,False,7045263,70.0,44737,7090000,True,True,33
02090,"IRINOTECAN HYDROCHLORIDE 20 mg/1mL 5 mL INJECTION, SOLUTION, CONCENTRATE PARENTERAL INJECTION",است,covered,نيست,False,خير,False,بله,True,طبق پرونده,است,True,بله,True,است,True,5253390,90.0,1496610,6750000,True,True,33
00818,METHADONE HYDROCHLORIDE 5 mg TABLET ORAL TABLET,است,covered,نيست,False,خير,False,خير,False,1,نيست,False,بله,True,نيست,False,18970,70.0,1030,20000,True,True,33
02666,INTERFERON B 1A 44MCG/0.5ML AMP INJECTION,است,covered,نيست,False,خير,False,بله,True,طبق پرونده,است,True,بله,True,است,True,4112373,95.0,1887627,6000000,True,True,33
00572,GABAPENTIN 100 mg CAPSULE ORAL CAPSULE,است,covered,نيست,False,خير,False,خير,False,200,نيست,False,خير,False,نيست,False,26481,70.0,13519,40000,True,True,33
00573,GABAPENTIN 300 mg CAPSULE ORAL CAPSULE,است,covered,نيست,False,خير,False,خير,False,200,نيست,False,خير,False,نيست,False,36751,70.0,38249,75000,True,True,33
00574,GABAPENTIN 400 mg CAPSULE ORAL CAPSULE,است,covered,نيست,False,خير,False,خير,False,200,نيست,False,خير,False,نيست,False,34300,70.0,20700,55000,True,True,34
02241,GADODIAMIDE 287 mg/1mL 15 mL INJECTION PARENTERAL INJECTION,است,covered,نيست,False,خير,False,خير,False,2,نيست,False,بله,True,است,True,2977900,70.0,7522100,10500000,True,True,34
00575,GADOPENTETATE DIMEGLUMINE 469 mg/1mL 15 mL INJECTION PARENTERAL 469MG/ML INJECTION,است,covered,نيست,False,خير,False,خير,False,2,نيست,False,بله,True,است,True,840000,70.0,0,840000,True,True,34
00577,LINDANE 1% 60 mL LOTION TOPICAL LOTION,است,covered,نيست,False,خير,False,خير,False,5,نيست,False,بله,True,نيست,False,119514,70.0,50186,169700,True,True,34
00578,LINDANE 1% 60 mL SHAMPOO TOPICAL SHAMPOO,است,covered,نيست,False,خير,False,خير,False,3,نيست,False,خير,False,نيست,False,120000,70.0,0,120000,True,True,34
00879,"IMMUNE GLOBULIN 6 g INJECTION, POWDER, LYOPHILIZED, FOR SOLUTION INTRAVENOUS INJECTION",است,covered,نيست,False,خير,False,بله,True,طبق پرونده,نيست,False,بله,True,است,True,14013600,90.0,0,14013600,True,True,34
00581,"GANCICLOVIR 500 mg INJECTION, POWDER, LYOPHILIZED, FOR SOLUTION PARENTERAL 500MG INJECTION",است,covered,است,True,خير,False,بله,True,طبق پرونده,است,True,بله,True,است,True,6350000,100.0,4150000,10500000,True,True,34
00553,FLUPHENAZINE 1 mg TABLET ORAL 1MG TABLET,است,covered,نيست,False,خير,False,خير,False,200,نيست,False,خير,False,نيست,False,16705,70.0,3295,20000,True,True,34
00554,FLUPHENAZINE 2.5 mg TABLET ORAL 2.5MG TABLET,است,covered,نيست,False,خير,False,خير,False,200,نيست,False,خير,False,نيست,False,20501,70.0,5499,26000,True,True,34
00555,FLUPHENAZINE DECANOATE 25 mg/1mL INJECTION PARENTERAL INJECTION,است,covered,نيست,False,خير,False,خير,False,15,نيست,False,خير,False,نيست,False,596936,70.0,53064,650000,True,True,34
00558,FLURAZEPAM 15 mg CAPSULE ORAL 15MG CAPSULE,است,covered,نيست,False,خير,False,خير,False,200,نيست,False,خير,False,نيست,False,18947,70.0,3053,22000,True,True,35
60930,PLASTIC CONTAINER 30 GR BULK,است,covered,نيست,False,خير,False,خير,False,4,نيست,False,خير,False,نيست,False,5704,70.0,0,5704,True,True,35
01020,PNEUMOCOCCAL VACC. POLYVALENT 0.5ML AMP 0.5ML INJECTION,صرفا مشمول صندوق صعب العلاج,صرفا مشمول صندوق صعب العلاج,نيست,False,خير,False,خير,False,2,است,True,بله,True,است,True,1,0.0,1,2,True,True,35
00941,"POTASSIUM CHLORIDE CONCENTRATED 2 meq/1mL 50 mL INJECTION, SOLUTION, CONCENTRATE INTRAVENOUS INJECTION",است,covered,نيست,False,خير,False,خير,False,10,نيست,False,بله,True,نيست,False,1700000,70.0,0,1700000,True,True,35
01340,POTASSIUMCHLORIDECONCENTRATED1 meq/1mL INJECTIONSOLUTIOTION INJECTION,است,covered,نيست,False,خير,False,خير,False,10,نيست,False,بله,True,نيست,False,34000,70.0,0,34000,True,True,35
02450,"POTASSIUM CITRATE 10 meq TABLET, EXTENDED RELEASE ORAL TABLET",است,covered,نيست,False,خير,False,خير,False,100,نيست,False,خير,False,نيست,False,38132,70.0,19868,58000,True,True,35
02284,"POTASSIUM CITRATE 5 meq TABLET, EXTENDED RELEASE ORAL TABLET",صرفا مشمول يارانه دولت,government_subsidy_only,نيست,False,خير,False,خير,False,200,نيست,False,خير,False,نيست,False,20666,0.0,1334,22000,True,True,35
01028,POTASSIUM CITRATE POWDER _BULK BULK,نيست,not_covered,نيست,False,خير,False,خير,False,5000,نيست,False,خير,False,نيست,False,17680,0.0,32320,50000,True,True,35
00998,"PHOSPHATE, POTASSIUM MONOBASIC 500 mg TABLET ORAL 500MG TABLET",است,covered,نيست,False,خير,False,خير,False,200,است,True,بله,True,است,True,14000,70.0,0,14000,True,True,35
01225,TICLOPIDINE HYDROCHLORIDE 250 mg TABLET ORAL 250MG TABLET,است,covered,نيست,False,خير,False,خير,False,200,نيست,False,خير,False,نيست,False,14302,70.0,5698,20000,True,True,35
01226,"TIMOLOL (AS MALEATE) 0.5% 5 mL SOLUTION, DROPS OPHTHALMIC 5ML DROPS",است,covered,نيست,False,خير,False,خير,False,5,نيست,False,خير,False,نيست,False,504730,70.0,145270,650000,True,True,36
01229,TOBRAMYCIN (AS SULFATE) 40 mg/1mL 2 mL INJECTION PARENTERAL 2ML INJECTION,است,covered,است,True,خير,False,خير,False,10,نيست,False,بله,True,است,True,150000,70.0,0,150000,True,True,36
01234,TOLMETIN 200 mg TABLET ORAL 200MG TABLET,است,covered,نيست,False,خير,False,خير,False,200,نيست,False,خير,False,نيست,False,8800,70.0,24401,33201,True,True,36
01236,TOLNAFTATE 1% 10 mL SOLUTION TOPICAL SOLUTION,است,covered,نيست,False,خير,False,خير,False,2,نيست,False,خير,False,نيست,False,19000,70.0,0,19000,True,True,36
01883,TOPIRAMATE 100 mg TABLET ORAL 100MG TABLET,است,covered,نيست,False,خير,False,خير,False,200,نيست,False,خير,False,نيست,False,23439,70.0,16561,40000,True,True,36
01885,TOPIRAMATE 25 mg TABLET ORAL 25MG TABLET,است,covered,نيست,False,خير,False,خير,False,200,نيست,False,خير,False,نيست,False,18738,70.0,2262,21000,True,True,36
01886,TOPIRAMATE 50 mg TABLET ORAL 50MG TABLET,است,covered,نيست,False,خير,False,خير,False,200,نيست,False,خير,False,نيست,False,23519,70.0,4481,28000,True,True,36
02103,TRAMADOL HYDROCHLORIDE 100 mg TABLET ORAL 100MG TABLET,است,covered,است,True,خير,False,خير,False,10,نيست,False,بله,True,نيست,False,252,70.0,30748,31000,True,True,36
01314,ZIDOVUDINE 100 mg CAPSULE ORAL 100MG CAPSULE,است,covered,نيست,False,خير,False,خير,False,200,نيست,False,بله,True,نيست,False,9000,70.0,8497,17497,True,True,36
01775,ZIDOVUDINE 300 mg TABLET ORAL 300MG TABLET,است,covered,نيست,False,خير,False,بله,True,طبق پرونده,نيست,False,بله,True,نيست,False,24500,70.0,25114,49614,True,True,36
01712,ZIDOVUDINE 50 mg/5mL 100 mL SYRUP ORAL 50MG/5ML SYRUP,است,covered,نيست,False,خير,False,خير,False,3,نيست,False,بله,True,نيست,False,0,70.0,0,0,True,True,37
01316,ZINC OXIDE 25% 30 g OINTMENT TOPICAL 30G OINTMENT,است,covered,نيست,False,خير,False,خير,False,3,نيست,False,خير,False,نيست,False,719900,70.0,30100,750000,True,True,37
01318,ZINC SULFATE 220MG CAP 220MG CAPSULE,است,covered,نيست,False,خير,False,خير,False,200,نيست,False,خير,False,نيست,False,872,70.0,0,872,True,True,37
01217,THIOGUANINE 40 mg TABLET ORAL 40MG TABLET,است,covered,نيست,False,خير,False,بله,True,طبق پرونده,نيست,False,بله,True,است,True,1703000,95.0,1247000,2950000,True,True,37
01218,"THIOPENTAL SODIUM 1 g INJECTION, POWDER, FOR SOLUTION PARENTERAL 1G INJECTION",است,covered,است,True,خير,False,خير,False,10,نيست,False,بله,True,نيست,False,717300,70.0,472700,1190000,True,True,37
01219,"THIOPENTAL SODIUM 500 mg INJECTION, POWDER, FOR SOLUTION PARENTERAL 500MG INJECTION",است,covered,است,True,خير,False,خير,False,10,نيست,False,بله,True,نيست,False,750000,70.0,800000,1550000,True,True,37
01221,THIORIDAZINE HYDROCHLORIDE 100 mg TABLET ORAL 100MG TABLET,است,covered,نيست,False,خير,False,خير,False,200,نيست,False,خير,False,نيست,False,16475,70.0,20525,37000,True,True,37
01220,THIORIDAZINE HYDROCHLORIDE 10 mg TABLET ORAL 10MG TABLET,است,covered,نيست,False,خير,False,خير,False,200,نيست,False,خير,False,نيست,False,6000,70.0,0,6000,True,True,37
01223,THIOTHIXENE 5 mg CAPSULE ORAL 5MG CAPSULE,است,covered,نيست,False,خير,False,خير,False,200,نيست,False,بله,True,نيست,False,25650,70.0,59752,85402,True,True,37
01814,VITAMIN D3 300000 [iU]/1mL INJECTION PARENTERAL INJECTION,است,covered,نيست,False,خير,False,خير,False,10,نيست,False,خير,False,نيست,False,365282,70.0,184718,550000,True,True,37
00733,LAMOTRIGINE 50 mg TABLET ORAL 50MG TABLET,است,covered,نيست,False,خير,False,خير,False,200,نيست,False,خير,False,نيست,False,23699,70.0,16301,40000,True,True,38
01901,"LATANOPROST 50 ug/1mL 2.5 mL SOLUTION, DROPS OPHTHALMIC 50MCG/ML DROPS",است,covered,نيست,False,خير,False,خير,False,5,نيست,False,خير,False,نيست,False,833852,70.0,366148,1200000,True,True,38
01922,LETROZOLE 2.5 mg TABLET ORAL 2.5MG TABLET,است,covered,نيست,False,خير,False,خير,False,100,است,True,بله,True,است,True,11572,90.0,20428,32000,True,True,38
00738,CALCIUM FOLINATE 15 mg TABLET ORAL 15MG TABLET,است,covered,نيست,False,خير,False,خير,False,100,است,True,بله,True,است,True,50000,90.0,220000,270000,True,True,38
00736,CALCIUM FOLINATE 10 mg/1mL 3 mL INJECTION PARENTERAL 30MG INJECTION,است,covered,نيست,False,خير,False,خير,False,5,است,True,بله,True,است,True,257738,90.0,62262,320000,True,True,38
00741,LEVAMISOLE 50 mg TABLET ORAL 50MG TABLET,است,covered,نيست,False,خير,False,خير,False,200,نيست,False,خير,False,نيست,False,14500,70.0,0,14500,True,True,38
00745,LEVODOPA / BENSERAZIDE 100 mg/25 mg TABLET ORAL TABLET,است,covered,نيست,False,خير,False,خير,False,450,نيست,False,بله,True,است,True,65200,70.0,94800,160000,True,True,38
00746,LEVODOPA / BENSERAZIDE 200 mg/50 mg TABLET ORAL TABLET,است,covered,نيست,False,خير,False,خير,False,300,نيست,False,بله,True,است,True,103805,70.0,171195,275000,True,True,38
00747,LEVODOPA / CARBIDOPA 100 mg/10 mg TABLET ORAL TABLET,است,covered,نيست,False,خير,False,خير,False,450,نيست,False,بله,True,است,True,49858,70.0,23142,73000,True,True,38
02383,"LEVODOPA / CARBIDOPA 100 mg/25 mg TABLET, EXTENDED RELEASE ORAL 125MG TABLET",است,covered,نيست,False,خير,False,خير,False,450,نيست,False,بله,True,است,True,5500,70.0,8153,13653,True,True,38
00748,LEVODOPA / CARBIDOPA FORTE 250 mg/25 mg TABLET ORAL TABLET,است,covered,نيست,False,خير,False,خير,False,300,است,True,بله,True,است,True,91665,70.0,38335,130000,True,True,39
01558,ISOPROTERENOL HYDROCHLORIDE 0.2 mg/1mL INJECTION PARENTERAL 0.2MG/ML INJECTION,است,covered,نيست,False,خير,False,خير,False,10,نيست,False,بله,True,نيست,False,123300,70.0,0,123300,True,True,39
00717,ISOSORBIDE DINITRATE 10 mg TABLET ORAL 10MG TABLET,است,covered,نيست,False,خير,False,خير,False,200,نيست,False,خير,False,نيست,False,20483,70.0,517,21000,True,True,39
00718,"ISOSORBIDE DINITRATE 40 mg TABLET, EXTENDED RELEASE ORAL 40MG TABLET",است,covered,نيست,False,خير,False,خير,False,200,نيست,False,خير,False,نيست,False,19278,70.0,12722,32000,True,True,39
00720,"ISOTRETINOIN 20 mg CAPSULE, LIQUID FILLED ORAL 20MG CAPSULE",است,covered,نيست,False,خير,False,بله,True,طبق پرونده,نيست,False,بله,True,نيست,False,219100,70.0,30900,250000,True,True,39
00721,ISOXSUPRINE HYDROCHLORIDE 10 mg TABLET ORAL 10MG TABLET,است,covered,نيست,False,خير,False,خير,False,200,نيست,False,خير,False,نيست,False,30000,70.0,0,30000,True,True,39
00722,ITRACONAZOLE 100 mg CAPSULE ORAL 100MG CAPSULE,است,covered,نيست,False,خير,False,خير,False,30,است,True,خير,False,است,True,113966,70.0,45034,159000,True,True,39
00723,KETAMINE (AS HYDROCHLORIDE) 50 mg/1mL 10 mL INJECTION PARENTERAL 10ML INJECTION,است,covered,است,True,خير,False,خير,False,10,نيست,False,بله,True,نيست,False,520800,70.0,529200,1050000,True,True,39
00725,KETOCONAZOLE 2% 30 g CREAM TOPICAL CREAM,است,covered,نيست,False,خير,False,خير,False,5,نيست,False,خير,False,نيست,False,883675,70.0,266325,1150000,True,True,39
00726,KETOCONAZOLE 200 mg TABLET ORAL 200MG TABLET,است,covered,نيست,False,خير,False,خير,False,200,است,True,خير,False,است,True,19429,70.0,12571,32000,True,True,39
00727,KETOTIFEN (AS FUMARATE) 1 mg TABLET ORAL 1MG TABLET,است,covered,نيست,False,خير,False,خير,False,60,نيست,False,خير,False,نيست,False,19663,70.0,737,20400,True,True,40
00728,KETOTIFEN (AS FUMARATE) 1 mg/5mL 120 mL SYRUP ORAL 1MG/5ML SYRUP,است,covered,نيست,False,خير,False,خير,False,3,نيست,False,خير,False,نيست,False,454600,70.0,345400,800000,True,True,40
01565,"LACTULOSE 10 g POWDER, FOR SOLUTION ORAL SACHET",است,covered,نيست,False,خير,False,خير,False,50,نيست,False,خير,False,نيست,False,14888,70.0,0,14888,True,True,40
00731,LACTULOSE 10 g/15mL 240 mL SYRUP ORAL SYRUP,است,covered,نيست,False,خير,False,خير,False,3,نيست,False,بله,True,نيست,False,2919500,70.0,1880500,4800000,True,True,40
01815,LAMIVUDINE 100 mg TABLET ORAL 100MG TABLET,است,covered,نيست,False,خير,False,خير,False,200,است,True,بله,True,نيست,False,10600,70.0,6736,17336,True,True,40
02066,LAMIVUDINE 10MG/ML ORAL SOLUTION 10MG/ML SOLUTION,است,covered,نيست,False,خير,False,خير,False,2,است,True,بله,True,نيست,False,0,70.0,0,0,True,True,40
01819,LAMIVUDINE 150 mg TABLET ORAL 150MG TABLET,است,covered,نيست,False,خير,False,خير,False,200,است,True,بله,True,نيست,False,11600,70.0,10200,21800,True,True,40
00773,LOVASTATIN 20 mg TABLET ORAL 20MG TABLET,است,covered,نيست,False,خير,False,خير,False,200,نيست,False,خير,False,نيست,False,18320,70.0,2180,20500,True,True,40
00775,LYNESTRENOL 0.5 mg TABLET ORAL TABLET,صرفا مشمول يارانه دولت,government_subsidy_only,نيست,False,خير,False,خير,False,100,نيست,False,خير,False,نيست,False,20589,0.0,911,21500,True,True,40
00795,MAFENIDE ACETATE 112 mg/1g 30 g CREAM TOPICAL CREAM,صرفا مشمول يارانه دولت,government_subsidy_only,نيست,False,خير,False,خير,False,5,نيست,False,خير,False,نيست,False,474892,0.0,407108,882000,True,True,40
00777,MAGNESIUM HYDROXIDE 8% 240 mL SUSPENSION ORAL SUSPENTION,است,covered,نيست,False,خير,False,خير,False,3,نيست,False,خير,False,نيست,False,1150000,70.0,0,1150000,True,True,41
00779,MAGNESIUM SULFATE 7H2O 20% 50ML VIAL 50ML INJECTION,است,covered,نيست,False,خير,False,خير,False,10,نيست,False,خير,False,نيست,False,196000,70.0,0,196000,True,True,41
00781,"MANNITOL 10% 500 mL INJECTION, SOLUTION INTRAVENOUS INFUSION",است,covered,نيست,False,خير,False,خير,False,10,نيست,False,بله,True,نيست,False,555800,70.0,57600,613400,True,True,41
00782,"MANNITOL 20% 500 mL INJECTION, SOLUTION INTRAVENOUS 500ML INFUSION",است,covered,نيست,False,خير,False,خير,False,10,نيست,False,بله,True,نيست,False,1466660,70.0,1533340,3000000,True,True,41
00783,MAPROTILINE HYDROCHLORIDE 25 mg TABLET ORAL 25MG TABLET,است,covered,نيست,False,خير,False,خير,False,200,نيست,False,خير,False,نيست,False,43120,70.0,10880,54000,True,True,41
00784,MAPROTILINE HYDROCHLORIDE 75 mg TABLET ORAL 75MG TABLET,است,covered,نيست,False,خير,False,خير,False,200,نيست,False,خير,False,نيست,False,112070,70.0,28930,141000,True,True,41
00713,ISONIAZID 300 mg TABLET ORAL 300MG TABLET,است,covered,نيست,False,خير,False,خير,False,200,نيست,False,بله,True,نيست,False,26000,70.0,0,26000,True,True,41
00762,LIDOCAINE / HYDROCORTISONE ACETATE 5 %/0.5 % 15 g OINTMENT RECTAL OINTMENT,است,covered,نيست,False,خير,False,خير,False,3,نيست,False,خير,False,نيست,False,715412,70.0,34588,750000,True,True,41
00763,LIOTHYRONINE SODIUM 25 ug TABLET ORAL 25MCG TABLET,است,covered,نيست,False,خير,False,خير,False,200,نيست,False,بله,True,نيست,False,20237,70.0,563,20800,True,True,41
01165,"LIPID INFUSION 10% (1) 500 mL INJECTION, SOLUTION INTRAVENOUS INFUSION",است,covered,نيست,False,خير,False,خير,False,5,نيست,False,بله,True,است,True,27079000,90.0,7871000,34950000,True,True,41
00764,LISINOPRIL 10 mg TABLET ORAL 10MG TABLET,است,covered,نيست,False,خير,False,خير,False,100,نيست,False,خير,False,است,True,19738,70.0,1262,21000,True,True,42
00765,LISINOPRIL 20 mg TABLET ORAL 20MG TABLET,است,covered,نيست,False,خير,False,خير,False,100,نيست,False,خير,False,است,True,22439,70.0,2561,25000,True,True,42
00766,LISINOPRIL 5 mg TABLET ORAL 5MG TABLET,است,covered,نيست,False,خير,False,خير,False,100,نيست,False,خير,False,است,True,19309,70.0,691,20000,True,True,42
00767,LITHIUM CARBONATE 300 mg TABLET ORAL 300MG TABLET,است,covered,نيست,False,خير,False,خير,False,200,نيست,False,خير,False,نيست,False,73255,70.0,26745,100000,True,True,42
00768,"LITHIUM CARBONATE 400 mg TABLET, EXTENDED RELEASE ORAL 400MG TABLET",است,covered,نيست,False,خير,False,خير,False,200,نيست,False,خير,False,نيست,False,420,70.0,0,420,True,True,42
01848,LOPERAMIDE HYDROCHLORIDE 2 mg TABLET ORAL 2MG TABLET,است,covered,نيست,False,خير,False,خير,False,200,نيست,False,خير,False,نيست,False,27000,70.0,0,27000,True,True,42
01574,LORATADINE 10 mg TABLET ORAL 10MG TABLET,است,covered,نيست,False,خير,False,خير,False,200,نيست,False,خير,False,نيست,False,30000,70.0,0,30000,True,True,42
02011,LORATADINE 5 mg/5 mL 60 mL SYRUP ORAL 1MG/ML SYRUP,است,covered,نيست,False,خير,False,خير,False,2,نيست,False,خير,False,نيست,False,496900,70.0,103100,600000,True,True,42
00771,LORAZEPAM 1 mg TABLET ORAL 1MG TABLET,است,covered,نيست,False,خير,False,خير,False,200,نيست,False,خير,False,نيست,False,22639,70.0,361,23000,True,True,42
00772,LORAZEPAM 2 mg TABLET ORAL 2MG TABLET,است,covered,نيست,False,خير,False,خير,False,200,نيست,False,خير,False,نيست,False,24509,70.0,491,25000,True,True,42
01575,LORAZEPAM 2 mg/1mL INJECTION PARENTERAL 2ML INJECTION,است,covered,نيست,False,خير,False,خير,False,10,نيست,False,خير,False,نيست,False,544000,70.0,6000,550000,True,True,43
01576,LORAZEPAM 4 mg/1mL INJECTION PARENTERAL 4MG/ML INJECTION,است,covered,نيست,False,خير,False,خير,False,10,نيست,False,خير,False,نيست,False,320000,70.0,0,320000,True,True,43
01822,LOSARTAN POTASSIUM 25 mg TABLET ORAL 25MG TABLET,است,covered,نيست,False,خير,False,خير,False,400,نيست,False,خير,False,است,True,19325,70.0,15676,35001,True,True,43
01933,LOSARTAN POTASSIUM 50 mg TABLET ORAL 50MG TABLET,است,covered,نيست,False,خير,False,خير,False,300,نيست,False,خير,False,است,True,25654,70.0,14346,40000,True,True,43
00923,NYSTATIN 100000 [iU]/1g 15 g OINTMENT TOPICAL OINTMENT,است,covered,نيست,False,خير,False,خير,False,3,نيست,False,بله,True,است,True,432800,70.0,48200,481000,True,True,43
00925,"NYSTATIN 100000 [iU]/1mL POWDER, FOR SUSPENSION ORAL DROPS",است,covered,نيست,False,خير,False,خير,False,5,است,True,بله,True,است,True,770640,70.0,179360,950000,True,True,43
00560,FLUTAMIDE 250 mg TABLET ORAL 250MG TABLET,است,covered,نيست,False,خير,False,خير,False,200,است,True,بله,True,است,True,97564,90.0,132436,230000,True,True,43
02711,FLUTICASONE PROPIONATE 125 ug/1{dose} 120 {Puff} INHALANT RESPIRATORY INHALATION,است,covered,نيست,False,خير,False,خير,False,2,نيست,False,بله,True,نيست,False,1970000,70.0,5500000,7470000,True,True,43
02710,FLUTICASONE PROPIONATE 250 ug/1{dose} 120 {Puff} INHALANT RESPIRATORY INHALATION,است,covered,نيست,False,خير,False,خير,False,2,نيست,False,بله,True,نيست,False,2170000,70.0,3500000,5670000,True,True,43
02052,FLUTICASONE PROPIONATERESPIRATORY 250 ug/1{dose} 60 {Puff INHALATION,است,covered,نيست,False,خير,False,خير,False,2,نيست,False,بله,True,نيست,False,560000,70.0,0,560000,True,True,43
02053,FLUTICASONE PROPIONATE 50 ug/1{dose} 120 {Puff} INHALANT RESPIRATORY INHALATION,است,covered,نيست,False,خير,False,خير,False,2,نيست,False,بله,True,نيست,False,0,70.0,1204700,1204700,True,True,44
01827,FLUVOXAMINE MALEATE 50 mg TABLET ORAL 50MG TABLET,است,covered,نيست,False,خير,False,خير,False,300,نيست,False,خير,False,نيست,False,30004,70.0,14996,45000,True,True,44
00562,FOLIC ACID 1 mg TABLET ORAL 1MG TABLET,است,covered,نيست,False,خير,False,خير,False,200,نيست,False,خير,False,نيست,False,26711,70.0,289,27000,True,True,44
01948,FOLIC ACID 5 mg TABLET ORAL 5MG TABLET,است,covered,نيست,False,خير,False,خير,False,200,است,True,خير,False,است,True,20545,70.0,11455,32000,True,True,44
02570,"FOLLITROPIN ALFA 75 [iU] INJECTION, POWDER, FOR SOLUTION PARENTERAL INJECTION",است,covered,نيست,False,خير,False,خير,False,14,نيست,False,بله,True,است,True,2269370,70.0,243130,2512500,True,True,44
00568,FURAZOLIDONE 100 mg TABLET ORAL 100MG TABLET,است,covered,نيست,False,خير,False,خير,False,200,نيست,False,خير,False,نيست,False,17532,70.0,3968,21500,True,True,44
01872,FINASTERIDE 1 mg TABLET ORAL 1MG TABLET,صرفا مشمول يارانه دولت,government_subsidy_only,نيست,False,خير,False,خير,False,100,نيست,False,خير,False,نيست,False,21110,0.0,8890,30000,True,True,44
00535,FINASTERIDE 5 mg TABLET ORAL 5MG TABLET,است,covered,نيست,False,خير,False,خير,False,200,نيست,False,خير,False,نيست,False,70000,70.0,80000,150000,True,True,44
00536,FLECAINIDE ACETATE 100 mg TABLET ORAL 100MG TABLET,است,covered,نيست,False,خير,False,خير,False,200,نيست,False,بله,True,نيست,False,79790,70.0,55210,135000,True,True,44
00686,INTERFERON GAMMA 100MCG 100MCG INJECTION,است,covered,نيست,False,خير,False,بله,True,طبق پرونده,است,True,بله,True,است,True,66198400,90.0,3801600,70000000,True,True,44
02141,IODIXANOL 270 mg/1mL 20 mL INJECTION PARENTERAL INJECTION,است,covered,نيست,False,خير,False,خير,False,7,نيست,False,بله,True,است,True,1523826,70.0,544574,2068400,True,True,45
02517,IODIXANOL 320 mg/1mL 50 mL INJECTION PARENTERAL INJECTION,است,covered,نيست,False,خير,False,خير,False,6,نيست,False,بله,True,است,True,4467300,70.0,13532700,18000000,True,True,45
00416,IODOQUINOL 210 mg TABLET ORAL 210MG TABLET,است,covered,نيست,False,خير,False,خير,False,200,نيست,False,خير,False,نيست,False,15770,70.0,29230,45000,True,True,45
00698,IOHEXOL 240 mg/1mL 20 mL INJECTION PARENTERAL INJECTION,است,covered,نيست,False,خير,False,خير,False,15,نيست,False,بله,True,است,True,918929,70.0,263071,1182000,True,True,45
00699,IOHEXOL 240 mg/1mL 50 mL INJECTION PARENTERAL INJECTION,است,covered,نيست,False,خير,False,خير,False,6,نيست,False,بله,True,است,True,2411000,70.0,1446000,3857000,True,True,45
02060,IOHEXOL 300 mg/1mL 100 mL INJECTION PARENTERAL INJECTION,است,covered,نيست,False,خير,False,خير,False,3,نيست,False,بله,True,است,True,15787000,70.0,9213000,25000000,True,True,45
00700,IOHEXOL 300 mg/1mL 10 mL INJECTION PARENTERAL INJECTION,است,covered,نيست,False,خير,False,خير,False,10,نيست,False,بله,True,است,True,169330,70.0,164370,333700,True,True,45
00701,IOHEXOL 300 mg/1mL 20 mL INJECTION PARENTERAL INJECTION,است,covered,نيست,False,خير,False,خير,False,10,نيست,False,بله,True,است,True,1148833,70.0,328567,1477400,True,True,45
02059,IOHEXOL 300 mg/1mL 50 mL INJECTION PARENTERAL INJECTION,است,covered,نيست,False,خير,False,خير,False,6,نيست,False,بله,True,است,True,11070800,70.0,4929200,16000000,True,True,45
02063,IOHEXOL 350 mg/1mL 100 mL INJECTION PARENTERAL INJECTION,است,covered,نيست,False,خير,False,خير,False,3,نيست,False,بله,True,است,True,6249000,70.0,9251000,15500000,True,True,45
07066,PROPRANOLOL HYDROCHLORIDE 20 mg TABLET ORAL TABLET,است,covered,نيست,False,خير,False,خير,False,300,نيست,False,خير,False,نيست,False,21440,70.0,560,22000,True,True,46
00657,IBUPROFEN 100 mg/5mL 120 mL SUSPENSION ORAL 100MG/5ML SUSPENTION,است,covered,نيست,False,خير,False,خير,False,3,نيست,False,خير,False,نيست,False,736840,70.0,563160,1300000,True,True,46
00658,IBUPROFEN 200 mg TABLET ORAL 200MG TABLET,است,covered,نيست,False,خير,False,خير,False,60,نيست,False,خير,False,نيست,False,15880,70.0,16120,32000,True,True,46
00659,IBUPROFEN 400 mg TABLET ORAL 400MG TABLET,است,covered,نيست,False,خير,False,خير,False,60,نيست,False,خير,False,نيست,False,25000,70.0,0,25000,True,True,46
01538,"IDARUBICIN HYDROCHLORIDE 10 mg INJECTION, POWDER, LYOPHILIZED, FOR SOLUTION PARENTERAL 10MG INJECTION",است,covered,نيست,False,خير,False,بله,True,طبق پرونده,است,True,بله,True,است,True,13345200,90.0,7088400,20433600,True,True,46
01537,"IDARUBICIN HYDROCHLORIDE 5 mg INJECTION, POWDER, LYOPHILIZED, FOR SOLUTION PARENTERAL 5MG INJECTION",است,covered,نيست,False,خير,False,بله,True,طبق پرونده,نيست,False,بله,True,است,True,6239200,90.0,3532300,9771500,True,True,46
00661,"IDOXURIDINE 0.1% 10 mL SOLUTION, DROPS OPHTHALMIC 10ML DROPS",است,covered,نيست,False,خير,False,خير,False,5,نيست,False,خير,False,نيست,False,71000,70.0,0,71000,True,True,46
00662,"IFOSFAMIDE 1 g INJECTION, POWDER, FOR SOLUTION PARENTERAL INJECTION",است,covered,نيست,False,خير,False,بله,True,طبق پرونده,نيست,False,بله,True,است,True,3674400,90.0,9925600,13600000,True,True,46
02138,"IFOSFAMIDE 2 g INJECTION, POWDER, FOR SOLUTION PARENTERAL INJECTION",است,covered,نيست,False,خير,False,بله,True,طبق پرونده,نيست,False,بله,True,است,True,9375000,90.0,0,9375000,True,True,46
02289,IMATINIB (AS MESYLATE) 100 mg CAPSULE ORAL CAPSULE,است,covered,نيست,False,خير,False,بله,True,طبق پرونده,است,True,بله,True,است,True,258800,90.0,191200,450000,True,True,46
02080,"IMIGLUCERASE 200 [iU] INJECTION, POWDER, FOR SOLUTION PARENTERAL 200U INJECTION",است,covered,نيست,False,بله,True,بله,True,طبق پرونده,نيست,False,بله,True,است,True,14925000,100.0,0,14925000,True,True,47
02435,"IMIPENEM / CILASTATIN 250 mg/250 mg INJECTION, POWDER, FOR SOLUTION PARENTERAL INJECTION",است,covered,است,True,خير,False,خير,False,25,نيست,False,بله,True,است,True,121000,70.0,0,121000,True,True,47
01876,"IMIPENEM / CILASTATIN 500 mg/500 mg INJECTION, POWDER, FOR SOLUTION PARENTERAL INJECTION",است,covered,است,True,خير,False,خير,False,20,نيست,False,بله,True,است,True,1768900,70.0,631100,2400000,True,True,47
02436,"IMIPENEM / CILASTATIN 750 mg/750 mg INJECTION, POWDER, FOR SOLUTION PARENTERAL INJECTION",است,covered,است,True,خير,False,خير,False,30,نيست,False,بله,True,است,True,200000,70.0,0,200000,True,True,47
00664,IMIPRAMINE HYDROCHLORIDE 10 mg TABLET ORAL 10MG TABLET,است,covered,نيست,False,خير,False,خير,False,400,نيست,False,خير,False,نيست,False,22588,70.0,412,23000,True,True,47
00665,IMIPRAMINE HYDROCHLORIDE 25 mg TABLET ORAL 25MG TABLET,است,covered,نيست,False,خير,False,خير,False,300,نيست,False,خير,False,نيست,False,24067,70.0,933,25000,True,True,47
00668,INDOMETHACIN 100 mg SUPPOSITORY RECTAL 100MG SUPPOSITORY,است,covered,نيست,False,خير,False,خير,False,20,نيست,False,خير,False,نيست,False,104859,70.0,45141,150000,True,True,47
00669,INDOMETHACIN 25 mg CAPSULE ORAL 25MG CAPSULE,است,covered,نيست,False,خير,False,خير,False,200,نيست,False,خير,False,نيست,False,24350,70.0,15650,40000,True,True,47
00670,INDOMETHACIN 50 mg SUPPOSITORY RECTAL 50MG SUPPOSITORY,است,covered,نيست,False,خير,False,خير,False,20,نيست,False,خير,False,نيست,False,61666,70.0,3334,65000,True,True,47
00639,HYDROCORTISONE ACETATE 1% 3 g OINTMENT OPHTHALMIC OINTMENT,است,covered,نيست,False,خير,False,خير,False,3,است,True,خير,False,نيست,False,387163,70.0,12837,400000,True,True,47
00640,HYDROCORTISONE ACETATE 1% 15 g OINTMENT TOPICAL OINTMENT,است,covered,نيست,False,خير,False,خير,False,3,است,True,خير,False,نيست,False,750000,70.0,0,750000,True,True,48
00637,"HYDROCORTISONE (AS SODIUM SUCCINATE) 100 mg INJECTION, POWDER, FOR SOLUTION PARENTERAL INJECTION",است,covered,نيست,False,خير,False,خير,False,10,نيست,False,خير,False,نيست,False,528900,70.0,221100,750000,True,True,48
01825,HYDROXYCHLOROQUINE SULFATE 200 mg TABLET ORAL 200MG TABLET,است,covered,نيست,False,خير,False,خير,False,200,نيست,False,خير,False,نيست,False,93416,70.0,26584,120000,True,True,48
01917,HYDROXYPROGESTERONE CAPROATE 250 mg/1mL 1 mL INJECTION PARENTERAL 250MG/ML INJECTION,است,covered,نيست,False,خير,False,خير,False,5,نيست,False,بله,True,نيست,False,561039,90.0,38961,600000,True,True,48
00648,HYDROXYUREA 500 mg CAPSULE ORAL 500MG CAPSULE,است,covered,نيست,False,خير,False,خير,False,200,است,True,بله,True,است,True,4400,90.0,50000,54400,True,True,48
00651,HYDROXYZINE HYDROCHLORIDE 10 mg TABLET ORAL 10MG TABLET,است,covered,نيست,False,خير,False,خير,False,200,نيست,False,خير,False,نيست,False,19612,70.0,388,20000,True,True,48
00650,HYDROXYZINE HYDROCHLORIDE 10 mg/5mL 120 mL SYRUP ORAL 10MG/5ML SYRUP,است,covered,نيست,False,خير,False,خير,False,3,نيست,False,خير,False,نيست,False,434800,70.0,195200,630000,True,True,48
00652,HYDROXYZINE HYDROCHLORIDE 25 mg TABLET ORAL 25MG TABLET,است,covered,نيست,False,خير,False,خير,False,300,نيست,False,خير,False,نيست,False,21012,70.0,988,22000,True,True,48
00653,HYOSCINE-N-BUTYL BROMIDE 10 mg SUPPOSITORY RECTAL 10MG SUPPOSITORY,است,covered,نيست,False,خير,False,خير,False,20,نيست,False,خير,False,نيست,False,58500,70.0,0,58500,True,True,48
00654,HYOSCINE-N-BUTYL BROMIDE 10 mg TABLET ORAL 10MG TABLET,است,covered,نيست,False,خير,False,خير,False,200,نيست,False,خير,False,نيست,False,59795,70.0,30205,90000,True,True,48
00655,HYOSCINE-N-BUTYL BROMIDE 20 mg/1mL INJECTION PARENTERAL 20MG INJECTION,است,covered,نيست,False,خير,False,خير,False,10,نيست,False,خير,False,نيست,False,437400,70.0,32600,470000,True,True,49
00656,HYOSCINE-N-BUTYL BROMIDE 7.5 mg SUPPOSITORY RECTAL 7.5MG SUPPOSITORY,است,covered,نيست,False,خير,False,خير,False,20,نيست,False,خير,False,نيست,False,53300,70.0,0,53300,True,True,49
00624,HEPARIN SODIUM 5000 [iU]/1mL 1 mL INJECTION PARENTERAL INJECTION,است,covered,نيست,False,خير,False,خير,False,60,است,True,بله,True,نيست,False,912841,70.0,387160,1300001,True,True,49
01530,HEPATITIS B IMMUNE GLOBULIN 200 [iU]/1mL 1 mL INJECTION PARENTERAL INJECTION,است,covered,نيست,False,خير,False,خير,False,1,نيست,False,بله,True,است,True,2278000,95.0,0,2278000,True,True,49
00630,"HOMATROPINE 2% 10 mL SOLUTION, DROPS OPHTHALMIC 10ML DROPS",است,covered,نيست,False,خير,False,خير,False,5,نيست,False,خير,False,نيست,False,620092,70.0,159908,780000,True,True,49
00631,HYDRALAZINE HYDROCHLORIDE 10 mg TABLET ORAL 10MG TABLET,است,covered,نيست,False,خير,False,خير,False,200,نيست,False,خير,False,نيست,False,7150,70.0,13850,21000,True,True,49
00632,HYDRALAZINE HCL 20MG/ML AMP 20MG/ML INJECTION,است,covered,نيست,False,خير,False,خير,False,10,نيست,False,خير,False,نيست,False,400000,70.0,900000,1300000,True,True,49
00633,HYDRALAZINE HYDROCHLORIDE 25 mg TABLET ORAL 25MG TABLET,است,covered,نيست,False,خير,False,خير,False,200,نيست,False,خير,False,نيست,False,6910,70.0,26090,33000,True,True,49
00634,HYDRALAZINE HYDROCHLORIDE 50 mg TABLET ORAL 50MG TABLET,است,covered,نيست,False,خير,False,خير,False,200,نيست,False,خير,False,نيست,False,4800,70.0,21200,26000,True,True,49
00636,HYDROCHLOROTHIAZIDE 50 mg TABLET ORAL 50MG TABLET,است,covered,نيست,False,خير,False,خير,False,200,نيست,False,خير,False,نيست,False,23362,70.0,638,24000,True,True,49
00638,HYDROCORTISONE 10 mg TABLET ORAL 10MG TABLET,است,covered,نيست,False,خير,False,خير,False,200,است,True,خير,False,است,True,19000,70.0,0,19000,True,True,50
02056,HYDROCORTISONE ACETATE 1% 15 g CREAM TOPICAL CREAM,است,covered,نيست,False,خير,False,خير,False,5,است,True,خير,False,نيست,False,618842,70.0,31158,650000,True,True,50
00609,GRANISETRON 1 mg TABLET ORAL 1MG TABLET,است,covered,نيست,False,خير,False,خير,False,30,نيست,False,خير,False,نيست,False,20821,90.0,2179,23000,True,True,50
00610,"GRANISETRON 1 mg/1mL 3 mL INJECTION, SOLUTION INTRAVENOUS 3MG/3ML INJECTION",است,covered,نيست,False,خير,False,خير,False,5,نيست,False,خير,False,نيست,False,694800,90.0,55200,750000,True,True,50
00613,GRISEOFULVIN 125 mg TABLET ORAL TABLET,است,covered,نيست,False,خير,False,خير,False,200,نيست,False,خير,False,نيست,False,750,70.0,0,750,True,True,50
00614,GUAIFENESIN 100 mg/5mL 60 mL SYRUP ORAL 100MG/5ML SYRUP,است,covered,نيست,False,خير,False,خير,False,3,نيست,False,خير,False,نيست,False,503300,70.0,96700,600000,True,True,50
00617,HALOPERIDOL 0.5 mg TABLET ORAL 0.5MG TABLET,است,covered,نيست,False,خير,False,خير,False,400,نيست,False,خير,False,نيست,False,22588,70.0,412,23000,True,True,50
00619,HALOPERIDOL 5 mg TABLET ORAL 5MG TABLET,است,covered,نيست,False,خير,False,خير,False,200,نيست,False,خير,False,نيست,False,23342,70.0,1658,25000,True,True,50
00616,HALOPERIDOL (AS DECANOATE) 50 mg/1mL 1 mL INJECTION PARENTERAL 50MG/ML INJECTION,است,covered,نيست,False,خير,False,خير,False,10,است,True,بله,True,است,True,704000,70.0,0,704000,True,True,50
00618,HALOPERIDOL (AS LACTATE) 2 mg/1mL 15 mL SOLUTION ORAL 15ML DROPS,است,covered,نيست,False,خير,False,خير,False,5,نيست,False,خير,False,نيست,False,479037,70.0,20963,500000,True,True,50
00620,HALOPERIDOL (AS LACTATE) 5 mg/1mL INJECTION PARENTERAL INJECTION,است,covered,نيست,False,خير,False,خير,False,10,است,True,بله,True,است,True,589700,70.0,40300,630000,True,True,51
00622,HEMATINIC 15 ug/350 mg/150 mg/1 mg CAPSULE ORAL CAPSULE,است,covered,نيست,False,خير,False,خير,False,200,نيست,False,خير,False,نيست,False,18320,70.0,1680,20000,True,True,51
00625,HEPARIN SODIUM 10000 [iU]/1mL 1 mL INJECTION PARENTERAL INJECTION,است,covered,نيست,False,خير,False,خير,False,60,نيست,False,بله,True,نيست,False,250000,70.0,0,250000,True,True,51
01523,GLICLAZIDE 80 mg TABLET ORAL 80MG TABLET,است,covered,نيست,False,خير,False,خير,False,200,نيست,False,خير,False,نيست,False,29504,70.0,15497,45001,True,True,51
00597,GLUCAGON HCL 1MG/1ML VIAL INJECTION,است,covered,نيست,False,خير,False,خير,False,10,نيست,False,بله,True,نيست,False,1100000,70.0,6232000,7332000,True,True,51
02054,GLYCERIN 1 g SUPPOSITORY RECTAL SUPPOSITORY,است,covered,نيست,False,خير,False,خير,False,20,نيست,False,خير,False,نيست,False,96070,70.0,43930,140000,True,True,51
02055,GLYCERIN 2 g SUPPOSITORY RECTAL SUPPOSITORY,است,covered,نيست,False,خير,False,خير,False,20,نيست,False,خير,False,نيست,False,107640,70.0,42360,150000,True,True,51
02238,GLYCINE 1.5% 1000 mL SOLUTION IRRIGATION SOLUTION,است,covered,است,True,خير,False,خير,False,2,نيست,False,بله,True,نيست,False,1482520,70.0,417480,1900000,True,True,51
00601,GLYCINE 1.5% 3000 mL SOLUTION IRRIGATION BULK,است,covered,است,True,خير,False,خير,False,5000,نيست,False,بله,True,نيست,False,3364660,70.0,1535340,4900000,True,True,51
00604,"GONADORELIN 100 ug INJECTION, POWDER, FOR SOLUTION PARENTERAL 0.1MG INJECTION",است,covered,نيست,False,خير,False,خير,False,10,نيست,False,بله,True,نيست,False,988000,70.0,0,988000,True,True,51
00583,GELATIN MODIFIED 500 ML INFUSION 500ML INFUSION,است,covered,است,True,خير,False,خير,False,10,نيست,False,بله,True,نيست,False,230000,70.0,0,230000,True,True,52
02135,"GEMCITABINE (AS HYDROCHLORIDE) 1 g INJECTION, POWDER, LYOPHILIZED, FOR SOLUTION PARENTERAL INJECTION",است,covered,نيست,False,خير,False,بله,True,طبق پرونده,است,True,بله,True,است,True,5710328,90.0,2289672,8000000,True,True,52
11655,MESALAZINE 1000 mg SUPPOSITORY RECTAL SUSPENTION,است,covered,نيست,False,خير,False,خير,False,30,است,True,بله,True,است,True,476800,90.0,316200,793000,True,True,52
01550,IOHEXOL 350 mg/1mL 20 mL INJECTION PARENTERAL INJECTION,است,covered,نيست,False,خير,False,خير,False,15,نيست,False,بله,True,است,True,1241036,70.0,384164,1625200,True,True,52
00804,"MENOTROPINS 75 [iU]/75 [iU] INJECTION, POWDER, LYOPHILIZED, FOR SOLUTION PARENTERAL INJECTION",است,covered,نيست,False,خير,False,خير,False,60,نيست,False,بله,True,است,True,1619500,90.0,580500,2200000,True,True,52
00807,MENTHOL SALICYLATE 10 %/15 % 30 g OINTMENT TOPICAL OINTMENT,است,covered,نيست,False,خير,False,خير,False,3,نيست,False,خير,False,نيست,False,585000,70.0,0,585000,True,True,52
01782,MEPIVACAIN HCL 3% 1.3ML INJECTION,است,covered,نيست,False,خير,False,خير,False,5,نيست,False,خير,False,نيست,False,589262,70.0,10738,600000,True,True,52
00811,MERCAPTOPURINE 50 mg TABLET ORAL 50MG TABLET,است,covered,نيست,False,خير,False,خير,False,100,است,True,بله,True,نيست,False,112000,90.0,0,112000,True,True,52
03283,MEROPENEM 500MG/20ML VIAL INJECTION,است,covered,است,True,خير,False,خير,False,20,است,True,بله,True,است,True,933700,70.0,366300,1300000,True,True,52
02443,"MESALAZINE 1 g GRANULE, EXTENDED RELEASE ORAL 1G GRANULE",است,covered,نيست,False,خير,False,خير,False,100,نيست,False,خير,False,است,True,80156,70.0,15844,96000,True,True,52
01728,"MESALAZINE 250 mg TABLET, DELAYED RELEASE ORAL 250MG TABLET",است,covered,نيست,False,خير,False,خير,False,200,نيست,False,بله,True,است,True,4800,70.0,0,4800,True,True,53
00785,MESALAZINE 4 g/100mL ENEMA RECTAL 4G ENEMA,است,covered,نيست,False,خير,False,خير,False,15,است,True,بله,True,است,True,1450000,80.0,0,1450000,True,True,53
00812,"MESALAZINE 400 mg TABLET, DELAYED RELEASE ORAL 400MG TABLET",است,covered,نيست,False,خير,False,خير,False,400,نيست,False,بله,True,است,True,169000,90.0,286000,455000,True,True,53
02246,MESALAZINE 500 mg SUPPOSITORY RECTAL 500MG SUPPOSITORY,است,covered,نيست,False,خير,False,خير,False,60,است,True,بله,True,است,True,87800,90.0,32200,120000,True,True,53
02156,"MESALAZINE 500 mg TABLET, EXTENDED RELEASE ORAL 500MG TABLET",است,covered,نيست,False,خير,False,خير,False,200,نيست,False,بله,True,است,True,4000,70.0,0,4000,True,True,53
00814,MESNA 100 mg/1mL 4 mL INJECTION PARENTERAL 400MG/4ML INJECTION,است,covered,نيست,False,خير,False,خير,False,30,است,True,بله,True,است,True,459278,70.0,840722,1300000,True,True,53
00817,METFORMIN HYDROCHLORIDE 500 mg TABLET ORAL 500MG TABLET,است,covered,نيست,False,خير,False,خير,False,500,نيست,False,خير,False,نيست,False,20514,70.0,24486,45000,True,True,53
00786,"MEBENDAZOLE 100 mg TABLET, CHEWABLE ORAL 100MG TABLET",است,covered,نيست,False,خير,False,خير,False,200,نيست,False,خير,False,نيست,False,40000,70.0,0,40000,True,True,53
00787,MEBEVERINE HYDROCHLORIDE 135 mg TABLET ORAL 135MG TABLET,است,covered,نيست,False,خير,False,خير,False,200,نيست,False,خير,False,نيست,False,24942,70.0,18058,43000,True,True,53
00791,"MEDROXYPROGESTERONE ACETATE 150 mg/1mL 1 mL INJECTION, SUSPENSION PARENTERAL 150MG/ML INJECTION",است,covered,نيست,False,خير,False,خير,False,10,نيست,False,بله,True,نيست,False,601540,90.0,48460,650000,True,True,53
00792,MEDROXYPROGESTERONE ACETATE 5 mg TABLET ORAL 5MG TABLET,است,covered,نيست,False,خير,False,خير,False,200,نيست,False,خير,False,نيست,False,15763,90.0,22737,38500,True,True,54
00794,MEFENAMIC ACID 250 mg CAPSULE ORAL 250MG CAPSULE,است,covered,نيست,False,خير,False,خير,False,60,نيست,False,خير,False,نيست,False,31600,70.0,8400,40000,True,True,54
01582,MEGESTROL ACETATE 20 mg TABLET ORAL 20MG TABLET,است,covered,نيست,False,خير,False,خير,False,200,نيست,False,خير,False,نيست,False,23426,70.0,4574,28000,True,True,54
00800,MEGESTROL ACETATE 40 mg TABLET ORAL 40MG TABLET,است,covered,نيست,False,خير,False,خير,False,100,نيست,False,خير,False,نيست,False,51828,70.0,138172,190000,True,True,54
00797,"MEGLUMINE ANTIMONATE 300 mg/1mL 5 mL INJECTION, SOLUTION PARENTERAL INJECTION",است,covered,نيست,False,خير,False,خير,False,10,نيست,False,بله,True,است,True,325000,70.0,895000,1220000,True,True,54
00802,MEGLUMINE COMPOUND 52.1 %/7.9 % 20 mL INJECTION PARENTERAL INJECTION,است,covered,نيست,False,خير,False,خير,False,10,نيست,False,بله,True,است,True,68000,70.0,0,68000,True,True,54
00798,MEGLUMINE COMPOUND 66 %/10 % 100 mL INJECTION PARENTERAL INJECTION,است,covered,نيست,False,خير,False,خير,False,1,نيست,False,بله,True,است,True,308000,70.0,0,308000,True,True,54
00799,MEGLUMINE COMPOUND 66 %/10 % 20 mL INJECTION PARENTERAL INJECTION,است,covered,نيست,False,خير,False,خير,False,5,نيست,False,بله,True,است,True,1328200,70.0,4071800,5400000,True,True,54
00801,MEGLUMINE COMPOUND 66 %/10 % 100 mL SOLUTION ORAL SOLUTION,است,covered,نيست,False,خير,False,خير,False,1,نيست,False,بله,True,است,True,308000,70.0,0,308000,True,True,54
00803,MELPHALAN 2 mg TABLET ORAL 2MG TABLET,است,covered,نيست,False,خير,False,بله,True,طبق پرونده,است,True,بله,True,است,True,132000,80.0,359000,491000,True,True,54
02153,"MELPHALAN 50 mg INJECTION, POWDER, FOR SOLUTION PARENTERAL INJECTION",است,covered,نيست,False,خير,False,بله,True,طبق پرونده,است,True,بله,True,است,True,2378900,90.0,20141100,22520000,True,True,55
00882,NALIDIXIC ACID 300 mg/5mL 120 mL SUSPENSION ORAL 60MG/ML SUSPENTION,است,covered,نيست,False,خير,False,خير,False,3,نيست,False,بله,True,نيست,False,780440,70.0,194560,975000,True,True,55
01341,NALOXONE HYDROCHLORIDE 0.4 mg/1mL INJECTION PARENTERAL INJECTION,است,covered,نيست,False,خير,False,خير,False,10,نيست,False,خير,False,نيست,False,633800,70.0,16200,650000,True,True,55
00884,NANDROLONE DECANOATE 25 mg/1mL INJECTION PARENTERAL 25MG/ML INJECTION,است,covered,نيست,False,خير,False,خير,False,10,نيست,False,خير,False,نيست,False,890891,70.0,9109,900000,True,True,55
00886,"NAPHAZOLINE HYDROCHLORIDE 0.05% 10 mL SOLUTION, DROPS NASAL 10ML DROPS",است,covered,نيست,False,خير,False,خير,False,5,نيست,False,خير,False,نيست,False,474900,70.0,25100,500000,True,True,55
00887,"NAPHAZOLINE HYDROCHLORIDE 0.1% 10 mL SOLUTION, DROPS OPHTHALMIC 10ML DROPS",است,covered,نيست,False,خير,False,خير,False,5,نيست,False,خير,False,نيست,False,570300,70.0,29700,600000,True,True,55
00888,"NAPHAZOLINE / ANTAZOLINE 0.05 %/0.5 % 10 mL SOLUTION, DROPS OPHTHALMIC 10ML DROPS",است,covered,نيست,False,خير,False,خير,False,5,نيست,False,خير,False,نيست,False,544898,70.0,142102,687000,True,True,55
00889,NAPROXEN 250 mg TABLET ORAL 250MG TABLET,است,covered,نيست,False,خير,False,خير,False,200,نيست,False,خير,False,نيست,False,50000,70.0,10000,60000,True,True,55
01606,"NAPROXEN 500 mg TABLET, DELAYED RELEASE ORAL 500MG TABLET",است,covered,نيست,False,خير,False,خير,False,60,نيست,False,خير,False,نيست,False,75000,70.0,10000,85000,True,True,55
00890,NATAMYCIN 5% 15ML OPH DROP 15ML DROPS,است,covered,نيست,False,خير,False,خير,False,5,نيست,False,بله,True,نيست,False,111500,70.0,0,111500,True,True,55
01835,NELFINAVIR 250 mg TABLET ORAL 250MG TABLET,است,covered,نيست,False,خير,False,خير,False,200,نيست,False,بله,True,نيست,False,14800,70.0,0,14800,True,True,56
00893,NEOSTIGMINE METHYLSULFATE 0.5 mg/1mL 1 mL INJECTION PARENTERAL 0.5MG/ML INJECTION,است,covered,است,True,خير,False,خير,False,10,نيست,False,خير,False,نيست,False,595800,70.0,24200,620000,True,True,56
00895,NEOSTIGMINE METHYLSULFATE 2.5 mg/1mL 1 mL INJECTION PARENTERAL 2.5MG/ML INJECTION,است,covered,است,True,خير,False,خير,False,10,نيست,False,خير,False,نيست,False,595700,70.0,54300,650000,True,True,56
00897,"NICLOSAMIDE 500 mg TABLET, CHEWABLE ORAL 500MG TABLET",است,covered,نيست,False,خير,False,خير,False,200,نيست,False,خير,False,نيست,False,14435,70.0,28565,43000,True,True,56
00881,NALIDIXIC ACID 500 mg TABLET ORAL TABLET,است,covered,نيست,False,خير,False,خير,False,200,نيست,False,خير,False,نيست,False,120000,70.0,0,120000,True,True,56
01600,MORPHINE SULFATE 10 mg/1mL INJECTION PARENTERAL 10MG/ML INJECTION,است,covered,نيست,False,خير,False,خير,False,30,نيست,False,بله,True,نيست,False,644722,70.0,5278,650000,True,True,56
00871,MULTIVITAMIN DROP DROPS,است,covered,نيست,False,خير,False,خير,False,5,نيست,False,خير,False,نيست,False,27500,70.0,0,27500,True,True,56
00867,MULTIVITAMIN THERAPEUTIC CAPSULE ORAL CAPSULE,صرفا مشمول صندوق صعب العلاج,صرفا مشمول صندوق صعب العلاج,نيست,False,خير,False,خير,False,200,است,True,خير,False,است,True,17100,0.0,1,17101,True,True,56
00873,MULTIVITAMIN+IRON DROP DROPS,است,covered,نيست,False,خير,False,خير,False,5,نيست,False,خير,False,نيست,False,27500,70.0,0,27500,True,True,56
00875,MUPIROCIN 2% 15 g OINTMENT TOPICAL OINTMENT,است,covered,نيست,False,خير,False,خير,False,3,نيست,False,خير,False,نيست,False,1134940,70.0,465060,1600000,True,True,56
01755,MYCOPHENOLATE MOFETIL 250 mg CAPSULE ORAL 250MG CAPSULE,است,covered,نيست,False,خير,False,خير,False,240,است,True,بله,True,است,True,48400,100.0,69300,117700,True,True,57
01753,MYCOPHENOLATE MOFETIL 500 mg TABLET ORAL 500MG TABLET,است,covered,نيست,False,خير,False,خير,False,120,است,True,بله,True,است,True,250000,100.0,100000,350000,True,True,57
01866,NAFCILLIN 1 g/1mL INJECTION PARENTERAL 1000MG INJECTION,است,covered,است,True,خير,False,خير,False,10,نيست,False,بله,True,است,True,1150000,70.0,0,1150000,True,True,57
01485,EDETATE CALCIUM DISODIUM 50MG/ML AMP 50MG/ML INJECTION,است,covered,است,True,خير,False,خير,False,10,نيست,False,بله,True,نيست,False,1463000,70.0,7164000,8627000,True,True,57
00482,ENALAPRIL MALEATE 20 mg TABLET ORAL 20MG TABLET,است,covered,نيست,False,خير,False,خير,False,400,نيست,False,خير,False,نيست,False,29277,70.0,5723,35000,True,True,57
02294,ENOXAPARIN SODIUM 100 mg/1mL 0.2 mL INJECTION PARENTERAL INJECTION,است,covered,نيست,False,خير,False,خير,False,30,است,True,بله,True,است,True,618500,70.0,123685,742185,True,True,57
02043,ENOXAPARIN SODIUM 100 mg/1mL 0.4 mL INJECTION PARENTERAL INJECTION,است,covered,نيست,False,خير,False,خير,False,30,است,True,بله,True,است,True,1637212,70.0,162788,1800000,True,True,57
02292,ENOXAPARIN SODIUM 100 mg/1mL 0.6 mL INJECTION PARENTERAL INJECTION,است,covered,نيست,False,خير,False,خير,False,30,است,True,بله,True,است,True,2090676,70.0,209324,2300000,True,True,57
02293,ENOXAPARIN SODIUM 100 mg/1mL 0.8 mL INJECTION PARENTERAL INJECTION,است,covered,نيست,False,خير,False,خير,False,30,است,True,بله,True,است,True,1585979,70.0,914021,2500000,True,True,57
00466,"DOBUTAMINE (AS HYDROCHLORIDE) 250 mg INJECTION, POWDER, LYOPHILIZED, FOR SOLUTION INTRAVENOUS 250MG INJECTION",صرفا مشمول يارانه دولت,government_subsidy_only,است,True,خير,False,خير,False,5,نيست,False,بله,True,است,True,1224000,0.0,276000,1500000,True,True,57
01716,"DOCETAXEL POWDER, FOR SOLUTION 20 mg INJECTION",است,covered,نيست,False,خير,False,بله,True,طبق پرونده,نيست,False,بله,True,است,True,1843000,90.0,0,1843000,True,True,58
01478,"DOCETAXEL INJECTION, SOLUTION 10 mg/1m 80MG INJECTION",است,covered,نيست,False,خير,False,بله,True,طبق پرونده,نيست,False,بله,True,است,True,7234500,90.0,0,7234500,True,True,58
01928,DONEPEZIL HYDROCHLORIDE 10 mg TABLET ORAL 10MG TABLET,است,covered,نيست,False,خير,False,خير,False,200,نيست,False,خير,False,نيست,False,37050,70.0,27950,65000,True,True,58
01927,DONEPEZIL HYDROCHLORIDE 5 mg TABLET ORAL 5MG TABLET,است,covered,نيست,False,خير,False,خير,False,200,نيست,False,خير,False,نيست,False,29900,70.0,18100,48000,True,True,58
00468,DOPAMINE HYDROCHLORIDE 40 mg/1mL 5 mL INJECTION PARENTERAL 200MG/5ML INJECTION,است,covered,است,True,خير,False,خير,False,10,نيست,False,بله,True,نيست,False,720505,70.0,29495,750000,True,True,58
00469,"DORZOLAMIDE (AS HYDROCHLORIDE) 2% 5 mL SOLUTION, DROPS OPHTHALMIC DROPS",است,covered,نيست,False,خير,False,خير,False,5,نيست,False,خير,False,نيست,False,820045,70.0,159955,980000,True,True,58
01329,DOXAPRAM HYDROCHLORIDE 20 mg/1mL 5 mL INJECTION PARENTERAL 100MG/5ML INJECTION,است,covered,نيست,False,خير,False,خير,False,10,نيست,False,بله,True,است,True,2886000,70.0,8474000,11360000,True,True,58
00470,DOXEPIN 10 mg CAPSULE ORAL 10MG CAPSULE,است,covered,نيست,False,خير,False,خير,False,200,نيست,False,خير,False,نيست,False,18844,70.0,1156,20000,True,True,58
01995,DOXEPIN 10 mg TABLET ORAL 10MG TABLET,است,covered,نيست,False,خير,False,خير,False,200,نيست,False,خير,False,نيست,False,1000,70.0,0,1000,True,True,58
00471,DOXEPIN 25 mg CAPSULE ORAL 25MG CAPSULE,است,covered,نيست,False,خير,False,خير,False,200,نيست,False,خير,False,نيست,False,33222,70.0,6779,40001,True,True,58
01996,DOXEPIN 25 mg TABLET ORAL 25MG TABLET,است,covered,نيست,False,خير,False,خير,False,200,نيست,False,خير,False,نيست,False,2400,70.0,0,2400,True,True,59
00474,DOXYCYCLINE (AS MONOHYDRATE) 100 mg CAPSULE ORAL 100MG CAPSULE,است,covered,نيست,False,خير,False,خير,False,200,نيست,False,خير,False,نيست,False,64695,70.0,25305,90000,True,True,59
Z01339,DROPERIDOL 25MG/10ML AMP 25MG/10ML INJECTION,است,covered,نيست,False,خير,False,خير,False,10,نيست,False,خير,False,نيست,False,0,70.0,0,0,True,True,59
00671,"INDOMETHACIN 75 mg TABLET, EXTENDED RELEASE ORAL 75MG TABLET",است,covered,نيست,False,خير,False,خير,False,200,نيست,False,خير,False,نيست,False,19049,70.0,2951,22000,True,True,59
01544,INSULIN BIPHASIC ISOPHANE 70 %/30 % 10 mL INJECTION PARENTERAL 100U INJECTION,است,covered,نيست,False,خير,False,خير,False,5,نيست,False,بله,True,است,True,955000,95.0,495000,1450000,True,True,59
00676,INSULIN ISOPHANE 100 [iU]/1mL 10 mL INJECTION PARENTERAL 100U INJECTION,است,covered,نيست,False,خير,False,خير,False,8,نيست,False,بله,True,است,True,1388500,95.0,1011500,2400000,True,True,59
00674,INSULIN REGULAR 100 [iU]/1mL 10 mL INJECTION PARENTERAL 100U INJECTION,است,covered,نيست,False,خير,False,خير,False,6,نيست,False,بله,True,است,True,1388500,95.0,1011500,2400000,True,True,59
01545,INTERFERON ALFA-2B 3MEGA VIAL INJECTION,است,covered,نيست,False,خير,False,خير,False,30,نيست,False,بله,True,است,True,284456,70.0,25544,310000,True,True,59
00682,INTERFERON ALFA-2B 5MEGA VIAL INJECTION,است,covered,نيست,False,خير,False,خير,False,30,نيست,False,بله,True,است,True,401684,70.0,38316,440000,True,True,59
02667,INTERFERON BETA-1A POWDER PARENTERAL6000000 iU/VIAL INJECTION,است,covered,نيست,False,خير,False,بله,True,طبق پرونده,است,True,بله,True,است,True,1672500,95.0,957131,2629631,True,True,59
00459,DIPYRIDAMOLE 5 mg/1mL 2 mL INJECTION PARENTERAL 10MG/2ML INJECTION,است,covered,نيست,False,خير,False,خير,False,10,نيست,False,خير,False,نيست,False,521600,70.0,28400,550000,True,True,60
00460,DIPYRIDAMOLE 25 mg TABLET ORAL 25MG TABLET,است,covered,نيست,False,خير,False,خير,False,200,نيست,False,خير,False,نيست,False,17107,70.0,2893,20000,True,True,60
00461,DIPYRIDAMOLE 75 mg TABLET ORAL 75MG TABLET,است,covered,نيست,False,خير,False,خير,False,200,نيست,False,خير,False,نيست,False,17772,70.0,12228,30000,True,True,60
00342,CO-TRIMOXAZOLE 100 mg/20 mg TABLET ORAL TABLET,است,covered,نيست,False,خير,False,خير,False,200,نيست,False,خير,False,نيست,False,13557,70.0,943,14500,True,True,60
00340,CO-TRIMOXAZOLE 200 mg/40 mg/5mL 100 mL SUSPENSION ORAL 5ML SUSPENTION,است,covered,نيست,False,خير,False,خير,False,3,است,True,خير,False,است,True,506800,70.0,193200,700000,True,True,60
00339,CO-TRIMOXAZOLE 400 mg/80 mg TABLET ORAL TABLET,است,covered,نيست,False,خير,False,خير,False,200,است,True,خير,False,است,True,26203,70.0,4297,30500,True,True,60
00341,"CO-TRIMOXAZOLE 80 mg/16 mg/1mL 5 mL INJECTION, SOLUTION INTRAVENOUS 5ML INJECTION",است,covered,است,True,خير,False,خير,False,10,نيست,False,خير,False,است,True,682735,70.0,17265,700000,True,True,60
01449,CROMOLYN SODIUM 1 mg/1{dose} 120 {dose} INHALANT RESPIRATORY 1MG SPRAY,است,covered,نيست,False,خير,False,خير,False,2,نيست,False,بله,True,نيست,False,112000,70.0,0,112000,True,True,60
01749,CROMOLYN SODIUM 2% 13ML NASAL SPRAY SPRAY,است,covered,نيست,False,خير,False,خير,False,2,نيست,False,خير,False,نيست,False,93000,70.0,0,93000,True,True,60
01748,CROMOLYN SODIUM 20 mg/1mL 5 mL SOLUTION OPHTHALMIC 5ML DROPS,است,covered,نيست,False,خير,False,خير,False,5,نيست,False,خير,False,نيست,False,403400,70.0,66600,470000,True,True,60
00329,CLOXACILLIN (AS SODIUM) 250 mg CAPSULE ORAL 250MG CAPSULE,است,covered,نيست,False,خير,False,خير,False,50,نيست,False,خير,False,نيست,False,17840,70.0,8160,26000,True,True,61
00330,"CLOXACILLIN (AS SODIUM) 250 mg INJECTION, POWDER, FOR SOLUTION PARENTERAL 250MG INJECTION",است,covered,نيست,False,خير,False,خير,False,10,نيست,False,خير,False,نيست,False,37000,70.0,0,37000,True,True,61
00331,CLOXACILLIN (AS SODIUM) 500 mg CAPSULE ORAL 500MG CAPSULE,است,covered,نيست,False,خير,False,خير,False,50,نيست,False,خير,False,نيست,False,54083,70.0,43917,98000,True,True,61
00332,"CLOXACILLIN (AS SODIUM) 500 mg INJECTION, POWDER, FOR SOLUTION PARENTERAL 500MG INJECTION",است,covered,نيست,False,خير,False,خير,False,10,نيست,False,خير,False,نيست,False,463200,70.0,836800,1300000,True,True,61
00334,CLOZAPINE 100 mg TABLET ORAL 100MG TABLET,است,covered,نيست,False,خير,False,خير,False,300,نيست,False,خير,False,نيست,False,23155,70.0,16845,40000,True,True,61
01743,CLOZAPINE 25 mg TABLET ORAL 25MG TABLET,است,covered,نيست,False,خير,False,خير,False,200,نيست,False,خير,False,نيست,False,23364,70.0,1636,25000,True,True,61
00346,COAL TAR 5% 60 mL LOTION TOPICAL LOTION,است,covered,نيست,False,خير,False,خير,False,5,نيست,False,خير,False,نيست,False,5500,70.0,0,5500,True,True,61
00335,"CO-AMOXICLAV 125 mg/31.25 mg/5mL 100 mL POWDER, FOR SUSPENSION ORAL SUSPENTION",است,covered,نيست,False,خير,False,خير,False,3,نيست,False,خير,False,نيست,False,932108,70.0,167892,1100000,True,True,61
01754,"CO-AMOXICLAV 125 mg/31.25 mg POWDER, FOR SUSPENSION ORAL SACHET",است,covered,نيست,False,خير,False,خير,False,30,نيست,False,خير,False,نيست,False,126108,70.0,0,126108,True,True,61
02205,"CO-AMOXICLAV 200 mg/28.5 mg/5 mL 100 mL POWDER, FOR SUSPENSION ORAL 5ML SUSPENTION",است,covered,نيست,False,خير,False,خير,False,3,نيست,False,خير,False,نيست,False,1030719,70.0,269281,1300000,True,True,61
01440,"CO-AMOXICLAV 250 mg/62.5 mg/5mL 100 mL POWDER, FOR SUSPENSION ORAL SUSPENTION",است,covered,نيست,False,خير,False,خير,False,3,نيست,False,خير,False,نيست,False,1174139,70.0,275861,1450000,True,True,62
00337,CO-AMOXICLAV 250 mg/125 mg TABLET ORAL TABLET,است,covered,نيست,False,خير,False,خير,False,90,نيست,False,خير,False,نيست,False,72032,70.0,32968,105000,True,True,62
02206,"CO-AMOXICLAV 400 mg/57 mg/5 mL 100 mL POWDER, FOR SUSPENSION ORAL 5ML SUSPENTION",است,covered,نيست,False,خير,False,خير,False,3,نيست,False,خير,False,نيست,False,1334800,70.0,315200,1650000,True,True,62
00338,CO-AMOXICLAV 500 mg/125 mg TABLET ORAL TABLET,است,covered,نيست,False,خير,False,خير,False,90,نيست,False,خير,False,نيست,False,86766,70.0,38234,125000,True,True,62
00348,COLCHICINE 1 mg TABLET ORAL 1MG TABLET,است,covered,نيست,False,خير,False,خير,False,200,نيست,False,خير,False,نيست,False,26365,70.0,48635,75000,True,True,62
00352,CONJUGATED ESTROGENS 0.625 mg TABLET ORAL TABLET,است,covered,نيست,False,خير,False,خير,False,200,نيست,False,خير,False,نيست,False,60000,70.0,90000,150000,True,True,62
00353,CONJUGATED ESTROGENS 0.625 mg/1g 42.5 g CREAM VAGINAL 0.625MG CREAM,است,covered,نيست,False,خير,False,خير,False,5,نيست,False,بله,True,نيست,False,936000,70.0,414000,1350000,True,True,62
00242,"CEFALEXIN 125 mg/5mL 100 mL POWDER, FOR SUSPENSION ORAL 125MG/5ML SUSPENTION",است,covered,نيست,False,خير,False,خير,False,3,نيست,False,خير,False,نيست,False,681400,70.0,268600,950000,True,True,62
00243,CEFALEXIN 250 mg CAPSULE ORAL 250MG CAPSULE,است,covered,نيست,False,خير,False,خير,False,50,نيست,False,خير,False,نيست,False,39720,70.0,15280,55000,True,True,62
00246,"CEFALEXIN 250 mg/5 mL 100 mL POWDER, FOR SUSPENSION ORAL 250MG/5ML SUSPENTION",است,covered,نيست,False,خير,False,خير,False,3,نيست,False,خير,False,نيست,False,1090000,70.0,760000,1850000,True,True,62
00245,CEFALEXIN 500 mg CAPSULE ORAL 500MG CAPSULE,است,covered,نيست,False,خير,False,خير,False,50,نيست,False,خير,False,نيست,False,86502,70.0,33498,120000,True,True,63
00324,CLONIDINE HYDROCHLORIDE 0.2 mg TABLET ORAL 0.2MG TABLET,است,covered,نيست,False,خير,False,خير,False,200,نيست,False,خير,False,نيست,False,20375,70.0,625,21000,True,True,63
01788,CLOPIDOGREL (AS BISULFATE) 75 mg TABLET ORAL 75MG TABLET,است,covered,نيست,False,خير,False,خير,False,90,است,True,خير,False,است,True,79607,70.0,20393,100000,True,True,63
00327,CLOTRIMAZOLE 1% 20 mL SOLUTION TOPICAL 20ML SOLUTION,است,covered,نيست,False,خير,False,خير,False,2,نيست,False,خير,False,نيست,False,622369,70.0,17631,640000,True,True,63
00326,CLOTRIMAZOLE 1% 15 g CREAM TOPICAL CREAM,است,covered,نيست,False,خير,False,خير,False,5,نيست,False,خير,False,نيست,False,633675,70.0,16325,650000,True,True,63
00325,CLOTRIMAZOLE 1% 50 g CREAM VAGINAL CREAM,است,covered,نيست,False,خير,False,خير,False,5,نيست,False,خير,False,نيست,False,959800,70.0,440200,1400000,True,True,63
00328,CLOTRIMAZOLE 100 mg TABLET VAGINAL 100MG TABLET,است,covered,نيست,False,خير,False,خير,False,60,نيست,False,خير,False,نيست,False,74400,70.0,25600,100000,True,True,63
02230,CLOTRIMAZOLE 2% 20 g CREAM VAGINAL 500MG CREAM,است,covered,نيست,False,خير,False,خير,False,5,نيست,False,خير,False,نيست,False,610800,70.0,189200,800000,True,True,63
02416,"CEFEPIME (AS HYDROCHLORIDE) 1 g INJECTION, POWDER, FOR SOLUTION PARENTERAL INJECTION",است,covered,است,True,خير,False,خير,False,20,نيست,False,بله,True,نيست,False,524500,70.0,1275500,1800000,True,True,63
02417,"CEFEPIME (AS HYDROCHLORIDE) 2 g INJECTION, POWDER, FOR SOLUTION PARENTERAL INJECTION",است,covered,است,True,خير,False,خير,False,20,نيست,False,بله,True,نيست,False,908700,70.0,1291300,2200000,True,True,63
02418,"CEFEPIME (AS HYDROCHLORIDE) 500 mg INJECTION, POWDER, FOR SOLUTION PARENTERAL 500MG INJECTION",است,covered,است,True,خير,False,خير,False,25,نيست,False,بله,True,نيست,False,376500,70.0,1223500,1600000,True,True,64
02419,"CEFIXIME 100 mg/5 mL 100 mL POWDER, FOR SUSPENSION ORAL 100MG/5ML SUSPENTION",است,covered,نيست,False,خير,False,خير,False,3,نيست,False,خير,False,نيست,False,991200,70.0,408800,1400000,True,True,64
00227,CEFIXIME 400 mg CAPSULE ORAL CAPSULE,است,covered,نيست,False,خير,False,خير,False,20,نيست,False,خير,False,نيست,False,10500,70.0,0,10500,True,True,64
01336,"CEFOTAXIME 1 g INJECTION, POWDER, FOR SOLUTION PARENTERAL INJECTION",است,covered,نيست,False,خير,False,خير,False,10,نيست,False,خير,False,نيست,False,450900,70.0,1349100,1800000,True,True,64
00229,"CEFOTAXIME 500 mg INJECTION, POWDER, FOR SOLUTION PARENTERAL 500MG INJECTION",است,covered,نيست,False,خير,False,خير,False,10,نيست,False,خير,False,نيست,False,449600,70.0,1000400,1450000,True,True,64
00230,"CEFTAZIDIME 1 g INJECTION, POWDER, FOR SOLUTION PARENTERAL INJECTION",است,covered,است,True,خير,False,خير,False,20,است,True,بله,True,است,True,613100,70.0,1136900,1750000,True,True,64
00231,"CEFTAZIDIME 2 g INJECTION, POWDER, FOR SOLUTION PARENTERAL INJECTION",است,covered,است,True,خير,False,خير,False,20,است,True,بله,True,است,True,790200,70.0,1309800,2100000,True,True,64
00232,"CEFTAZIDIME 500 mg INJECTION, POWDER, FOR SOLUTION PARENTERAL 500MG INJECTION",است,covered,است,True,خير,False,خير,False,20,است,True,بله,True,است,True,515800,70.0,934200,1450000,True,True,64
00233,"CEFTIZOXIME 1 g INJECTION, POWDER, FOR SOLUTION PARENTERAL INJECTION",است,covered,نيست,False,خير,False,خير,False,20,نيست,False,بله,True,است,True,416100,70.0,1583900,2000000,True,True,64
00234,"CEFTIZOXIME 500 mg INJECTION, POWDER, FOR SOLUTION PARENTERAL 500MG INJECTION",است,covered,نيست,False,خير,False,خير,False,20,نيست,False,بله,True,است,True,277800,70.0,1322200,1600000,True,True,64
00237,"CEFTRIAXONE (AS SODIUM) 1 g INJECTION, POWDER, FOR SOLUTION PARENTERAL INJECTION",است,covered,است,True,خير,False,خير,False,20,نيست,False,خير,False,نيست,False,479900,70.0,970100,1450000,True,True,65
00238,"CEFTRIAXONE (AS SODIUM) 250 mg INJECTION, POWDER, FOR SOLUTION PARENTERAL 250MG INJECTION",است,covered,است,True,خير,False,خير,False,20,نيست,False,خير,False,نيست,False,71250,70.0,0,71250,True,True,65
00239,"CEFTRIAXONE (AS SODIUM) 500 mg INJECTION, POWDER, FOR SOLUTION PARENTERAL 500MG INJECTION",است,covered,است,True,خير,False,خير,False,20,نيست,False,خير,False,نيست,False,448000,70.0,852000,1300000,True,True,65
02029,CEFUROXIME (AS AXETIL) 125 mg TABLET ORAL 125MG TABLET,صرفا مشمول يارانه دولت,government_subsidy_only,نيست,False,خير,False,خير,False,20,نيست,False,خير,False,نيست,False,3550,0.0,7926,11476,True,True,65
02031,CEFUROXIME (AS AXETIL) 250 mg TABLET ORAL 250MG TABLET,صرفا مشمول يارانه دولت,government_subsidy_only,نيست,False,خير,False,خير,False,60,نيست,False,خير,False,نيست,False,41717,0.0,18283,60000,True,True,65
02032,CEFUROXIME (AS AXETIL) 500 mg TABLET ORAL 500MG TABLET,صرفا مشمول يارانه دولت,government_subsidy_only,نيست,False,خير,False,خير,False,60,نيست,False,خير,False,نيست,False,70463,0.0,39537,110000,True,True,65
02423,"CEFUROXIME (AS SODIUM) 750 mg INJECTION, POWDER, FOR SOLUTION PARENTERAL INJECTION",صرفا مشمول يارانه دولت,government_subsidy_only,است,True,خير,False,خير,False,20,نيست,False,بله,True,است,True,462031,0.0,47969,510000,True,True,65
01913,CELECOXIB 100 mg CAPSULE ORAL 100MG CAPSULE,صرفا مشمول يارانه دولت,government_subsidy_only,نيست,False,خير,False,خير,False,60,نيست,False,خير,False,نيست,False,393,0.0,30607,31000,True,True,65
00288,"CICLOSPORIN 25 mg CAPSULE, LIQUID FILLED ORAL 25MG CAPSULE",است,covered,نيست,False,خير,False,خير,False,180,نيست,False,بله,True,است,True,198866,100.0,16134,215000,True,True,65
01758,"CICLOSPORIN 50 mg CAPSULE, LIQUID FILLED ORAL 50MG CAPSULE",است,covered,نيست,False,خير,False,خير,False,60,است,True,بله,True,است,True,377733,100.0,32267,410000,True,True,65
01452,"CICLOSPORIN 50 mg/1mL 1 mL INJECTION, SOLUTION INTRAVENOUS 50MG/ML INJECTION",است,covered,است,True,خير,False,بله,True,طبق پرونده,است,True,بله,True,است,True,397600,100.0,662400,1060000,True,True,66
00289,CICLOSPORIN 100 mg/1mL 50 mL SOLUTION ORAL 100MG/ML SOLUTION,است,covered,نيست,False,خير,False,بله,True,طبق پرونده,است,True,بله,True,است,True,7381474,100.0,15538526,22920000,True,True,66
00290,CIMETIDINE 200 mg TABLET ORAL 200MG TABLET,است,covered,نيست,False,خير,False,خير,False,300,نيست,False,خير,False,نيست,False,17930,70.0,2070,20000,True,True,66
00291,CIMETIDINE 100 mg/1mL 2 mL INJECTION PARENTERAL 200MG/2ML INJECTION,است,covered,نيست,False,خير,False,خير,False,10,نيست,False,خير,False,نيست,False,564400,70.0,35600,600000,True,True,66
00292,CINNARIZINE 25 mg TABLET ORAL 25MG TABLET,است,covered,نيست,False,خير,False,خير,False,60,نيست,False,خير,False,نيست,False,19542,70.0,458,20000,True,True,66
00293,CINNARIZINE 75 mg TABLET ORAL 75MG TABLET,است,covered,نيست,False,خير,False,خير,False,200,نيست,False,خير,False,نيست,False,20606,70.0,1394,22000,True,True,66
00297,"CIPROFLOXACIN (AS HYDROCHLORIDE) 0.3% 10 mL SOLUTION, DROPS OPHTHALMIC DROPS",است,covered,نيست,False,خير,False,خير,False,5,است,True,خير,False,است,True,537972,70.0,12028,550000,True,True,66
00295,CIPROFLOXACIN (AS HYDROCHLORIDE) 250 mg TABLET ORAL 250MG TABLET,است,covered,نيست,False,خير,False,خير,False,200,است,True,خير,False,است,True,24200,70.0,19800,44000,True,True,66
00219,"CARMUSTINE 100 mg INJECTION, POWDER, FOR SOLUTION PARENTERAL INJECTION",است,covered,نيست,False,خير,False,بله,True,طبق پرونده,است,True,بله,True,است,True,1293250000,70.0,0,1293250000,True,True,66
00743,L-CARNITINE 200 mg/1mL 5 mL INJECTION PARENTERAL INJECTION,است,covered,نيست,False,خير,False,خير,False,10,نيست,False,بله,True,است,True,303114,70.0,16886,320000,True,True,66
00220,L-CARNITINE 250 mg TABLET ORAL 250MG TABLET,است,covered,نيست,False,خير,False,خير,False,100,است,True,خير,False,است,True,10949,70.0,3551,14500,True,True,67
01924,CARVEDILOL 12.5 mg TABLET ORAL 12.5MG TABLET,است,covered,نيست,False,خير,False,خير,False,400,نيست,False,خير,False,نيست,False,25650,70.0,4350,30000,True,True,67
01925,CARVEDILOL 25 mg TABLET ORAL 25MG TABLET,است,covered,نيست,False,خير,False,خير,False,200,نيست,False,خير,False,نيست,False,30320,70.0,6080,36400,True,True,67
66662,CAST ROLL,است,covered,نيست,False,خير,False,خير,False,200,نيست,False,خير,False,نيست,False,18500,70.0,0,18500,True,True,67
00222,"CEFAZOLIN 1 g INJECTION, POWDER, FOR SOLUTION PARENTERAL INJECTION",است,covered,نيست,False,خير,False,خير,False,20,نيست,False,بله,True,نيست,False,397050,70.0,1052950,1450000,True,True,67
00223,"CEFAZOLIN 250 mg INJECTION, POWDER, FOR SOLUTION PARENTERAL 250MG INJECTION",است,covered,نيست,False,خير,False,خير,False,20,نيست,False,بله,True,نيست,False,321829,70.0,18171,340000,True,True,67
00224,"CEFAZOLIN 500 mg INJECTION, POWDER, FOR SOLUTION PARENTERAL 500MG INJECTION",است,covered,نيست,False,خير,False,خير,False,20,نيست,False,بله,True,نيست,False,426500,70.0,873500,1300000,True,True,67
00271,CHLOROQUINE (AS PHOSPHATE) 150 mg TABLET ORAL 150MG TABLET,است,covered,نيست,False,خير,False,خير,False,200,نيست,False,بله,True,نيست,False,20000,70.0,0,20000,True,True,67
00275,CHLORPHENIRAMINE MALEATE 10 mg/1mL INJECTION PARENTERAL 10MG/ML INJECTION,است,covered,نيست,False,خير,False,خير,False,10,نيست,False,خير,False,نيست,False,355700,70.0,394300,750000,True,True,67
02014,CHLORPHENIRAMINE MALEATE 2 mg/5 mL 60 mL SYRUP ORAL 2MG/5ML SYRUP,است,covered,نيست,False,خير,False,خير,False,3,نيست,False,خير,False,نيست,False,488900,70.0,41100,530000,True,True,67
00276,CHLORPHENIRAMINE MALEATE 4 mg TABLET ORAL 4MG TABLET,است,covered,نيست,False,خير,False,خير,False,60,نيست,False,خير,False,نيست,False,19100,70.0,900,20000,True,True,68
00278,CHLORPROMAZINE HYDROCHLORIDE 100 mg TABLET ORAL 100MG TABLET,است,covered,نيست,False,خير,False,خير,False,200,نيست,False,خير,False,نيست,False,43800,70.0,36200,80000,True,True,68
00279,CHLORPROMAZINE HYDROCHLORIDE 25 mg TABLET ORAL 25MG TABLET,است,covered,نيست,False,خير,False,خير,False,300,نيست,False,خير,False,نيست,False,18500,70.0,6500,25000,True,True,68
02136,"GEMCITABINE (AS HYDROCHLORIDE) 200 mg INJECTION, POWDER, LYOPHILIZED, FOR SOLUTION PARENTERAL INJECTION",است,covered,نيست,False,خير,False,بله,True,طبق پرونده,است,True,بله,True,است,True,2151900,90.0,1348100,3500000,True,True,68
00584,GEMFIBROZIL 300 mg CAPSULE ORAL 300MG CAPSULE,است,covered,نيست,False,خير,False,خير,False,200,نيست,False,خير,False,نيست,False,83270,70.0,16730,100000,True,True,68
01520,GEMFIBROZIL 450 mg TABLET ORAL 450MG TABLET,است,covered,نيست,False,خير,False,خير,False,200,است,True,خير,False,است,True,106350,70.0,23650,130000,True,True,68
00587,GENTAMICIN 10 mg/1mL 2 mL INJECTION PARENTERAL 20MG/2ML INJECTION,است,covered,نيست,False,خير,False,خير,False,10,نيست,False,خير,False,نيست,False,586000,70.0,14000,600000,True,True,68
00588,GENTAMICIN 3 mg/1g 3 g OINTMENT OPHTHALMIC OINTMENT,است,covered,نيست,False,خير,False,خير,False,3,نيست,False,خير,False,نيست,False,632900,70.0,17100,650000,True,True,68
00589,"GENTAMICIN 3 mg/1mL 5 mL SOLUTION, DROPS OPHTHALMIC 3MG/ML DROPS",است,covered,نيست,False,خير,False,خير,False,5,نيست,False,خير,False,نيست,False,637621,70.0,12379,650000,True,True,68
00590,GENTAMICIN 40 mg/1mL 1 mL INJECTION PARENTERAL 40MG/ML INJECTION,است,covered,نيست,False,خير,False,خير,False,10,نيست,False,خير,False,نيست,False,632200,70.0,17800,650000,True,True,68
00592,GENTAMICIN 40 mg/1mL 2 mL INJECTION PARENTERAL INJECTION,است,covered,نيست,False,خير,False,خير,False,10,نيست,False,خير,False,نيست,False,722900,70.0,27100,750000,True,True,69
00569,FURAZOLIDONE 50 mg/15mL 120 mL SUSPENSION ORAL 50MG/15ML SUSPENTION,است,covered,نيست,False,خير,False,خير,False,3,نيست,False,بله,True,نيست,False,355810,70.0,194190,550000,True,True,69
02134,FUROSEMIDE 10 mg/1mL 4 mL INJECTION INTRAVENOUS 10MG/ML INJECTION,است,covered,نيست,False,خير,False,خير,False,10,نيست,False,خير,False,نيست,False,513200,70.0,36800,550000,True,True,69
00571,FUROSEMIDE 40 mg TABLET ORAL 40MG TABLET,است,covered,نيست,False,خير,False,خير,False,300,نيست,False,خير,False,نيست,False,15390,70.0,13610,29000,True,True,69
01357,PENTAZOCINE (AS LACTATE) 30 mg/1mL INJECTION PARENTERAL 30MG/ML INJECTION,است,covered,نيست,False,خير,False,خير,False,10,نيست,False,خير,False,نيست,False,300000,70.0,0,300000,True,True,69
00970,"PENTOXIFYLLINE 400 mg TABLET, EXTENDED RELEASE ORAL 400MG TABLET",است,covered,نيست,False,خير,False,خير,False,200,نيست,False,خير,False,نيست,False,51675,70.0,43325,95000,True,True,69
01779,PERMETHRIN 1% 60 mL SHAMPOO TOPICAL SHAMPOO,است,covered,نيست,False,خير,False,خير,False,3,نيست,False,خير,False,نيست,False,902000,70.0,98000,1000000,True,True,69
01632,PERMETHRIN 1% 60 g CREAM TOPICAL CREAM,است,covered,نيست,False,خير,False,خير,False,5,نيست,False,خير,False,نيست,False,1072500,70.0,27500,1100000,True,True,69
02449,PERMETHRIN 5% 30 g CREAM TOPICAL CREAM,است,covered,نيست,False,خير,False,خير,False,2,نيست,False,خير,False,نيست,False,1600000,70.0,0,1600000,True,True,69
00972,PERPHENAZINE 2 mg TABLET ORAL 2MG TABLET,است,covered,نيست,False,خير,False,خير,False,200,نيست,False,خير,False,نيست,False,24380,70.0,620,25000,True,True,69
00973,PERPHENAZINE 4 mg TABLET ORAL 4MG TABLET,است,covered,نيست,False,خير,False,خير,False,200,نيست,False,خير,False,نيست,False,32744,70.0,1256,34000,True,True,70
00974,PERPHENAZINE 5 mg/1mL INJECTION PARENTERAL 5MG/ML INJECTION,است,covered,نيست,False,خير,False,خير,False,10,نيست,False,بله,True,نيست,False,295052,70.0,4948,300000,True,True,70
00975,PERPHENAZINE 8 mg TABLET ORAL 8MG TABLET,است,covered,نيست,False,خير,False,خير,False,200,نيست,False,خير,False,نيست,False,41496,70.0,2504,44000,True,True,70
02163,"MITOMYCIN 10 mg INJECTION, POWDER, FOR SOLUTION PARENTERAL 10MG INJECTION",است,covered,نيست,False,خير,False,بله,True,طبق پرونده,است,True,بله,True,است,True,345000,70.0,0,345000,True,True,70
00858,MITOTANE 500 mg TABLET ORAL 500MG TABLET,است,covered,نيست,False,خير,False,بله,True,طبق پرونده,است,True,بله,True,است,True,489100,90.0,2270900,2760000,True,True,70
00859,"MITOXANTRONE (AS HYDROCHLORIDE) 2 mg/1mL 10 mL INJECTION, SOLUTION PARENTERAL 10ML INJECTION",است,covered,نيست,False,خير,False,بله,True,طبق پرونده,است,True,بله,True,است,True,10342803,90.0,14157197,24500000,True,True,70
01595,MOCLOBEMIDE 150 mg TABLET ORAL 150MG TABLET,است,covered,نيست,False,خير,False,خير,False,200,نيست,False,بله,True,نيست,False,7000,70.0,0,7000,True,True,70
00864,MONOBENZONE 20% 30 g CREAM TOPICAL CREAM,صرفا مشمول يارانه دولت,government_subsidy_only,نيست,False,خير,False,خير,False,3,نيست,False,خير,False,نيست,False,3746740,0.0,1753260,5500000,True,True,70
01895,"MONTELUKAST (AS SODIUM) 5 mg TABLET, CHEWABLE ORAL 5MG TABLET",صرفا مشمول يارانه دولت,government_subsidy_only,نيست,False,خير,False,خير,False,50,نيست,False,خير,False,نيست,False,30856,0.0,14144,45000,True,True,70
00958,"PENICILLIN G BENZATHIN 1200000 [iU] INJECTION, POWDER PARENTERAL INJECTION",است,covered,نيست,False,خير,False,خير,False,10,نيست,False,خير,False,نيست,False,497900,70.0,102100,600000,True,True,70
00959,"PENICILLIN G POTASSIUM 1000000 [iU] INJECTION, POWDER PARENTERAL INJECTION",است,covered,نيست,False,خير,False,خير,False,10,نيست,False,خير,False,نيست,False,26500,70.0,0,26500,True,True,71
00960,"PENICILLIN G POTASSIUM 5000000 [iU] INJECTION, POWDER PARENTERAL INJECTION",است,covered,نيست,False,خير,False,خير,False,10,نيست,False,خير,False,نيست,False,41000,70.0,0,41000,True,True,71
00961,"PENICILLIN G PROCAINE 400000 [iU] INJECTION, POWDER PARENTERAL INJECTION",است,covered,نيست,False,خير,False,خير,False,10,نيست,False,خير,False,نيست,False,340000,70.0,0,340000,True,True,71
00962,"PENICILLIN G PROCAINE 800000 [iU] INJECTION, POWDER PARENTERAL INJECTION",است,covered,نيست,False,خير,False,خير,False,10,نيست,False,خير,False,نيست,False,479400,70.0,70600,550000,True,True,71
00957,"PENICILLIN G SODIUM 5000000 [iU] INJECTION, POWDER PARENTERAL INJECTION",است,covered,است,True,خير,False,خير,False,10,نيست,False,خير,False,نيست,False,560000,70.0,0,560000,True,True,71
00964,"PENICILLIN V BENZATHINE 200000 [iU]/5mL 100 mL POWDER, FOR SUSPENSION ORAL SUSPENTION",است,covered,نيست,False,خير,False,خير,False,3,نيست,False,خير,False,نيست,False,41000,70.0,0,41000,True,True,71
01877,"MILRINONE LACTATE 1 mg/1mL 10 mL INJECTION, SOLUTION PARENTERAL 10MG/ML INJECTION",است,covered,است,True,خير,False,خير,False,5,نيست,False,بله,True,نيست,False,1980000,80.0,12500000,14480000,True,True,71
00855,MINOXIDIL 10 mg TABLET ORAL 10MG TABLET,است,covered,نيست,False,خير,False,خير,False,200,نيست,False,بله,True,نيست,False,62600,70.0,137400,200000,True,True,71
00856,MINOXIDIL 20 mg/1mL 60 mL SOLUTION TOPICAL SOLUTION,صرفا مشمول صندوق صعب العلاج,صرفا مشمول صندوق صعب العلاج,نيست,False,خير,False,خير,False,2,است,True,خير,False,است,True,50000,0.0,1,50001,True,True,71
01829,MINOXIDIL 50 mg/1mL 60 mL SOLUTION TOPICAL 50MG/ML SOLUTION,صرفا مشمول صندوق صعب العلاج,صرفا مشمول صندوق صعب العلاج,نيست,False,خير,False,خير,False,2,است,True,خير,False,است,True,70000,0.0,1,70001,True,True,71
00843,"METRONIDAZOLE 5 mg/1mL 100 mL INJECTION, SOLUTION PARENTERAL 500MG/100ML INJECTION",است,covered,است,True,خير,False,خير,False,20,است,True,بله,True,است,True,1111856,70.0,88144,1200000,True,True,72
00844,METRONIDAZOLE (AS BENZOATE) 125 mg/5mL 120 mL SUSPENSION ORAL SUSPENTION,است,covered,نيست,False,خير,False,خير,False,3,است,True,خير,False,است,True,1021826,70.0,978174,2000000,True,True,72
00848,MEXILETINE 100 mg CAPSULE ORAL 100MG CAPSULE,است,covered,نيست,False,خير,False,خير,False,200,نيست,False,بله,True,نيست,False,24640,70.0,20960,45600,True,True,72
00849,MEXILETINE 200 mg CAPSULE ORAL 200MG CAPSULE,است,covered,نيست,False,خير,False,خير,False,200,نيست,False,بله,True,نيست,False,53224,70.0,26676,79900,True,True,72
00851,MICONAZOLE NITRATE 2% 30 g CREAM TOPICAL CREAM,است,covered,نيست,False,خير,False,خير,False,5,نيست,False,خير,False,نيست,False,374900,70.0,75100,450000,True,True,72
00850,MICONAZOLE NITRATE 2% 45 g CREAM VAGINAL CREAM,است,covered,نيست,False,خير,False,خير,False,5,نيست,False,بله,True,نيست,False,418900,70.0,81100,500000,True,True,72
00852,MIDAZOLAM 5 mg/1mL 1 mL INJECTION PARENTERAL INJECTION,است,covered,نيست,False,خير,False,خير,False,10,است,True,خير,False,است,True,527200,70.0,22800,550000,True,True,72
01591,MIDAZOLAM 5 mg/1mL 3 mL INJECTION PARENTERAL 3ML INJECTION,است,covered,نيست,False,خير,False,خير,False,10,است,True,خير,False,است,True,563495,70.0,36505,600000,True,True,72
00829,METHOXSALEN 1% 30 mL SOLUTION TOPICAL SOLUTION,است,covered,نيست,False,خير,False,خير,False,2,نيست,False,خير,False,نيست,False,48200,70.0,0,48200,True,True,72
00830,METHOXSALEN 10 mg TABLET ORAL 10MG TABLET,است,covered,نيست,False,خير,False,خير,False,200,نيست,False,بله,True,نيست,False,171600,70.0,573400,745000,True,True,72
00831,METHYL SALICYLATE 30% 30 g OINTMENT TOPICAL OINTMENT,است,covered,نيست,False,خير,False,خير,False,3,نيست,False,خير,False,نيست,False,726800,70.0,73200,800000,True,True,73
00832,METHYLDOPA 250 mg TABLET ORAL 250MG TABLET,است,covered,نيست,False,خير,False,خير,False,400,نيست,False,خير,False,نيست,False,24900,70.0,47100,72000,True,True,73
01589,METHYLENE BLUE 10 mg/1mL 10 mL INJECTION PARENTERAL 100MG/10ML INJECTION,است,covered,نيست,False,خير,False,خير,False,10,نيست,False,بله,True,نيست,False,248000,70.0,0,248000,True,True,73
00833,METHYLERGONOVINE MALEATE 0.125 mg TABLET ORAL 0.125MG TABLET,است,covered,نيست,False,خير,False,خير,False,200,نيست,False,بله,True,نيست,False,36250,70.0,13750,50000,True,True,73
00834,METHYLERGONOVINE MALEATE 0.2 mg/1mL 1 mL INJECTION PARENTERAL 0.2MG/ML INJECTION,است,covered,نيست,False,خير,False,خير,False,10,نيست,False,بله,True,نيست,False,643200,70.0,46800,690000,True,True,73
01328,METHYLPHENIDATE HYDROCHLORIDE 10 mg TABLET ORAL 10MG TABLET,است,covered,نيست,False,خير,False,خير,False,200,است,True,بله,True,است,True,14429,70.0,3571,18000,True,True,73
00835,"METHYLPREDNISOLONE ACETATE 40 mg/1mL 1 mL INJECTION, SUSPENSION PARENTERAL 40MG/ML INJECTION",است,covered,نيست,False,خير,False,خير,False,10,نيست,False,خير,False,است,True,350079,70.0,449921,800000,True,True,73
00836,"METHYLPREDNISOLONE (AS SODIUM SUCCINATE) 500 mg INJECTION, POWDER, FOR SOLUTION PARENTERAL 500MG INJECTION",است,covered,نيست,False,خير,False,خير,False,10,است,True,بله,True,است,True,1300000,90.0,2200000,3500000,True,True,73
00838,METHYLTESTOSTERONE 25 mg TABLET ORAL 25MG TABLET,است,covered,نيست,False,خير,False,خير,False,200,نيست,False,خير,False,نيست,False,19053,90.0,2947,22000,True,True,73
00841,METOCLOPRAMIDE HYDROCHLORIDE 10 mg TABLET ORAL 10MG TABLET,است,covered,نيست,False,خير,False,خير,False,200,نيست,False,خير,False,نيست,False,22506,70.0,494,23000,True,True,73
00839,METOCLOPRAMIDE (AS HYDROCHLORIDE) 5 mg/1mL 2 mL INJECTION PARENTERAL 10MG/2ML INJECTION,است,covered,نيست,False,خير,False,خير,False,10,نيست,False,خير,False,نيست,False,544300,70.0,5700,550000,True,True,74
00840,"METOCLOPRAMIDE HYDROCHLORIDE 4 mg/1mL 15 mL SOLUTION, DROPS ORAL 15ML DROPS",است,covered,نيست,False,خير,False,خير,False,5,نيست,False,خير,False,نيست,False,481784,70.0,68216,550000,True,True,74
02319,METOPROLOL TARTRATE 50 mg TABLET ORAL 50MG TABLET,است,covered,نيست,False,خير,False,خير,False,200,است,True,خير,False,است,True,15318,70.0,8182,23500,True,True,74
02073,METOPROLOL TARTRATE 1 mg/1mL 5 mL INJECTION PARENTERAL 5MG/5ML INJECTION,است,covered,نيست,False,خير,False,خير,False,10,است,True,خير,False,است,True,526900,70.0,23100,550000,True,True,74
02074,METRONIDAZOLE 0.75% 70 g GEL VAGINAL GEL,است,covered,نيست,False,خير,False,خير,False,3,نيست,False,خير,False,است,True,957550,70.0,142450,1100000,True,True,74
01590,METRONIDAZOLE 0.75% 30 g GEL TOPICAL GEL,است,covered,نيست,False,خير,False,خير,False,3,است,True,خير,False,است,True,750000,70.0,0,750000,True,True,74
00845,METRONIDAZOLE 250 mg TABLET ORAL 250MG TABLET,است,covered,نيست,False,خير,False,خير,False,200,است,True,خير,False,است,True,28150,70.0,9850,38000,True,True,74
02162,METRONIDAZOLE 500MG OVULE 500MG,است,covered,نيست,False,خير,False,خير,False,100,نيست,False,خير,False,است,True,0,70.0,0,0,True,True,74
00846,METRONIDAZOLE 500 mg TABLET VAGINAL 500MG TABLET,است,covered,نيست,False,خير,False,خير,False,200,است,True,خير,False,است,True,44714,70.0,8286,53000,True,True,74
02067,LEVOTHYROXINE SODIUM 50 ug TABLET ORAL 0.05MG TABLET,است,covered,نيست,False,خير,False,خير,False,200,نيست,False,خير,False,نيست,False,24360,70.0,1640,26000,True,True,74
00751,LEVOTHYROXINE SODIUM 100 ug TABLET ORAL 0.1MG TABLET,است,covered,نيست,False,خير,False,خير,False,200,نيست,False,خير,False,نيست,False,27810,70.0,2190,30000,True,True,75
00819,METHADONE HYDROCHLORIDE 5 mg/1mL 1 mL INJECTION PARENTERAL INJECTION,است,covered,نيست,False,خير,False,خير,False,1,نيست,False,بله,True,نيست,False,295181,70.0,4819,300000,True,True,75
02444,METHADONE HYDROCHLORIDE 25 mg/5 mL 250 mL SOLUTION ORAL SOLUTION,صرفا مشمول يارانه دولت,government_subsidy_only,نيست,False,خير,False,بله,True,طبق پرونده,نيست,False,بله,True,نيست,False,1086000,0.0,1014000,2100000,True,True,75
02705,METHADONE HYDROCHLORIDE 20 mg TABLET ORAL 20MG TABLET,صرفا مشمول يارانه دولت,government_subsidy_only,نيست,False,خير,False,بله,True,طبق پرونده,نيست,False,بله,True,نيست,False,27371,0.0,4629,32000,True,True,75
02706,METHADONE HYDROCHLORIDE 40 mg TABLET ORAL 40MG TABLET,صرفا مشمول يارانه دولت,government_subsidy_only,نيست,False,خير,False,بله,True,طبق پرونده,نيست,False,بله,True,نيست,False,36521,0.0,8479,45000,True,True,75
00821,METHIMAZOLE 5 mg TABLET ORAL 5MG TABLET,است,covered,نيست,False,خير,False,خير,False,200,نيست,False,خير,False,نيست,False,26135,70.0,1865,28000,True,True,75
00822,METHOCARBAMOL 100 mg/1mL 10 mL INJECTION PARENTERAL 1000MG/10ML INJECTION,است,covered,نيست,False,خير,False,خير,False,10,نيست,False,خير,False,نيست,False,837228,70.0,12772,850000,True,True,75
00823,METHOCARBAMOL 500 mg TABLET ORAL 500MG TABLET,است,covered,نيست,False,خير,False,خير,False,200,نيست,False,خير,False,نيست,False,28909,70.0,2091,31000,True,True,75
02388,METHOTREXATE SODIUM 10 mg/1mL 1 mL INJECTION PARENTERAL 10MG/ML INJECTION,است,covered,نيست,False,خير,False,خير,False,10,نيست,False,بله,True,است,True,535000,90.0,0,535000,True,True,75
00826,"METHOTREXATE SODIUM 100 mg/1mL 10 mL INJECTION, SOLUTION PARENTERAL INJECTION",است,covered,نيست,False,خير,False,بله,True,طبق پرونده,است,True,بله,True,است,True,11606000,90.0,5954000,17560000,True,True,75
00824,METHOTREXATE (AS SODIUM) 2.5 mg TABLET ORAL 2.5MG TABLET,است,covered,نيست,False,خير,False,خير,False,200,است,True,بله,True,است,True,35100,90.0,49900,85000,True,True,76
02158,METHOTREXATE SODIUM 25 mg/1mL 2 mL INJECTION PARENTERAL INJECTION,است,covered,نيست,False,خير,False,خير,False,10,است,True,بله,True,است,True,301000,90.0,0,301000,True,True,76
02161,METHOTREXATE SODIUM 10 mg/1mL 5 mL INJECTION PARENTERAL INJECTION,است,covered,نيست,False,خير,False,خير,False,10,است,True,بله,True,است,True,4533000,90.0,0,4533000,True,True,76
00828,METHOTREXATE SODIUM 5 mg/1mL 1 mL INJECTION PARENTERAL 5MG/ML INJECTION,است,covered,نيست,False,خير,False,خير,False,20,است,True,بله,True,است,True,51000,90.0,413947,464947,True,True,76
00732,LAMOTRIGINE 100 mg TABLET ORAL 100MG TABLET,است,covered,نيست,False,خير,False,خير,False,200,نيست,False,خير,False,نيست,False,28842,70.0,31158,60000,True,True,76
01991,LAMOTRIGINE 25 mg TABLET ORAL 25MG TABLET,است,covered,نيست,False,خير,False,خير,False,200,نيست,False,خير,False,نيست,False,16677,70.0,13323,30000,True,True,76
00356,CONTRACEPTIVE HD 0.25 mg/50 ug TABLET ORAL TABLET,است,covered,نيست,False,خير,False,خير,False,63,نيست,False,خير,False,نيست,False,17238,70.0,22762,40000,True,True,76
00357,CONTRACEPTIVE LD 30 ug/0.15 mg TABLET ORAL TABLET,است,covered,نيست,False,خير,False,خير,False,63,نيست,False,خير,False,نيست,False,17850,70.0,17650,35500,True,True,76
00358,CONTRACEPTIVE TRIPHASIC TABLET ORAL TABLET,است,covered,نيست,False,خير,False,خير,False,63,نيست,False,خير,False,نيست,False,24768,70.0,232,25000,True,True,76
00277,CHLORPROMAZINE HYDROCHLORIDE 25 mg/1mL 2 mL INJECTION INTRAMUSCULAR 50MG/4ML INJECTION,است,covered,نيست,False,خير,False,خير,False,10,نيست,False,خير,False,نيست,False,634736,70.0,15264,650000,True,True,76
00283,"CHOLESTYRAMINE 4 g POWDER, FOR SUSPENSION ORAL SACHET",است,covered,نيست,False,خير,False,خير,False,30,است,True,خير,False,است,True,178504,70.0,30296,208800,True,True,77
00285,"CHORIONIC GONADOTROPHIN (HUMAN) 500 [iU] INJECTION, POWDER, FOR SOLUTION PARENTERAL 500U INJECTION",است,covered,نيست,False,خير,False,خير,False,15,نيست,False,بله,True,است,True,679276,90.0,70724,750000,True,True,77
00286,"CHORIONIC GONADOTROPHIN (HUMAN) 5000 [iU] INJECTION, POWDER, FOR SOLUTION PARENTERAL 5000U INJECTION",است,covered,نيست,False,خير,False,خير,False,15,نيست,False,بله,True,است,True,6334755,90.0,665245,7000000,True,True,77
00287,"CICLOSPORIN 100 mg CAPSULE, LIQUID FILLED ORAL 100MG CAPSULE",است,covered,نيست,False,خير,False,خير,False,60,نيست,False,بله,True,است,True,692355,100.0,62645,755000,True,True,77
01424,CETIRIZINE HYDROCHLORIDE 10 mg TABLET ORAL TABLET,است,covered,نيست,False,خير,False,خير,False,60,نيست,False,خير,False,نيست,False,20950,70.0,2050,23000,True,True,77
02231,CETIRIZINE HYDROCHLORIDE 5 mg TABLET ORAL 5MG TABLET,است,covered,نيست,False,خير,False,خير,False,60,نيست,False,خير,False,نيست,False,17940,70.0,2060,20000,True,True,77
01425,CHARCOAL ACTIVATED 250 mg TABLET ORAL 250MG TABLET,است,covered,نيست,False,خير,False,خير,False,200,نيست,False,بله,True,است,True,34700,70.0,0,34700,True,True,77
00262,CHLORAMBUCIL 2 mg TABLET ORAL 2MG TABLET,است,covered,نيست,False,خير,False,خير,False,60,است,True,بله,True,است,True,165000,90.0,120000,285000,True,True,77
00264,"CHLORAMPHENICOL 0.5% 10 mL SOLUTION, DROPS OPHTHALMIC DROPS",است,covered,نيست,False,خير,False,خير,False,5,نيست,False,خير,False,نيست,False,588894,70.0,231106,820000,True,True,77
00266,"CHLORAMPHENICOL 1 g INJECTION, POWDER, FOR SOLUTION PARENTERAL INJECTION",است,covered,است,True,خير,False,خير,False,10,نيست,False,خير,False,نيست,False,413467,70.0,46533,460000,True,True,77
00267,CHLORDIAZEPOXIDE 10 mg TABLET ORAL 10MG TABLET,است,covered,نيست,False,خير,False,خير,False,200,نيست,False,خير,False,نيست,False,20000,70.0,10000,30000,True,True,78
00268,CHLORDIAZEPOXIDE 5 mg TABLET ORAL 5MG TABLET,است,covered,نيست,False,خير,False,خير,False,200,نيست,False,خير,False,نيست,False,25566,70.0,434,26000,True,True,78
00270,CHLORHEXIDINE GLUCONATE 0.2% 250ML MOUTHWASH 250ML MOUTH WASH,است,covered,نيست,False,خير,False,خير,False,2,نيست,False,خير,False,نيست,False,22000,70.0,0,22000,True,True,78
00447,DILTIAZEM HYDROCHLORIDE 60 mg TABLET ORAL 60MG TABLET,است,covered,نيست,False,خير,False,خير,False,400,نيست,False,خير,False,نيست,False,29574,70.0,5426,35000,True,True,78
01472,"DILTIAZEM HYDROCHLORIDE 120 mg TABLET, EXTENDED RELEASE ORAL 120MG TABLET",است,covered,نيست,False,خير,False,خير,False,200,نيست,False,خير,False,نيست,False,15488,70.0,4512,20000,True,True,78
00448,DIMENHYDRINATE 50 mg TABLET ORAL 50MG TABLET,است,covered,نيست,False,خير,False,خير,False,200,نيست,False,خير,False,نيست,False,16700,70.0,4300,21000,True,True,78
02506,DIMERCAPROL 100 mg/1mL 2 mL INJECTION INTRAMUSCULAR 200MG/2ML INJECTION,است,covered,است,True,خير,False,خير,False,5,نيست,False,بله,True,است,True,284000,70.0,1159000,1443000,True,True,78
01131,"SIMETHICONE (DIMETHICONE ACTIVATED) 40 mg TABLET, CHEWABLE ORAL 40MG TABLET",است,covered,نيست,False,خير,False,خير,False,200,نيست,False,خير,False,نيست,False,27200,70.0,1500,28700,True,True,78
00301,"CISPLATIN 0.5 mg/1mL 20 mL INJECTION, SOLUTION, CONCENTRATE INTRAVENOUS 10MG INJECTION",است,covered,نيست,False,خير,False,بله,True,طبق پرونده,است,True,بله,True,است,True,3711852,90.0,488148,4200000,True,True,78
00302,"CISPLATIN 0.5 mg/1mL 100 mL INJECTION, SOLUTION, CONCENTRATE INTRAVENOUS 50MG INJECTION",است,covered,نيست,False,خير,False,بله,True,طبق پرونده,است,True,بله,True,است,True,415000,90.0,0,415000,True,True,78
01905,CITALOPRAM 20 mg TABLET ORAL 20MG TABLET,است,covered,نيست,False,خير,False,خير,False,200,نيست,False,خير,False,نيست,False,18600,70.0,3900,22500,True,True,79
01906,CITALOPRAM 40 mg TABLET ORAL 40MG TABLET,است,covered,نيست,False,خير,False,خير,False,200,نيست,False,خير,False,نيست,False,21250,70.0,4750,26000,True,True,79
00303,CITICOLINE 125 mg/1mL 2 mL INJECTION PARENTERAL INJECTION,است,covered,نيست,False,خير,False,خير,False,20,نيست,False,خير,False,نيست,False,686700,70.0,53300,740000,True,True,79
00304,CITRIC ACID_BULK BULK,نيست,not_covered,نيست,False,خير,False,خير,False,5000,نيست,False,خير,False,نيست,False,2065,0.0,0,2065,True,True,79
00305,"CLADRIBINE 1 mg/1mL 10 mL INJECTION, SOLUTION INTRAVENOUS INJECTION",است,covered,نيست,False,خير,False,بله,True,طبق پرونده,است,True,بله,True,است,True,29074778,90.0,31925222,61000000,True,True,79
01838,"CLARITHROMYCIN 125 mg/5 mL 100 mL POWDER, FOR SUSPENSION ORAL 125MG/5ML SUSPENTION",صرفا مشمول يارانه دولت,government_subsidy_only,نيست,False,خير,False,خير,False,5,نيست,False,خير,False,نيست,False,929700,0.0,409300,1339000,True,True,79
01837,CLARITHROMYCIN 250 mg TABLET ORAL 250MG TABLET,صرفا مشمول يارانه دولت,government_subsidy_only,نيست,False,خير,False,خير,False,60,نيست,False,خير,False,نيست,False,42750,0.0,42750,85500,True,True,79
02034,CLARITHROMYCIN 500 mg TABLET ORAL 500MG TABLET,صرفا مشمول يارانه دولت,government_subsidy_only,نيست,False,خير,False,خير,False,20,نيست,False,خير,False,نيست,False,113360,0.0,86640,200000,True,True,79
00187,C-LAX® TAB TABLET,است,covered,نيست,False,خير,False,خير,False,50,نيست,False,خير,False,نيست,False,1800,70.0,0,1800,True,True,79
00306,CLEMASTINE 1 mg TABLET ORAL TABLET,است,covered,نيست,False,خير,False,خير,False,200,نيست,False,خير,False,نيست,False,21000,70.0,0,21000,True,True,79
00307,CLEMASTINE 1 mg/1mL 2 mL INJECTION PARENTERAL 2MG/2ML INJECTION,است,covered,نيست,False,خير,False,خير,False,10,نيست,False,خير,False,نيست,False,461500,70.0,38500,500000,True,True,80
00308,CLIDINIUM / CHLORDIAZEPOXIDE 2.5 mg/5 mg TABLET ORAL TABLET,است,covered,نيست,False,خير,False,خير,False,200,نيست,False,خير,False,نيست,False,14010,70.0,8990,23000,True,True,80
00309,CLINDAMYCIN (AS HYDROCHLORIDE) 150 mg CAPSULE ORAL 150MG CAPSULE,است,covered,نيست,False,خير,False,خير,False,200,نيست,False,خير,False,نيست,False,43840,70.0,41160,85000,True,True,80
02125,"DEXTROSE / SODIUM CHLORIDE 5 %/0.45 % 500 mL INJECTION, SOLUTION INTRAVENOUS INFUSION",است,covered,است,True,خير,False,خير,False,10,است,True,بله,True,است,True,511100,70.0,38900,550000,True,True,80
00392,"DEXTROSE / SODIUM CHLORIDE 5 %/0.9 % 1000 mL INJECTION, SOLUTION INTRAVENOUS 1000ML INFUSION",است,covered,نيست,False,خير,False,خير,False,10,است,True,بله,True,است,True,1200000,70.0,0,1200000,True,True,80
02040,"DEXTROSE / SODIUM CHLORIDE 5 %/0.9 % 250 mL INJECTION, SOLUTION INTRAVENOUS 250ML INFUSION",است,covered,نيست,False,خير,False,خير,False,10,است,True,بله,True,است,True,413400,70.0,386600,800000,True,True,80
00393,"DEXTROSE / SODIUM CHLORIDE 5 %/0.9 % 500 mL INJECTION, SOLUTION INTRAVENOUS 500ML INFUSION",است,covered,نيست,False,خير,False,خير,False,10,است,True,بله,True,است,True,1000000,70.0,0,1000000,True,True,80
02237,DIAZEPAM 10 mg ENEMA RECTAL 10MG RECTAL TUBE,است,covered,نيست,False,خير,False,خير,False,10,نيست,False,بله,True,نيست,False,136100,70.0,501900,638000,True,True,80
01461,DIAZEPAM 10 mg SUPPOSITORY RECTAL RECTAL TUBE,است,covered,نيست,False,خير,False,خير,False,10,نيست,False,خير,False,نيست,False,136100,70.0,0,136100,True,True,80
00417,DIAZEPAM 10 mg TABLET ORAL 10MG TABLET,است,covered,نيست,False,خير,False,خير,False,200,نيست,False,خير,False,نيست,False,26379,70.0,621,27000,True,True,80
00418,DIAZEPAM 5 mg/1mL 2 mL INJECTION PARENTERAL 10MG/2ML INJECTION,است,covered,نيست,False,خير,False,خير,False,10,نيست,False,خير,False,نيست,False,741072,70.0,8928,750000,True,True,81
00419,DIAZEPAM 2 mg TABLET ORAL 2MG TABLET,است,covered,نيست,False,خير,False,خير,False,200,نيست,False,خير,False,نيست,False,22711,70.0,289,23000,True,True,81
01462,DIAZEPAM 2 mg/5 mL 60 mL SOLUTION ORAL 2MG/5ML SYRUP,است,covered,نيست,False,خير,False,خير,False,3,نيست,False,خير,False,نيست,False,29200,70.0,0,29200,True,True,81
02247,DIAZEPAM 5 mg ENEMA RECTAL 5MG RECTAL TUBE,است,covered,نيست,False,خير,False,خير,False,10,نيست,False,بله,True,نيست,False,111000,70.0,393000,504000,True,True,81
01460,DIAZEPAM 5 mg SUPPOSITORY RECTAL 5MG SUPPOSITORY,است,covered,نيست,False,خير,False,خير,False,10,نيست,False,خير,False,نيست,False,76180,70.0,78820,155000,True,True,81
00420,DIAZEPAM 5 mg TABLET ORAL 5MG TABLET,است,covered,نيست,False,خير,False,خير,False,200,نيست,False,خير,False,نيست,False,24588,70.0,412,25000,True,True,81
00421,DIAZOXIDE 100 mg CAPSULE ORAL 100MG CAPSULE,است,covered,نيست,False,خير,False,خير,False,200,نيست,False,بله,True,نيست,False,129400,70.0,274600,404000,True,True,81
01463,DIAZOXIDE 50 mg CAPSULE ORAL 50MG CAPSULE,است,covered,نيست,False,خير,False,خير,False,200,نيست,False,بله,True,نيست,False,48900,70.0,0,48900,True,True,81
01847,"DICLOFENAC SODIUM 0.1% 5 mL SOLUTION, DROPS OPHTHALMIC DROPS",است,covered,نيست,False,خير,False,خير,False,5,نيست,False,خير,False,نيست,False,454000,70.0,24000,478000,True,True,81
00426,DICLOFENAC DIETHYLAMMONIUM 1% 60 g GEL TOPICAL GEL,است,covered,نيست,False,خير,False,خير,False,3,نيست,False,خير,False,نيست,False,842000,70.0,208000,1050000,True,True,81
00427,DICLOFENAC SODIUM 100 mg SUPPOSITORY RECTAL 100MG SUPPOSITORY,است,covered,نيست,False,خير,False,خير,False,20,نيست,False,خير,False,نيست,False,100750,70.0,39250,140000,True,True,82
00296,CIPROFLOXACIN 500 mg TABLET ORAL 500MG TABLET,است,covered,نيست,False,خير,False,خير,False,50,است,True,خير,False,است,True,40440,70.0,24560,65000,True,True,82
00398,DEXAMETHASONE 0.5 mg TABLET ORAL 0.5MG TABLET,است,covered,نيست,False,خير,False,خير,False,200,نيست,False,خير,False,نيست,False,24622,70.0,378,25000,True,True,82
00399,"DEXAMETHASONE PHOSPHATE 0.1% 5 mL SOLUTION, DROPS OPHTHALMIC DROPS",است,covered,نيست,False,خير,False,خير,False,5,نيست,False,خير,False,نيست,False,461500,70.0,28500,490000,True,True,82
00400,DEXAMETHASONE (AS DISODIUM PHOSPHATE) 4 mg/1mL 2 mL INJECTION PARENTERAL 8MG/2ML INJECTION,است,covered,نيست,False,خير,False,خير,False,20,نيست,False,خير,False,نيست,False,355750,70.0,294250,650000,True,True,82
00403,DEXPANTHENOL 5% 30 g CREAM TOPICAL CREAM,است,covered,نيست,False,خير,False,خير,False,5,نيست,False,خير,False,نيست,False,663000,70.0,77000,740000,True,True,82
00407,DEXTROMETHORPHAN HYDROBROMIDE 15 mg TABLET ORAL TABLET,است,covered,نيست,False,خير,False,خير,False,50,نيست,False,خير,False,نيست,False,14500,70.0,0,14500,True,True,82
00405,DEXTROMETHORPHAN HYDROBROMIDE 15 mg/5mL 60 mL SYRUP ORAL 15MG/5ML SYRUP,است,covered,نيست,False,خير,False,خير,False,3,نيست,False,خير,False,نيست,False,429900,70.0,100100,530000,True,True,82
00406,"DEXTROMETHORPHAN HYDROBROMIDE 4 mg/1mL 15 mL SOLUTION, DROPS ORAL 60MG/15ML DROPS",است,covered,نيست,False,خير,False,خير,False,5,نيست,False,بله,True,نيست,False,120000,70.0,0,120000,True,True,82
00408,DEXTROMETHORPHAN / PSEUDOEPHEDRINE 15 mg/30 mg/5mL 60 mL SYRUP ORAL SYRUP,است,covered,نيست,False,خير,False,خير,False,3,نيست,False,خير,False,نيست,False,481900,70.0,98100,580000,True,True,82
00410,"DEXTROSE 10% 1000 mL INJECTION, SOLUTION INTRAVENOUS 1000ML INFUSION",است,covered,نيست,False,خير,False,خير,False,10,است,True,بله,True,است,True,510600,70.0,89400,600000,True,True,83
00411,"DEXTROSE 10% 500 mL INJECTION, SOLUTION INTRAVENOUS 500ML INFUSION",است,covered,نيست,False,خير,False,خير,False,10,است,True,بله,True,است,True,805300,70.0,44700,850000,True,True,83
00395,"DEXTROSE / SODIUM CHLORIDE 3.33 %/0.3 % 1000 mL INJECTION, SOLUTION INTRAVENOUS 1000ML INFUSION",است,covered,نيست,False,خير,False,خير,False,10,نيست,False,بله,True,نيست,False,1200000,70.0,0,1200000,True,True,83
00413,"DEXTROSE 5% 1000 mL INJECTION, SOLUTION INTRAVENOUS 1000ML INFUSION",است,covered,نيست,False,خير,False,خير,False,10,است,True,بله,True,است,True,1200000,70.0,0,1200000,True,True,83
00135,BELLADONNA PB 60 mL ELIXIR ORAL ELIXIR,است,covered,نيست,False,خير,False,خير,False,3,نيست,False,بله,True,نيست,False,90000,70.0,26586,116586,True,True,83
00136,BELLADONNA PB TABLET ORAL TABLET,است,covered,نيست,False,خير,False,خير,False,200,نيست,False,خير,False,نيست,False,14500,70.0,0,14500,True,True,83
00137,BENZOYL PEROXIDE 10% 30 g GEL TOPICAL GEL,است,covered,نيست,False,خير,False,خير,False,3,نيست,False,خير,False,نيست,False,900000,70.0,0,900000,True,True,83
00138,BENZOYL PEROXIDE 10% 30 mL LOTION TOPICAL LOTION,است,covered,نيست,False,خير,False,خير,False,5,نيست,False,خير,False,نيست,False,0,70.0,0,0,True,True,83
00139,BENZOYL PEROXIDE 5% 30 g GEL TOPICAL GEL,است,covered,نيست,False,خير,False,خير,False,3,نيست,False,خير,False,نيست,False,800000,70.0,0,800000,True,True,83
01406,BENZYDAMINE HYDROCHLORIDE 0.15% 120 mL MOUTHWASH IRRIGATION MOUTH WASH,است,covered,نيست,False,خير,False,خير,False,2,است,True,بله,True,است,True,102000,70.0,0,102000,True,True,83
02027,BENZYDAMINE HYDROCHLORIDE 0.15% 240 mL MOUTHWASH IRRIGATION MOUTH WASH,است,covered,نيست,False,خير,False,خير,False,2,نيست,False,خير,False,نيست,False,146000,70.0,51010,197010,True,True,84
01747,DESMOPRESSIN ACETATE 10 ug/1mL 5 mL SPRAY NASAL 0.1MG/ML SPRAY,است,covered,نيست,False,خير,False,خير,False,5,نيست,False,بله,True,نيست,False,861700,70.0,238300,1100000,True,True,84
01457,DESMOPRESSIN (AS ACETATE) 15 ug/1mL INJECTION PARENTERAL 15MCG/ML INJECTION,است,covered,است,True,خير,False,خير,False,10,نيست,False,بله,True,نيست,False,295000,70.0,0,295000,True,True,84
01338,DESMOPRESSIN (AS ACETATE) 4 ug/1mL INJECTION PARENTERAL 4MCG/ML INJECTION,است,covered,است,True,خير,False,خير,False,10,نيست,False,بله,True,نيست,False,300000,70.0,0,300000,True,True,84
00122,AZATHIOPRINE 50 mg TABLET ORAL 50MG TABLET,است,covered,نيست,False,خير,False,خير,False,400,است,True,خير,False,است,True,39910,70.0,20090,60000,True,True,84
02373,"AZITHROMYCIN 200 mg/5mL 30 mL POWDER, FOR SUSPENSION ORAL SUSPENTION",است,covered,نيست,False,خير,False,خير,False,3,است,True,خير,False,است,True,619450,70.0,190550,810000,True,True,84
00123,AZITHROMYCIN 250 mg CAPSULE ORAL 250MG CAPSULE,است,covered,نيست,False,خير,False,خير,False,60,نيست,False,خير,False,است,True,48756,70.0,61244,110000,True,True,84
02110,AZITHROMYCIN 250 mg TABLET ORAL 250MG TABLET,است,covered,نيست,False,خير,False,خير,False,200,است,True,خير,False,است,True,68100,70.0,41900,110000,True,True,84
02408,AZITHROMYCIN 500 mg CAPSULE ORAL 500MG CAPSULE,است,covered,نيست,False,خير,False,خير,False,200,است,True,خير,False,است,True,86950,70.0,83050,170000,True,True,84
02407,AZITHROMYCIN 500 mg TABLET ORAL 500MG TABLET,است,covered,نيست,False,خير,False,خير,False,30,است,True,خير,False,است,True,111950,70.0,63050,175000,True,True,84
00129,BACLOFEN 10 mg TABLET ORAL 10MG TABLET,است,covered,نيست,False,خير,False,خير,False,200,نيست,False,خير,False,نيست,False,25125,70.0,4875,30000,True,True,85
00130,BACLOFEN 25 mg TABLET ORAL 25MG TABLET,است,covered,نيست,False,خير,False,خير,False,200,نيست,False,خير,False,نيست,False,27053,70.0,12947,40000,True,True,85
01334,"BARIUM SULFATE 135 g POWDER, FOR SUSPENSION ORAL SACHET",است,covered,نيست,False,خير,False,خير,False,30,نيست,False,بله,True,است,True,920600,70.0,29400,950000,True,True,85
01402,BCG VACCINE INTRAVESICAL INJECTION,است,covered,نيست,False,خير,False,بله,True,طبق پرونده,است,True,بله,True,است,True,2572300,90.0,500000,3072300,True,True,85
02844,BECLOMETHASONE DIPROPIONATE 50 ug/1 {dose} 200 {Puff} SPRAY NASAL SPRAY,است,covered,نيست,False,خير,False,خير,False,2,نيست,False,بله,True,نيست,False,1130300,70.0,119700,1250000,True,True,85
00133,BECLOMETHASONE DIPROPIONATE 50 ug/1{dose} 200 {Puff} INHALANT RESPIRATORY SPRAY,است,covered,نيست,False,خير,False,خير,False,2,نيست,False,بله,True,نيست,False,570700,70.0,179300,750000,True,True,85
00106,"ASA (ACETYLSALICYLIC ACID) 100 mg TABLET, CHEWABLE ORAL 100MG TABLET",است,covered,نيست,False,خير,False,خير,False,200,نيست,False,خير,False,نيست,False,22000,70.0,0,22000,True,True,85
00109,ASA (ACETYLSALICYLIC ACID) 325 mg TABLET ORAL 325MG TABLET,است,covered,نيست,False,خير,False,خير,False,200,نيست,False,خير,False,نيست,False,24000,70.0,1000,25000,True,True,85
00112,ASA (ACETYLSALICYLIC ACID) 500 mg TABLET ORAL 500MG TABLET,است,covered,نيست,False,خير,False,خير,False,200,نيست,False,خير,False,نيست,False,1000,70.0,0,1000,True,True,85
01395,"ASA (ACETYLSALICYLIC ACID) 80 mg TABLET, DELAYED RELEASE ORAL 80MG TABLET",است,covered,نيست,False,خير,False,خير,False,200,نيست,False,خير,False,نيست,False,11470,70.0,9530,21000,True,True,85
00110,ASA / CODEINE PHOSPHATE 500 mg/10 mg TABLET ORAL TABLET,است,covered,نيست,False,خير,False,خير,False,200,نيست,False,خير,False,نيست,False,700,70.0,0,700,True,True,86
00114,ATENOLOL 100 mg TABLET ORAL 100MG TABLET,است,covered,نيست,False,خير,False,خير,False,200,نيست,False,خير,False,نيست,False,18790,70.0,3210,22000,True,True,86
00115,ATENOLOL 50 mg TABLET ORAL 50MG TABLET,است,covered,نيست,False,خير,False,خير,False,400,نيست,False,خير,False,نيست,False,17380,70.0,2620,20000,True,True,86
01910,ATORVASTATIN (AS CALCIUM) 10 mg TABLET ORAL 10MG TABLET,است,covered,نيست,False,خير,False,خير,False,200,نيست,False,خير,False,نيست,False,27739,70.0,7261,35000,True,True,86
01911,ATORVASTATIN (AS CALCIUM) 20 mg TABLET ORAL 20MG TABLET,است,covered,نيست,False,خير,False,خير,False,200,نيست,False,خير,False,نيست,False,19352,70.0,20648,40000,True,True,86
01912,ATORVASTATIN (AS CALCIUM) 40 mg TABLET ORAL 40MG TABLET,است,covered,نيست,False,خير,False,خير,False,200,نيست,False,خير,False,نيست,False,25970,70.0,24030,50000,True,True,86
00116,ATRACURIUM BESYLATE 10 mg/1mL 2.5 mL INJECTION PARENTERAL 10MG/ML INJECTION,است,covered,است,True,خير,False,خير,False,10,نيست,False,خير,False,نيست,False,1254800,70.0,745200,2000000,True,True,86
03329,DESFERAL® 500MG VIAL INJECTION,است,covered,نيست,False,خير,False,بله,True,طبق پرونده,نيست,False,بله,True,است,True,325638,100.0,834362,1160000,True,True,86
01132,"SIMETHICONE (DIMETHICONE ACTIVATED) 40 mg/1mL 30 mL SUSPENSION, DROPS ORAL 40MG/ML DROPS",است,covered,نيست,False,خير,False,خير,False,5,نيست,False,خير,False,نيست,False,373600,70.0,26400,400000,True,True,86
00450,DIMETHYL SULFOXIDE 50% 50 mL SOLUTION PARENTERAL INJECTION,صرفا مشمول يارانه دولت,government_subsidy_only,نيست,False,خير,False,خير,False,10,نيست,False,بله,True,است,True,12235000,70.0,40169000,52404000,True,True,86
05442,"GLICLAZIDE 30 mg TABLET, EXTENDED RELEASE ORAL 30MG TABLET",است,covered,نيست,False,خير,False,خير,False,200,نيست,False,خير,False,نيست,False,29906,70.0,13094,43000,True,True,87
00456,DIPHENHYDRAMINE / AMMONIUM CHLORIDE 12.5 mg/125 mg/5mL 60 mL SYRUP ORAL SYRUP,است,covered,نيست,False,خير,False,خير,False,3,نيست,False,خير,False,نيست,False,485900,70.0,114100,600000,True,True,87
00454,DIPHENHYDRAMINE HYDROCHLORIDE 12.5 mg/5mL 60 mL SOLUTION ORAL 12.5MG/5ML ELIXIR,است,covered,نيست,False,خير,False,خير,False,3,نيست,False,خير,False,نيست,False,499900,70.0,120100,620000,True,True,87
00453,DIPHENHYDRAMINE HYDROCHLORIDE 50 mg/1mL INJECTION PARENTERAL INJECTION,است,covered,نيست,False,خير,False,خير,False,10,نيست,False,خير,False,نيست,False,594467,70.0,5533,600000,True,True,87
00457,DIPHENOXYLATE 2.5 mg TABLET ORAL 2.5MG TABLET,است,covered,نيست,False,خير,False,خير,False,60,نيست,False,خير,False,نيست,False,22573,70.0,427,23000,True,True,87
00214,"CARBOPLATIN 10 mg/1mL 15 mL INJECTION, SOLUTION, CONCENTRATE INTRAVENOUS 150MG INJECTION",است,covered,نيست,False,خير,False,بله,True,طبق پرونده,است,True,بله,True,است,True,6310214,90.0,10689786,17000000,True,True,87
00215,"CARBOPLATIN 10 mg/1mL 5 mL INJECTION, SOLUTION, CONCENTRATE INTRAVENOUS 50MG INJECTION",است,covered,نيست,False,خير,False,بله,True,طبق پرونده,است,True,بله,True,است,True,3814600,90.0,3185400,7000000,True,True,87
00017,ACITRETIN 10 mg CAPSULE ORAL 10MG CAPSULE,است,covered,نيست,False,خير,False,خير,False,60,نيست,False,بله,True,نيست,False,62800,80.0,64200,127000,True,True,87
00018,ACITRETIN 25 mg CAPSULE ORAL 25MG CAPSULE,است,covered,نيست,False,خير,False,خير,False,60,نيست,False,بله,True,نيست,False,125000,80.0,142000,267000,True,True,87
01737,"ACTIVATED PROTHROMBIN COMPLEX (CONCENTRATED) 1000 [iU] INJECTION, POWDER, LYOPHILIZED, FOR SOLUTION PARENTERAL INJECTION",است,covered,نيست,False,خير,False,بله,True,طبق پرونده,نيست,False,بله,True,است,True,106384000,100.0,218616000,325000000,True,True,87
00019,"ACTIVATED PROTHROMBIN COMPLEX (CONCENTRATED) 500 [iU] INJECTION, POWDER, LYOPHILIZED, FOR SOLUTION PARENTERAL INJECTION",است,covered,نيست,False,خير,False,بله,True,طبق پرونده,نيست,False,بله,True,است,True,52905000,100.0,109595000,162500000,True,True,88
01836,ADENOSINE 3 mg/1mL 2 mL INJECTION PARENTERAL INJECTION,است,covered,است,True,خير,False,خير,False,10,نيست,False,بله,True,نيست,False,699834,70.0,50166,750000,True,True,88
00026,"ALBENDAZOLE 400 mg TABLET, CHEWABLE ORAL 400MG TABLET",است,covered,نيست,False,خير,False,خير,False,200,نيست,False,بله,True,نيست,False,124000,70.0,0,124000,True,True,88
00027,"ALBUMIN (HUMAN) 20% 50 mL INJECTION, SOLUTION PARENTERAL 50ML INJECTION",است,covered,است,True,خير,False,خير,False,1,است,True,بله,True,است,True,17175000,70.0,6325000,23500000,True,True,88
01842,ALENDRONATE (AS SODIUM) 10 mg TABLET ORAL 10MG TABLET,است,covered,نيست,False,خير,False,خير,False,200,نيست,False,خير,False,نيست,False,13788,70.0,712,14500,True,True,88
02405,ALENDRONATE (AS SODIUM) 35 mg TABLET ORAL TABLET,است,covered,نيست,False,خير,False,خير,False,50,نيست,False,خير,False,نيست,False,390,70.0,0,390,True,True,88
02406,ALENDRONATE (AS SODIUM) 70 mg TABLET ORAL TABLET,است,covered,نيست,False,خير,False,خير,False,20,نيست,False,خير,False,نيست,False,26372,70.0,73628,100000,True,True,88
01365,ALFENTANIL 0.5 mg/1mL 10 mL INJECTION PARENTERAL 0.5MG/ML INJECTION,است,covered,است,True,خير,False,خير,False,10,نيست,False,بله,True,نيست,False,282500,70.0,0,282500,True,True,88
01378,ALFENTANIL 0.5 mg/1mL 2 mL INJECTION PARENTERAL 0.5MG/ML INJECTION,است,covered,است,True,خير,False,خير,False,10,نيست,False,بله,True,نيست,False,435000,70.0,0,435000,True,True,88
00178,BROMHEXINE HYDROCHLORIDE 8 mg TABLET ORAL 8MG TABLET,است,covered,نيست,False,خير,False,خير,False,200,نيست,False,خير,False,نيست,False,20650,70.0,1350,22000,True,True,88
00179,BROMOCRIPTINE (AS MESYLATE) 2.5 mg TABLET ORAL 2.5MG TABLET,است,covered,نيست,False,خير,False,خير,False,200,نيست,False,خير,False,نيست,False,15773,70.0,13227,29000,True,True,89
02316,BUPIVACAINE HYDROCHLORIDE 0.25% 10 mL INJECTION PARENTERAL 10ML INJECTION,است,covered,است,True,خير,False,خير,False,1,نيست,False,بله,True,نيست,False,1200000,70.0,500000,1700000,True,True,89
00181,BUPIVACAINE HYDROCHLORIDE 0.25% 20 mL INJECTION PARENTERAL 20ML INJECTION,است,covered,است,True,خير,False,خير,False,10,نيست,False,بله,True,نيست,False,19000,70.0,0,19000,True,True,89
02317,BUPIVACAINE HYDROCHLORIDE 0.5% 20 mL INJECTION PARENTERAL 20ML INJECTION,است,covered,است,True,خير,False,خير,False,10,نيست,False,بله,True,نيست,False,113000,70.0,0,113000,True,True,89
01413,BUPIVACAINE HYDROCHLORIDE 0.5% 4 mL INJECTION INTRASPINAL INJECTION,است,covered,است,True,خير,False,خير,False,10,نيست,False,بله,True,نيست,False,1413613,70.0,286387,1700000,True,True,89
02015,ACARBOSE 100 mg TABLET ORAL 100MG TABLET,است,covered,نيست,False,خير,False,خير,False,100,نيست,False,خير,False,نيست,False,23307,70.0,3793,27100,True,True,89
02016,ACARBOSE 50 mg TABLET ORAL 50MG TABLET,است,covered,نيست,False,خير,False,خير,False,100,نيست,False,خير,False,نيست,False,18290,70.0,3110,21400,True,True,89
00003,"ACETAMINOPHEN 100 mg/1mL 15 mL SOLUTION, DROPS ORAL DROPS",است,covered,نيست,False,خير,False,خير,False,5,نيست,False,خير,False,نيست,False,600000,70.0,0,600000,True,True,89
00004,ACETAMINOPHEN 120 mg/5mL 60 mL SOLUTION ORAL 120MG/5ML ELIXIR,است,covered,نيست,False,خير,False,خير,False,3,نيست,False,خير,False,نيست,False,448600,70.0,201400,650000,True,True,89
00005,ACETAMINOPHEN 120 mg/5mL 120 mL SUSPENSION ORAL 120MG/5ML SUSPENTION,است,covered,نيست,False,خير,False,خير,False,3,نيست,False,خير,False,نيست,False,1195740,70.0,604260,1800000,True,True,89
00006,ACETAMINOPHEN 125 mg SUPPOSITORY RECTAL 125MG SUPPOSITORY,است,covered,نيست,False,خير,False,خير,False,20,نيست,False,خير,False,نيست,False,102700,70.0,37300,140000,True,True,90
00008,ACETAMINOPHEN 325 mg SUPPOSITORY RECTAL 325MG SUPPOSITORY,است,covered,نيست,False,خير,False,خير,False,20,نيست,False,خير,False,نيست,False,108160,70.0,41840,150000,True,True,90
00007,ACETAMINOPHEN 325 mg TABLET ORAL 325MG TABLET,است,covered,نيست,False,خير,False,خير,False,30,نيست,False,خير,False,نيست,False,22120,70.0,2880,25000,True,True,90
02012,ACETAMINOPHEN 500 mg TABLET ORAL 500MG TABLET,است,covered,نيست,False,خير,False,خير,False,30,نيست,False,خير,False,نيست,False,23630,70.0,3370,27000,True,True,90
00009,"ACETAMINOPHEN 80 mg TABLET, ORALLY DISINTEGRATING ORAL 80MG TABLET",است,covered,نيست,False,خير,False,خير,False,30,نيست,False,خير,False,نيست,False,0,70.0,0,0,True,True,90
02243,ACETAMINOPHEN / CODEINE PHOSPHATE 300 mg/20 mg TABLET ORAL TABLET,است,covered,نيست,False,خير,False,خير,False,30,نيست,False,خير,False,نيست,False,37100,70.0,2900,40000,True,True,90
00012,"ACETAZOLAMIDE 500 mg INJECTION, POWDER, FOR SOLUTION PARENTERAL 500MG INJECTION",است,covered,است,True,خير,False,خير,False,10,نيست,False,بله,True,است,True,3193649,70.0,1296351,4490000,True,True,90
00148,BETAHISTINE DIHYDROCHLORIDE 8 mg TABLET ORAL 8MG TABLET,است,covered,نيست,False,خير,False,خير,False,200,نيست,False,خير,False,نيست,False,22000,70.0,0,22000,True,True,90
00150,BETAMETHASONE 0.5 mg TABLET ORAL 0.5MG TABLET,است,covered,نيست,False,خير,False,خير,False,200,نيست,False,خير,False,نيست,False,18218,70.0,1782,20000,True,True,90
00152,"BETAMETHASONE (AS DISODIUM PHOSPHATE) 0.1% 5 mL SOLUTION, DROPS OPHTHALMIC 5ML DROPS",است,covered,نيست,False,خير,False,خير,False,5,نيست,False,خير,False,نيست,False,573370,70.0,26630,600000,True,True,90
00151,BETAMETHASONE (AS DISODIUM PHOSPHATE) 0.1% 3 g OINTMENT OPHTHALMIC OINTMENT,است,covered,نيست,False,خير,False,خير,False,3,است,True,خير,False,نيست,False,574000,70.0,76000,650000,True,True,91
00149,BETAMETHASONE (AS DISODIUM PHOSPHATE) 4 mg/1mL INJECTION PARENTERAL 4MG/ML INJECTION,است,covered,نيست,False,خير,False,خير,False,10,نيست,False,خير,False,نيست,False,358600,70.0,241400,600000,True,True,91
00153,"BETAMETHASONE LA (BETAMETHASONE AS DISODIUM PHOSPHATE / BETAMETHASONE ACETATE) 3 mg/3 mg/1mL INJECTION, SUSPENSION, EXTENDED RELEASE PARENTERAL INJECTION",است,covered,نيست,False,خير,False,خير,False,10,نيست,False,خير,False,نيست,False,821500,70.0,28500,850000,True,True,91
00424,"DICLOFENAC SODIUM 25 mg TABLET, DELAYED RELEASE ORAL 25MG TABLET",است,covered,نيست,False,خير,False,خير,False,200,نيست,False,خير,False,نيست,False,14830,70.0,5670,20500,True,True,91
02041,"DICLOFENAC SODIUM 50 mg TABLET, DELAYED RELEASE ORAL 50MG TABLET",است,covered,نيست,False,خير,False,خير,False,60,نيست,False,خير,False,نيست,False,19490,70.0,5510,25000,True,True,91
00428,DICLOFENAC SODIUM 50 mg SUPPOSITORY RECTAL 50MG SUPPOSITORY,است,covered,نيست,False,خير,False,خير,False,20,نيست,False,خير,False,نيست,False,93340,70.0,36660,130000,True,True,91
00425,DICLOFENAC SODIUM 25 mg/1mL 3 mL INJECTION PARENTERAL 75MG/3ML INJECTION,است,covered,است,True,خير,False,خير,False,10,نيست,False,خير,False,نيست,False,542104,70.0,7896,550000,True,True,91
01993,"DICLOFENAC SODIUM 100 mg CAPSULE, EXTENDED RELEASE ORAL 100MG CAPSULE",است,covered,نيست,False,خير,False,خير,False,30,نيست,False,خير,False,نيست,False,30420,70.0,13580,44000,True,True,91
01464,"DICLOFENAC SODIUM 100 mg TABLET, EXTENDED RELEASE ORAL 100MG TABLET",است,covered,نيست,False,خير,False,خير,False,30,نيست,False,خير,False,نيست,False,24310,70.0,19690,44000,True,True,91
00429,DICYCLOMINE HYDROCHLORIDE 10 mg TABLET ORAL 10MG TABLET,است,covered,نيست,False,خير,False,خير,False,200,نيست,False,خير,False,نيست,False,22000,70.0,0,22000,True,True,91
00430,DICYCLOMINE HYDROCHLORIDE 10 mg/5mL 60 mL ELIXIR ORAL 10MG/5ML ELIXIR,است,covered,نيست,False,خير,False,خير,False,3,نيست,False,خير,False,نيست,False,672047,70.0,87953,760000,True,True,92
00431,DICYCLOMINE HYDROCHLORIDE 10 mg/1mL 2 mL INJECTION PARENTERAL 20MG/2ML INJECTION,است,covered,نيست,False,خير,False,خير,False,10,نيست,False,خير,False,نيست,False,564800,70.0,15200,580000,True,True,92
00435,"DIGESTIVE 40 mg/6000 [iU]/10500 [iU]/600 [iU] TABLET, DELAYED RELEASE ORAL TABLET",است,covered,نيست,False,خير,False,خير,False,200,نيست,False,خير,False,نيست,False,16680,70.0,25320,42000,True,True,92
00439,DIGOXIN 0.05 mg/1mL 60 mL ELIXIR ORAL 0.05MG/ML ELIXIR,است,covered,نيست,False,خير,False,خير,False,3,نيست,False,بله,True,است,True,309000,70.0,1961000,2270000,True,True,92
00436,DIGOXIN 0.25 mg TABLET ORAL 0.25MG TABLET,است,covered,نيست,False,خير,False,خير,False,200,نيست,False,بله,True,است,True,16900,70.0,7100,24000,True,True,92
00438,DIGOXIN 0.25 mg/1mL 2 mL INJECTION PARENTERAL 0.5MG/2ML INJECTION,است,covered,نيست,False,خير,False,خير,False,10,نيست,False,بله,True,است,True,187200,70.0,362800,550000,True,True,92
00440,DIHYDROERGOTAMINE MESYLATE 1 mg/1mL INJECTION PARENTERAL 1MG/ML INJECTION,است,covered,نيست,False,خير,False,خير,False,10,نيست,False,خير,False,نيست,False,610000,70.0,0,610000,True,True,92
00442,DIHYDROERGOTAMINE MESYLATE 2.5 mg TABLET ORAL 2.5MG TABLET,است,covered,نيست,False,خير,False,خير,False,200,نيست,False,خير,False,نيست,False,2900,70.0,0,2900,True,True,92
00200,CALCIUM GLUCONATE 10% 10 mL INJECTION PARENTERAL 10ML INJECTION,است,covered,نيست,False,خير,False,خير,False,10,است,True,بله,True,است,True,630299,70.0,19701,650000,True,True,92
00201,CALCIUM PANTOTHENATE 100 mg TABLET ORAL 100MG TABLET,است,covered,نيست,False,خير,False,خير,False,200,نيست,False,خير,False,نيست,False,20300,70.0,2700,23000,True,True,92
00197,CALCIUM-D TAB TABLET,است,covered,نيست,False,خير,False,خير,False,200,نيست,False,خير,False,نيست,False,560,70.0,0,560,True,True,93
02492,CAPECITABINE 150 mg TABLET ORAL 150MG TABLET,است,covered,نيست,False,خير,False,بله,True,طبق پرونده,نيست,False,بله,True,است,True,0,70.0,0,0,True,True,93
02493,CAPECITABINE 500 mg TABLET ORAL 500MG TABLET,است,covered,نيست,False,خير,False,بله,True,طبق پرونده,است,True,بله,True,است,True,280258,90.0,259742,540000,True,True,93
00204,"CAPREOMYCIN (AS SULFATE) 1 g INJECTION, POWDER, FOR SUSPENSION INTRAMUSCULAR INJECTION",است,covered,نيست,False,خير,False,خير,False,10,نيست,False,خير,False,نيست,False,0,70.0,0,0,True,True,93
00205,CAPTOPRIL 25 mg TABLET ORAL 25MG TABLET,است,covered,نيست,False,خير,False,خير,False,200,نيست,False,خير,False,نيست,False,18097,70.0,903,19000,True,True,93
00206,CAPTOPRIL 50 mg TABLET ORAL 50MG TABLET,است,covered,نيست,False,خير,False,خير,False,200,نيست,False,خير,False,نيست,False,22208,70.0,1792,24000,True,True,93
00208,CARBAMAZEPINE 200 mg TABLET ORAL 200MG TABLET,است,covered,نيست,False,خير,False,خير,False,400,نيست,False,خير,False,نيست,False,27000,70.0,10000,37000,True,True,93
02114,"CARBAMAZEPINE 200 mg TABLET, EXTENDED RELEASE ORAL 200MG TABLET",است,covered,نيست,False,خير,False,خير,False,400,نيست,False,خير,False,نيست,False,40805,70.0,12195,53000,True,True,93
01420,"CARBAMAZEPINE 400 mg TABLET, EXTENDED RELEASE ORAL 400MG TABLET",است,covered,نيست,False,خير,False,خير,False,200,نيست,False,خير,False,نيست,False,52619,70.0,20381,73000,True,True,93
01909,BUPROPION HYDROCHLORIDE 100 mg TABLET ORAL 100MG TABLET,است,covered,نيست,False,خير,False,خير,False,180,نيست,False,بله,True,نيست,False,23627,70.0,3373,27000,True,True,93
01908,BUPROPION HYDROCHLORIDE 75 mg TABLET ORAL 75MG TABLET,است,covered,نيست,False,خير,False,خير,False,240,نيست,False,بله,True,نيست,False,28000,70.0,25000,53000,True,True,94
02033,"BUPROPION HYDROCHLORIDE 150 mg TABLET, EXTENDED RELEASE ORAL 150MG TABLET",است,covered,نيست,False,خير,False,خير,False,120,نيست,False,بله,True,نيست,False,32000,70.0,44000,76000,True,True,94
00183,BURN OINTMENT 30 %/50 % 30 g OINTMENT TOPICAL OINTMENT,است,covered,نيست,False,خير,False,خير,False,3,نيست,False,بله,True,نيست,False,774800,70.0,95200,870000,True,True,94
00185,BUSERELIN ACETATE 1 mg/1mL 5.5 mL INJECTION PARENTERAL 1MG/ML INJECTION,است,covered,نيست,False,خير,False,خير,False,3,است,True,بله,True,است,True,5425362,90.0,1324638,6750000,True,True,94
01888,BUSPIRONE HYDROCHLORIDE 5 mg TABLET ORAL 5MG TABLET,است,covered,نيست,False,خير,False,خير,False,200,نيست,False,خير,False,نيست,False,22440,70.0,2560,25000,True,True,94
00186,BUSULFAN 2 mg TABLET ORAL 2MG TABLET,است,covered,نيست,False,خير,False,بله,True,طبق پرونده,است,True,بله,True,است,True,16000,90.0,0,16000,True,True,94
02287,CABERGOLINE 0.5 mg TABLET ORAL 0.5MG TABLET,است,covered,نيست,False,خير,False,خير,False,20,نيست,False,بله,True,نيست,False,233220,90.0,206780,440000,True,True,94
02374,CABERGOLINE 1 mg TABLET ORAL 1MG/ML TABLET,است,covered,نيست,False,خير,False,خير,False,20,نيست,False,بله,True,نيست,False,330070,90.0,419930,750000,True,True,94
00190,CALAMINE 8% 30 g CREAM TOPICAL CREAM,است,covered,نيست,False,خير,False,خير,False,5,نيست,False,خير,False,نيست,False,701900,70.0,58100,760000,True,True,94
02592,CALAMINE 8% 60 mL LOTION TOPICAL LOTION,است,covered,نيست,False,خير,False,خير,False,5,نيست,False,خير,False,نيست,False,271100,70.0,0,271100,True,True,94
00192,CALCIPOTRIOL 50 ug/1g 30 g OINTMENT TOPICAL OINTMENT,صرفا مشمول يارانه دولت,government_subsidy_only,نيست,False,خير,False,خير,False,3,نيست,False,خير,False,است,True,3429224,0.0,270776,3700000,True,True,95
00194,CALCITONIN 50 [iU]/1mL INJECTION PARENTERAL INJECTION,است,covered,نيست,False,خير,False,خير,False,10,نيست,False,بله,True,نيست,False,359970,70.0,170030,530000,True,True,95
01415,"CALCITONIN, SALMON 100 [iU]/1 {dose} 16 {Puff} SPRAY NASAL SPRAY",است,covered,نيست,False,خير,False,خير,False,4,نيست,False,بله,True,است,True,1375300,70.0,939400,2314700,True,True,95
01738,"CALCITONIN, SALMON 200 [iU]/1{Puff} 14 {Puff} SPRAY NASAL SPRAY",است,covered,نيست,False,خير,False,خير,False,4,نيست,False,بله,True,است,True,1586200,70.0,1048600,2634800,True,True,95
00195,"CALCITRIOL 0.25 ug CAPSULE, LIQUID FILLED ORAL 0.25MCG CAPSULE",است,covered,نيست,False,خير,False,خير,False,120,است,True,بله,True,است,True,42494,90.0,37506,80000,True,True,95
00199,CALCIUM FORTE EFF TAB TABLET,است,covered,نيست,False,خير,False,خير,False,30,نيست,False,خير,False,نيست,False,3100,70.0,0,3100,True,True,95
01435,CLINDAMYCIN PALMITATE 75G/5ML 100ML SUSP SUSPENTION,است,covered,نيست,False,خير,False,خير,False,3,نيست,False,بله,True,نيست,False,700000,70.0,0,700000,True,True,95
01374,CLINDAMYCIN (AS PHOSPHATE) 10 mg/1mL 60 mL SOLUTION TOPICAL SOLUTION,است,covered,نيست,False,خير,False,خير,False,2,نيست,False,بله,True,نيست,False,839283,70.0,30717,870000,True,True,95
02234,CLINDAMYCIN (AS PHOSPHATE) 2% 40 g CREAM VAGINAL CREAM,صرفا مشمول يارانه دولت,government_subsidy_only,نيست,False,خير,False,خير,False,5,نيست,False,خير,False,نيست,False,893880,0.0,406120,1300000,True,True,95
01947,CLINDAMYCIN (AS PHOSPHATE) 150 mg/1mL 2 mL INJECTION PARENTERAL 300/ML INJECTION,است,covered,است,True,خير,False,خير,False,20,نيست,False,خير,False,است,True,507800,70.0,42200,550000,True,True,95
01862,CLINDAMYCIN (AS PHOSPHATE) 1% 15 g GEL TOPICAL GEL,است,covered,نيست,False,خير,False,خير,False,3,نيست,False,خير,False,نيست,False,695800,70.0,54200,750000,True,True,96
00312,CLOBAZAM 10 mg TABLET ORAL 10MG TABLET,است,covered,نيست,False,خير,False,خير,False,200,نيست,False,خير,False,نيست,False,40000,70.0,15000,55000,True,True,96
00313,CLOBETASOL PROPIONATE 0.05% 15 g CREAM TOPICAL CREAM,است,covered,نيست,False,خير,False,خير,False,5,است,True,خير,False,نيست,False,515400,70.0,74600,590000,True,True,96
00314,CLOBETASOL PROPIONATE 0.05% 15 g OINTMENT TOPICAL OINTMENT,است,covered,نيست,False,خير,False,خير,False,3,است,True,خير,False,نيست,False,522900,70.0,67100,590000,True,True,96
02425,CLOBETASOL PROPIONATE 0.05% 25 mL LOTION TOPICAL LOTION,است,covered,نيست,False,خير,False,خير,False,5,است,True,خير,False,نيست,False,569300,70.0,60700,630000,True,True,96
00315,CLOBUTINOL HYDROCHLORIDE 40 mg TABLET ORAL 40MG TABLET,است,covered,نيست,False,خير,False,خير,False,200,نيست,False,خير,False,نيست,False,1100,70.0,0,1100,True,True,96
00316,"CLOBUTINOL HYDROCHLORIDE 60 mg/1mL 15 mL SOLUTION, DROPS ORAL 60MG/ML DROPS",است,covered,نيست,False,خير,False,خير,False,5,نيست,False,خير,False,نيست,False,20000,70.0,0,20000,True,True,96
01437,CLOFAZIMINE 50 mg CAPSULE ORAL 50MG CAPSULE,است,covered,نيست,False,خير,False,خير,False,100,نيست,False,خير,False,نيست,False,0,70.0,0,0,True,True,96
00320,CLOMIPRAMINE HYDROCHLORIDE 10 mg TABLET ORAL 10MG TABLET,است,covered,نيست,False,خير,False,خير,False,400,نيست,False,خير,False,نيست,False,17282,70.0,1718,19000,True,True,96
00321,CLOMIPRAMINE HYDROCHLORIDE 25 mg TABLET ORAL 25MG TABLET,است,covered,نيست,False,خير,False,خير,False,300,نيست,False,خير,False,نيست,False,21705,70.0,4295,26000,True,True,96
01438,CLOMIPRAMINE HYDROCHLORIDE 50 mg TABLET ORAL 50MG TABLET,است,covered,نيست,False,خير,False,خير,False,300,نيست,False,خير,False,نيست,False,25009,70.0,14991,40000,True,True,97
01439,CLOMIPRAMINE HYDROCHLORIDE 75 mg TABLET ORAL 75MG TABLET,است,covered,نيست,False,خير,False,خير,False,200,نيست,False,خير,False,نيست,False,35436,70.0,18564,54000,True,True,97
00322,CLONAZEPAM 1 mg TABLET ORAL 1MG TABLET,است,covered,نيست,False,خير,False,خير,False,300,نيست,False,خير,False,نيست,False,19453,70.0,547,20000,True,True,97
00323,CLONAZEPAM 2 mg TABLET ORAL 2MG TABLET,است,covered,نيست,False,خير,False,خير,False,300,نيست,False,خير,False,نيست,False,21054,70.0,946,22000,True,True,97
01414,BUPRENORPHINE (AS HYDROCHLORIDE) 0.3 mg/1mL INJECTION PARENTERAL 0.3MG/ML INJECTION,است,covered,است,True,خير,False,خير,False,10,نيست,False,بله,True,نيست,False,300000,70.0,0,300000,True,True,97
02250,"CIPROFLOXACIN (AS LACTATE) 10 mg/1mL 20 mL INJECTION, SOLUTION INTRAVENOUS 200MG/20ML INFUSION",است,covered,است,True,خير,False,خير,False,10,است,True,بله,True,است,True,500000,70.0,800000,1300000,True,True,97
02516,CISATRACURIUM (AS BESYLATE) 2 mg/1mL 10 mL INJECTION PARENTERAL 2MG/ML INJECTION,صرفا مشمول يارانه دولت,government_subsidy_only,است,True,خير,False,خير,False,1,نيست,False,خير,False,نيست,False,994561,0.0,405439,1400000,True,True,97
02515,CISATRACURIUM BESILATE 2MG/ML 2.5ML AMP 2MG/ML INJECTION,صرفا مشمول يارانه دولت,government_subsidy_only,است,True,خير,False,خير,False,1,نيست,False,خير,False,نيست,False,90000,0.0,106198,196198,True,True,97
02109,CISATRACURIUM (AS BESYLATE) 2 mg/1mL 5 mL INJECTION PARENTERAL 2MG/ML INJECTION,صرفا مشمول يارانه دولت,government_subsidy_only,است,True,خير,False,خير,False,5,نيست,False,خير,False,نيست,False,740824,0.0,199176,940000,True,True,97
00513,ETHOSUXIMIDE 250 mg/5mL 240 mL SYRUP ORAL 250MG/5ML SYRUP,است,covered,نيست,False,خير,False,خير,False,3,نيست,False,بله,True,است,True,1673000,70.0,0,1673000,True,True,97
01501,ETOMIDATE 2 mg/1mL 10 mL INJECTION PARENTERAL 20MG/10ML INJECTION,است,covered,است,True,خير,False,خير,False,10,نيست,False,بله,True,نيست,False,1105000,70.0,5745000,6850000,True,True,98
00517,ETOPOSIDE 100 mg CAPSULE ORAL 100MG CAPSULE,است,covered,نيست,False,خير,False,بله,True,طبق پرونده,است,True,بله,True,است,True,104000,90.0,0,104000,True,True,98
00518,"ETOPOSIDE 20 mg/1mL 5 mL INJECTION, SOLUTION INTRAVENOUS 100MG/5ML INJECTION",است,covered,نيست,False,خير,False,بله,True,طبق پرونده,است,True,بله,True,است,True,3000000,90.0,23000000,26000000,True,True,98
00520,ETOPOSIDE 50 mg CAPSULE ORAL 50MG CAPSULE,است,covered,نيست,False,خير,False,بله,True,طبق پرونده,است,True,بله,True,است,True,814500,90.0,355500,1170000,True,True,98
02962,EXEMESTANE 25 mg TABLET ORAL 25MG TABLET,است,covered,نيست,False,خير,False,خير,False,90,است,True,بله,True,است,True,130000,70.0,350000,480000,True,True,98
00492,"EPIRUBICIN HYDROCHLORIDE 50 mg INJECTION, POWDER, FOR SOLUTION PARENTERAL 50MG INJECTION",است,covered,نيست,False,خير,False,بله,True,طبق پرونده,نيست,False,بله,True,است,True,950000,90.0,0,950000,True,True,98
00493,ERGOTAMINE TARTRATE / CAFFEINE 1 mg/100 mg TABLET ORAL TABLET,است,covered,نيست,False,خير,False,خير,False,50,نيست,False,بله,True,نيست,False,37058,70.0,42942,80000,True,True,98
00499,ERYTHROMYCIN 0.5% 3 g OINTMENT OPHTHALMIC OINTMENT,است,covered,نيست,False,خير,False,خير,False,3,نيست,False,خير,False,نيست,False,382700,70.0,17300,400000,True,True,98
01491,ERYTHROMYCIN 2% 30 g GEL TOPICAL GEL,است,covered,نيست,False,خير,False,خير,False,3,نيست,False,بله,True,نيست,False,563910,70.0,21090,585000,True,True,98
01492,ERYTHROMYCIN 2% 60 mL SOLUTION TOPICAL SOLUTION,است,covered,نيست,False,خير,False,خير,False,2,نيست,False,بله,True,نيست,False,430335,70.0,38565,468900,True,True,98
02429,ERYTHROMYCIN 4% 30 g GEL TOPICAL GEL,صرفا مشمول يارانه دولت,government_subsidy_only,نيست,False,خير,False,خير,False,3,نيست,False,خير,False,نيست,False,572995,0.0,38005,611000,True,True,99
02430,ERYTHROMYCIN 4% 60 mL SOLUTION TOPICAL SOLUTION,است,covered,نيست,False,خير,False,خير,False,2,نيست,False,خير,False,نيست,False,500335,70.0,75965,576300,True,True,99
00495,ERYTHROMYCIN 200 mg TABLET ORAL 200MG TABLET,است,covered,نيست,False,خير,False,خير,False,200,نيست,False,خير,False,نيست,False,58124,70.0,6876,65000,True,True,99
00497,"ERYTHROMYCIN 200 mg/5mL 100 mL POWDER, FOR SUSPENSION ORAL 200MG SUSPENTION",است,covered,نيست,False,خير,False,خير,False,3,نيست,False,خير,False,نيست,False,1496331,70.0,253669,1750000,True,True,99
00496,ERYTHROMYCIN 400 mg TABLET ORAL 400MG TABLET,است,covered,نيست,False,خير,False,خير,False,200,نيست,False,خير,False,نيست,False,78600,70.0,25400,104000,True,True,99
00500,"ERYTHROMYCIN 1 g INJECTION, POWDER, FOR SOLUTION PARENTERAL INJECTION",است,covered,است,True,خير,False,خير,False,10,نيست,False,بله,True,نيست,False,385086,70.0,0,385086,True,True,99
00501,EPOETIN 2000 [iU]/1mL INJECTION PARENTERAL INJECTION,است,covered,نيست,False,خير,False,خير,False,12,نيست,False,بله,True,است,True,165000,90.0,0,165000,True,True,99
03005,ESTRADIOL (AS HEMIHYDRATE) 10 ug TABLET VAGINAL TABLET,است,covered,نيست,False,خير,False,خير,False,200,نيست,False,بله,True,نيست,False,224900,70.0,105100,330000,True,True,99
00502,ESTRADIOL VALERATE 10 mg/1mL INJECTION PARENTERAL 10MG/ML INJECTION,است,covered,نيست,False,خير,False,خير,False,10,نيست,False,بله,True,نيست,False,288981,70.0,11019,300000,True,True,99
00503,ESTRADIOL VALERATE 1 mg TABLET ORAL 1MG TABLET,است,covered,نيست,False,خير,False,خير,False,200,نيست,False,خير,False,نيست,False,16802,90.0,19198,36000,True,True,99
00504,ESTRADIOL VALERATE 2 mg TABLET ORAL 2MG TABLET,است,covered,نيست,False,خير,False,خير,False,200,نيست,False,خير,False,نيست,False,37677,90.0,2323,40000,True,True,100
02354,DALTEPARIN SODIUM 7500 [iU]/0.3mL INJECTION PARENTERAL INJECTION,است,covered,نيست,False,خير,False,خير,False,30,نيست,False,بله,True,است,True,158000,70.0,0,158000,True,True,100
00379,DANAZOL 100 mg CAPSULE ORAL 100MG CAPSULE,است,covered,نيست,False,خير,False,خير,False,200,است,True,بله,True,نيست,False,273000,70.0,0,273000,True,True,100
00380,DANAZOL 200 mg CAPSULE ORAL 200MG CAPSULE,است,covered,نيست,False,خير,False,خير,False,200,است,True,بله,True,نيست,False,355309,70.0,65691,421000,True,True,100
00382,"DANTROLENE SODIUM 20 mg INJECTION, POWDER, FOR SOLUTION PARENTERAL 20MG/70ML INJECTION",است,covered,است,True,خير,False,خير,False,10,نيست,False,بله,True,نيست,False,4469000,70.0,999000,5468000,True,True,100
00383,DAPSONE 100 mg TABLET ORAL 100MG TABLET,است,covered,نيست,False,خير,False,خير,False,200,نيست,False,بله,True,است,True,29000,70.0,750000,779000,True,True,100
01456,DAPSONE 50 mg TABLET ORAL 50MG TABLET,است,covered,نيست,False,خير,False,خير,False,200,نيست,False,بله,True,است,True,9000,70.0,0,9000,True,True,100
00384,"DAUNORUBICIN (AS HYDROCHLORIDE) 20 mg INJECTION, POWDER, FOR SOLUTION PARENTERAL 20MG INJECTION",است,covered,نيست,False,خير,False,بله,True,طبق پرونده,نيست,False,بله,True,است,True,398000,90.0,870000,1268000,True,True,100
01956,"DEFEROXAMINE MESYLATE 2 g INJECTION, POWDER, LYOPHILIZED, FOR SOLUTION PARENTERAL INJECTION",است,covered,نيست,False,خير,False,بله,True,طبق پرونده,نيست,False,بله,True,است,True,37609700,100.0,6890300,44500000,True,True,100
00386,"DEFEROXAMINE MESYLATE 500 mg INJECTION, POWDER, FOR SOLUTION PARENTERAL 500MG INJECTION",است,covered,نيست,False,خير,False,بله,True,طبق پرونده,نيست,False,بله,True,است,True,1210638,100.0,789362,2000000,True,True,100
97037,DESFERAL INFUSION PUMP (قيمت بر اساس فاکتور معتبر ) SET,است,covered,نيست,False,خير,False,بله,True,طبق پرونده,نيست,False,خير,False,نيست,False,172480000,70.0,0,172480000,True,True,101
00388,DESIPRAMINE HYDROCHLORIDE 25 mg TABLET ORAL 25MG TABLET,است,covered,نيست,False,خير,False,خير,False,200,نيست,False,خير,False,نيست,False,17690,70.0,3310,21000,True,True,101
01489,EPINEPHRINE 1 mg/1mL 1 mL INJECTION PARENTERAL INJECTION,است,covered,نيست,False,خير,False,خير,False,10,نيست,False,بله,True,نيست,False,492410,70.0,7590,500000,True,True,101
00491,"EPIRUBICIN HYDROCHLORIDE 10 mg INJECTION, POWDER, FOR SOLUTION PARENTERAL 10MG INJECTION",است,covered,نيست,False,خير,False,بله,True,طبق پرونده,نيست,False,بله,True,است,True,250000,90.0,0,250000,True,True,101
00364,CROMOLYN SODIUM 20 mg CAPSULE RESPIRATORY 20MG INHALATION,است,covered,نيست,False,خير,False,خير,False,200,نيست,False,بله,True,نيست,False,2400,70.0,0,2400,True,True,101
00366,CROTAMITON 10% 30 g CREAM TOPICAL CREAM,است,covered,نيست,False,خير,False,خير,False,5,نيست,False,بله,True,نيست,False,705000,70.0,105000,810000,True,True,101
00368,"CYCLOPHOSPHAMIDE 200 mg INJECTION, POWDER, FOR SOLUTION PARENTERAL 200MG INJECTION",است,covered,نيست,False,خير,False,بله,True,طبق پرونده,است,True,بله,True,است,True,2815300,90.0,584700,3400000,True,True,101
00370,"CYCLOPHOSPHAMIDE 500 mg INJECTION, POWDER, FOR SOLUTION PARENTERAL 500MG INJECTION",است,covered,نيست,False,خير,False,بله,True,طبق پرونده,است,True,بله,True,است,True,5143000,90.0,357000,5500000,True,True,101
00369,CYCLOPHOSPHAMIDE 50 mg TABLET ORAL 50MG TABLET,است,covered,نيست,False,خير,False,خير,False,100,است,True,بله,True,است,True,1,90.0,61600,61601,True,True,101
00371,CYCLOSERINE 250 mg CAPSULE ORAL 250MG CAPSULE,است,covered,نيست,False,خير,False,خير,False,200,نيست,False,بله,True,نيست,False,300,70.0,0,300,True,True,101
00372,CYPROHEPTADINE HYDROCHLORIDE 4 mg TABLET ORAL 4MG TABLET,است,covered,نيست,False,خير,False,خير,False,200,نيست,False,خير,False,نيست,False,21639,70.0,361,22000,True,True,102
00374,CYPROTERONE COMPOUND 2 mg/0.035 mg TABLET ORAL TABLET,است,covered,نيست,False,خير,False,خير,False,63,نيست,False,خير,False,نيست,False,16955,70.0,21045,38000,True,True,102
00373,CYPROTERONE ACETATE 50 mg TABLET ORAL 50MG TABLET,است,covered,نيست,False,خير,False,خير,False,200,نيست,False,خير,False,نيست,False,16966,70.0,54284,71250,True,True,102
01453,CYSTEAMINE 150 mg CAPSULE ORAL 150MG CAPSULE,است,covered,نيست,False,خير,False,بله,True,طبق پرونده,نيست,False,بله,True,است,True,400000,95.0,1250000,1650000,True,True,102
02476,CYSTEAMINE 50 mg CAPSULE ORAL 50MG CAPSULE,است,covered,نيست,False,خير,False,بله,True,طبق پرونده,نيست,False,بله,True,است,True,60000,95.0,0,60000,True,True,102
01454,"CYTARABINE 1 g INJECTION, POWDER, FOR SOLUTION PARENTERAL INJECTION",است,covered,نيست,False,خير,False,بله,True,طبق پرونده,است,True,بله,True,است,True,762000,90.0,0,762000,True,True,102
00375,"CYTARABINE 20 mg/1mL 5 mL INJECTION, SOLUTION PARENTERAL INJECTION",است,covered,نيست,False,خير,False,بله,True,طبق پرونده,است,True,بله,True,است,True,2204500,90.0,895500,3100000,True,True,102
00377,"DACARBAZINE 200 mg INJECTION, POWDER, FOR SOLUTION PARENTERAL 200MG INJECTION",است,covered,نيست,False,خير,False,بله,True,طبق پرونده,است,True,بله,True,است,True,3000000,90.0,12000000,15000000,True,True,102
00378,"DACTINOMYCIN 0.5 mg INJECTION, POWDER, FOR SOLUTION PARENTERAL 0.5MG INJECTION",است,covered,نيست,False,خير,False,بله,True,طبق پرونده,است,True,بله,True,است,True,19664200,90.0,30619800,50284000,True,True,102
02262,DALTEPARIN SODIUM 12500 [iU]/1mL 0.2 mL INJECTION PARENTERAL INJECTION,است,covered,نيست,False,خير,False,خير,False,30,نيست,False,بله,True,است,True,140000,70.0,0,140000,True,True,102
02259,DALTEPARIN SODIUM 25000 [iU]/1mL 0.2 mL INJECTION PARENTERAL 5000U INJECTION,است,covered,نيست,False,خير,False,خير,False,30,نيست,False,بله,True,است,True,1921000,70.0,178000,2099000,True,True,103
00354,CONJUGATED ESTROGENS 1.25 mg TABLET ORAL 1.25MG TABLET,است,covered,نيست,False,خير,False,خير,False,200,نيست,False,خير,False,نيست,False,110000,70.0,90000,200000,True,True,103
01442,CONTRACEPTIVE DE 0.15 mg/20 ug TABLET ORAL TABLET,است,covered,نيست,False,خير,False,خير,False,63,نيست,False,خير,False,نيست,False,2000,70.0,0,2000,True,True,103
05290,"FLUTICASONE PROPIONATE 50 mcg/1 dose, 120 dose RESPIRATORY INHALATION",است,covered,نيست,False,خير,False,خير,False,2,نيست,False,خير,False,نيست,False,164000,70.0,0,164000,True,True,103
06685,"CICLOSPORIN 50 mg/1mL 5 mL INJECTION, SOLUTION INTRAVENOUS INJECTION",است,covered,است,True,خير,False,بله,True,طبق پرونده,است,True,بله,True,است,True,1220000,100.0,3111000,4331000,True,True,103
05170,"GRANISETRON 1 mg/1mL 1 mL INJECTION, SOLUTION INTRAVENOUS 1MG/ML 1ML",است,covered,نيست,False,خير,False,خير,False,5,نيست,False,خير,False,نيست,False,295406,90.0,4594,300000,True,True,103
00161,BETAMETHASONE (AS VALERATE) 0.1% 15 g CREAM TOPICAL CREAM,است,covered,نيست,False,خير,False,خير,False,5,است,True,خير,False,نيست,False,583705,70.0,16295,600000,True,True,103
00159,BETAMETHASONE (AS VALERATE) 0.1% 20 mL LOTION TOPICAL LOTION,است,covered,نيست,False,خير,False,خير,False,5,است,True,خير,False,نيست,False,550776,70.0,19224,570000,True,True,103
00160,BETAMETHASONE (AS VALERATE) 0.1% 15 g OINTMENT TOPICAL OINTMENT,است,covered,نيست,False,خير,False,خير,False,3,است,True,خير,False,نيست,False,634138,70.0,15862,650000,True,True,103
00163,"BETAXOLOL 0.5% 10 mL SOLUTION, DROPS OPHTHALMIC 10ML DROPS",است,covered,نيست,False,خير,False,خير,False,5,نيست,False,خير,False,نيست,False,574792,70.0,25208,600000,True,True,103
00162,BETHANECHOL CHLORIDE 10 mg TABLET ORAL 10MG TABLET,است,covered,نيست,False,خير,False,خير,False,200,نيست,False,خير,False,نيست,False,24350,70.0,28650,53000,True,True,104
02372,"BERACTANT 25 mg/1mL 8 mL INJECTION, SUSPENSION ENDOTRACHEAL INJECTION",است,covered,است,True,خير,False,بله,True,طبق پرونده,نيست,False,بله,True,نيست,False,55616000,90.0,22384000,78000000,True,True,104
02111,BETACAROTENE 15MG CAP 15MG CAPSULE,است,covered,نيست,False,خير,False,خير,False,200,نيست,False,خير,False,نيست,False,1400,70.0,0,1400,True,True,104
00164,BIPERIDEN HYDROCHLORIDE 2 mg TABLET ORAL 2MG TABLET,است,covered,نيست,False,خير,False,خير,False,300,نيست,False,خير,False,نيست,False,25856,70.0,3144,29000,True,True,104
01410,"BIPERIDEN HYDROCHLORIDE 4 mg TABLET, EXTENDED RELEASE ORAL 4MG TABLET",است,covered,نيست,False,خير,False,خير,False,200,نيست,False,خير,False,نيست,False,18000,70.0,0,18000,True,True,104
00165,BIPERIDEN LACTATE 5 mg/1mL INJECTION PARENTERAL 5MG/ML INJECTION,است,covered,نيست,False,خير,False,خير,False,15,نيست,False,بله,True,نيست,False,523028,70.0,26972,550000,True,True,104
00168,BISACODYL 5 mg SUPPOSITORY RECTAL 5MG SUPPOSITORY,است,covered,نيست,False,خير,False,خير,False,20,نيست,False,خير,False,نيست,False,67800,70.0,12200,80000,True,True,104
00167,"BISACODYL 5 mg TABLET, DELAYED RELEASE ORAL 5MG TABLET",است,covered,نيست,False,خير,False,خير,False,200,نيست,False,خير,False,نيست,False,19600,70.0,1400,21000,True,True,104
00169,BISMUTH SUBCITRATE EQU. TO BISMUTH OXIDE 120 mg TABLET ORAL 120MG TABLET,است,covered,نيست,False,خير,False,خير,False,200,نيست,False,خير,False,نيست,False,36959,70.0,18041,55000,True,True,104
00170,"BLEOMYCIN 15 [iU] INJECTION, POWDER, FOR SOLUTION PARENTERAL INJECTION",است,covered,نيست,False,خير,False,بله,True,طبق پرونده,است,True,بله,True,است,True,1995000,90.0,3564000,5559000,True,True,104
01930,"BRINZOLAMIDE 1% 5 mL SUSPENSION, DROPS OPHTHALMIC DROPS",است,covered,نيست,False,خير,False,خير,False,5,نيست,False,بله,True,نيست,False,1600000,70.0,0,1600000,True,True,105
00176,BROMHEXINE HYDROCHLORIDE 2 mg/1mL 2 mL INJECTION PARENTERAL 4MG/2ML INJECTION,است,covered,نيست,False,خير,False,خير,False,10,نيست,False,خير,False,نيست,False,643440,70.0,6560,650000,True,True,105
00177,BROMHEXINE HYDROCHLORIDE 4 mg/5mL 60 mL SOLUTION ORAL 4MG/5ML ELIXIR,است,covered,نيست,False,خير,False,خير,False,3,نيست,False,خير,False,نيست,False,464900,70.0,135100,600000,True,True,105
00117,ATRACURIUM BESYLATE 10 mg/1mL 5 mL INJECTION PARENTERAL 10MG/ML INJECTION,است,covered,است,True,خير,False,خير,False,10,نيست,False,خير,False,نيست,False,2583300,70.0,216700,2800000,True,True,105
00118,"ATROPINE SULFATE 0.5% 10 mL SOLUTION, DROPS OPHTHALMIC 10ML DROPS",است,covered,نيست,False,خير,False,خير,False,5,نيست,False,خير,False,نيست,False,620352,70.0,129648,750000,True,True,105
00119,ATROPINE SULFATE 0.5 mg/1mL INJECTION PARENTERAL 0.5MG INJECTION,است,covered,نيست,False,خير,False,خير,False,10,نيست,False,خير,False,نيست,False,732900,70.0,17100,750000,True,True,105
00121,"ATROPINE SULFATE 1% 10 mL SOLUTION, DROPS OPHTHALMIC 10ML DROPS",است,covered,نيست,False,خير,False,خير,False,5,نيست,False,خير,False,نيست,False,615531,70.0,234469,850000,True,True,105
00093,"FACTOR IX 500 [iU] INJECTION, POWDER, LYOPHILIZED, FOR SOLUTION PARENTERAL INJECTION",است,covered,نيست,False,خير,False,بله,True,طبق پرونده,نيست,False,بله,True,است,True,9860000,100.0,24640000,34500000,True,True,105
02682,"FACTOR VIIA 1.2 mg INJECTION, POWDER, LYOPHILIZED, FOR SOLUTION PARENTERAL INJECTION",است,covered,نيست,False,خير,False,بله,True,طبق پرونده,نيست,False,بله,True,است,True,80000000,100.0,25000000,105000000,True,True,105
00094,"FACTOR VIIA 2.4 mg INJECTION, POWDER, LYOPHILIZED, FOR SOLUTION PARENTERAL 2.4MG INJECTION",است,covered,نيست,False,خير,False,بله,True,طبق پرونده,نيست,False,بله,True,است,True,143917904,100.0,66082096,210000000,True,True,105
00095,"FACTOR VIIA 4.8 mg INJECTION, POWDER, LYOPHILIZED, FOR SOLUTION PARENTERAL 4.8MG INJECTION",است,covered,نيست,False,خير,False,بله,True,طبق پرونده,نيست,False,بله,True,است,True,300000000,100.0,120000000,420000000,True,True,106
00096,ANTIHEMORRHOID 50 mg/2.75 mg/35 mg/180 mg/1g 15 g OINTMENT RECTAL OINTMENT,است,covered,نيست,False,خير,False,خير,False,3,نيست,False,خير,False,نيست,False,715800,70.0,84200,800000,True,True,106
00097,ANTIHEMORRHOID 60 mg/5 mg/50 mg/400 mg SUPPOSITORY RECTAL SUPPOSITORY,است,covered,نيست,False,خير,False,خير,False,50,نيست,False,خير,False,نيست,False,103610,70.0,66390,170000,True,True,106
01392,ANTISCORPION VENOM SERUM 5 mL INJECTION PARENTERAL 5ML INJECTION,است,covered,است,True,خير,False,خير,False,1,نيست,False,بله,True,نيست,False,1755600,70.0,312816,2068416,True,True,106
02371,"ANTITHYMOCYTE IMMUNOGLOBULIN 25 mg INJECTION, POWDER, LYOPHILIZED, FOR SOLUTION PARENTERAL INJECTION",است,covered,نيست,False,خير,False,بله,True,طبق پرونده,است,True,بله,True,است,True,11059000,100.0,38941000,50000000,True,True,106
00100,ANTITHYMOCYTE IMMUNOGLOBULIN 50 mg/1mL 5 mL INJECTION PARENTERAL 250MG/5ML INJECTION,است,covered,نيست,False,خير,False,بله,True,طبق پرونده,است,True,بله,True,است,True,21932000,100.0,59248000,81180000,True,True,106
00101,APOMORPHINE HYDROCHLORIDE 10 mg/1mL 3 mL INJECTION PARENTERAL 10MG/ML INJECTION,است,covered,نيست,False,خير,False,بله,True,طبق پرونده,نيست,False,بله,True,است,True,3842000,70.0,5098000,8940000,True,True,106
01861,"APROTININ 100,000IU/10ML AMP INJECTION",است,covered,است,True,خير,False,خير,False,10,نيست,False,بله,True,نيست,False,500000,90.0,0,500000,True,True,106
02079,ARSENIC TRIOXIDE 0.1% 10 mL INJECTION PARENTERAL INJECTION,است,covered,نيست,False,خير,False,بله,True,طبق پرونده,نيست,False,بله,True,است,True,13962600,90.0,3537400,17500000,True,True,106
00075,"AMOXICILLIN 125 mg/5mL 100 mL POWDER, FOR SUSPENSION ORAL 125MG/5ML SUSPENTION",است,covered,نيست,False,خير,False,خير,False,3,نيست,False,خير,False,نيست,False,590700,70.0,109300,700000,True,True,106
00076,AMOXICILLIN 250 mg CAPSULE ORAL 250MG CAPSULE,است,covered,نيست,False,خير,False,خير,False,50,نيست,False,خير,False,نيست,False,22200,70.0,22800,45000,True,True,107
02020,"AMOXICILLIN 250 mg TABLET, CHEWABLE ORAL 250MG TABLET",است,covered,نيست,False,خير,False,خير,False,50,نيست,False,خير,False,نيست,False,1500,70.0,0,1500,True,True,107
00078,"AMOXICILLIN 250 mg/5mL 100 mL POWDER, FOR SUSPENSION ORAL 250MG/5ML SUSPENTION",است,covered,نيست,False,خير,False,خير,False,3,نيست,False,خير,False,نيست,False,779300,70.0,220700,1000000,True,True,107
00077,AMOXICILLIN 500 mg CAPSULE ORAL 500MG CAPSULE,است,covered,نيست,False,خير,False,خير,False,50,نيست,False,خير,False,نيست,False,34140,70.0,30860,65000,True,True,107
02021,AMOXICILLIN 500 mg TABLET ORAL 500MG TABLET,است,covered,نيست,False,خير,False,خير,False,50,نيست,False,خير,False,نيست,False,34140,70.0,10860,45000,True,True,107
00079,"AMPHOTERICIN B 50 mg INJECTION, POWDER, LYOPHILIZED, FOR SOLUTION PARENTERAL INJECTION",است,covered,است,True,خير,False,خير,False,10,است,True,بله,True,است,True,490900,90.0,1134300,1625200,True,True,107
00083,"AMPICILLIN 125 mg/5 mL 100 mL POWDER, FOR SUSPENSION ORAL 125MG/5ML SUSPENTION",است,covered,نيست,False,خير,False,خير,False,3,نيست,False,خير,False,نيست,False,201000,70.0,0,201000,True,True,107
00084,AMPICILLIN 250 mg CAPSULE ORAL 250MG CAPSULE,است,covered,نيست,False,خير,False,خير,False,50,نيست,False,خير,False,نيست,False,14500,70.0,0,14500,True,True,107
00086,"AMPICILLIN 250 mg/5 mL 100 mL POWDER, FOR SUSPENSION ORAL 250MG/5ML SUSPENTION",است,covered,نيست,False,خير,False,خير,False,3,نيست,False,خير,False,نيست,False,290600,70.0,0,290600,True,True,107
00085,AMPICILLIN 500 mg CAPSULE ORAL 500MG CAPSULE,است,covered,نيست,False,خير,False,خير,False,50,نيست,False,خير,False,نيست,False,11873,70.0,6127,18000,True,True,107
00080,"AMPICILLIN 1 g INJECTION, POWDER, FOR SOLUTION PARENTERAL INJECTION",است,covered,نيست,False,خير,False,خير,False,10,نيست,False,خير,False,نيست,False,812600,70.0,87400,900000,True,True,108
00081,"AMPICILLIN 250 mg INJECTION, POWDER, FOR SOLUTION PARENTERAL 250MG INJECTION",است,covered,نيست,False,خير,False,خير,False,10,نيست,False,خير,False,نيست,False,438900,70.0,61100,500000,True,True,108
00082,"AMPICILLIN 500 mg INJECTION, POWDER, FOR SOLUTION PARENTERAL 500MG INJECTION",است,covered,نيست,False,خير,False,خير,False,10,نيست,False,خير,False,نيست,False,629300,70.0,70700,700000,True,True,108
01388,AMYL NITRITE 0.3 mL 0.3 mL INHALANT RESPIRATORY INHALATION,است,covered,است,True,خير,False,خير,False,5,نيست,False,بله,True,نيست,False,1983200,70.0,16800,2000000,True,True,108
01098,ANTI-D IMMUNOGLOBULIN 250 ug INJECTION INTRAMUSCULAR 250MCG INJECTION,است,covered,نيست,False,خير,False,خير,False,1,نيست,False,بله,True,است,True,1200000,70.0,0,1200000,True,True,108
01099,"ANTI-D IMMUNOGLOBULIN 300 ug INJECTION, POWDER, LYOPHILIZED, FOR SUSPENSION INTRAMUSCULAR INJECTION",است,covered,نيست,False,خير,False,خير,False,1,نيست,False,بله,True,است,True,5034000,70.0,11496000,16530000,True,True,108
00091,"FACTOR IX 1000 [iU] INJECTION, POWDER, LYOPHILIZED, FOR SOLUTION PARENTERAL INJECTION",است,covered,نيست,False,خير,False,بله,True,طبق پرونده,نيست,False,بله,True,نيست,False,100000,70.0,0,100000,True,True,108
00047,ALUMINIUM HYDROXIDE / MAGNESIUM HYDROXIDE 225 mg/200 mg/5 mL 240 mL SUSPENSION ORAL SUSPENTION,است,covered,نيست,False,خير,False,خير,False,3,نيست,False,خير,False,نيست,False,957100,70.0,192900,1150000,True,True,108
00048,"ALUMINIUM HYDROXIDE / MAGNESIUM HYDROXIDE 200 mg/200 mg TABLET, CHEWABLE ORAL TABLET",است,covered,نيست,False,خير,False,خير,False,200,نيست,False,خير,False,نيست,False,17470,70.0,2530,20000,True,True,108
00051,AMANTADINE HYDROCHLORIDE 100 mg CAPSULE ORAL 100MG CAPSULE,است,covered,نيست,False,خير,False,خير,False,200,نيست,False,خير,False,نيست,False,20345,70.0,29655,50000,True,True,108
00054,AMIKACIN (AS SULFATE) 250 mg/1mL 2 mL INJECTION PARENTERAL 250MG/ML INJECTION,است,covered,است,True,خير,False,خير,False,25,است,True,خير,False,است,True,580500,70.0,69500,650000,True,True,109
00053,AMIKACIN (AS SULFATE) 50 mg/1mL 2 mL INJECTION PARENTERAL 50MG/ML INJECTION,است,covered,است,True,خير,False,خير,False,25,است,True,خير,False,است,True,514400,70.0,35600,550000,True,True,109
00056,"AMINO ACID 10% PAEDIATRIC (1) 250 mL INJECTION, SOLUTION INTRAVENOUS 250ML INFUSION",است,covered,نيست,False,خير,False,خير,False,5,نيست,False,بله,True,است,True,5480800,70.0,6819200,12300000,True,True,109
00061,AMINOPHYLLINE 25 mg/1mL 10 mL INJECTION PARENTERAL 250MG/10ML INJECTION,است,covered,نيست,False,خير,False,خير,False,10,نيست,False,خير,False,نيست,False,739740,70.0,10260,750000,True,True,109
00064,AMIODARONE HYDROCHLORIDE 50 mg/1 mL 3 mL INJECTION PARENTERAL 150MG/3ML INJECTION,است,covered,است,True,خير,False,خير,False,10,نيست,False,بله,True,نيست,False,829562,70.0,20438,850000,True,True,109
00063,AMIODARONE HYDROCHLORIDE 200 mg TABLET ORAL 200MG TABLET,است,covered,نيست,False,خير,False,خير,False,200,نيست,False,خير,False,نيست,False,52814,70.0,82186,135000,True,True,109
00066,AMITRIPTYLINE HYDROCHLORIDE 100 mg TABLET ORAL 100MG TABLET,است,covered,نيست,False,خير,False,خير,False,200,نيست,False,خير,False,نيست,False,21132,70.0,2868,24000,True,True,109
00065,AMITRIPTYLINE HYDROCHLORIDE 10 mg TABLET ORAL TABLET,است,covered,نيست,False,خير,False,خير,False,200,نيست,False,خير,False,نيست,False,19566,70.0,434,20000,True,True,109
00068,AMITRIPTYLINE HYDROCHLORIDE 25 mg TABLET ORAL 25MG TABLET,است,covered,نيست,False,خير,False,خير,False,200,نيست,False,خير,False,نيست,False,24277,70.0,723,25000,True,True,109
00069,AMITRIPTYLINE HYDROCHLORIDE 50 mg TABLET ORAL 50MG TABLET,است,covered,نيست,False,خير,False,خير,False,300,نيست,False,خير,False,نيست,False,22573,70.0,7427,30000,True,True,109
00070,AMLODIPINE (AS BESILATE) 5 mg TABLET ORAL 5MG TABLET,است,covered,نيست,False,خير,False,خير,False,200,است,True,خير,False,است,True,10280,70.0,12720,23000,True,True,110
00038,ALLOPURINOL 100 mg TABLET ORAL 100MG TABLET,است,covered,نيست,False,خير,False,خير,False,200,نيست,False,خير,False,نيست,False,28959,70.0,5041,34000,True,True,110
02017,ALLOPURINOL 300 mg TABLET ORAL 300MG TABLET,است,covered,نيست,False,خير,False,خير,False,200,نيست,False,خير,False,نيست,False,24915,70.0,43086,68001,True,True,110
00040,ALPRAZOLAM 0.5 mg TABLET ORAL 0.5MG TABLET,است,covered,نيست,False,خير,False,خير,False,200,نيست,False,خير,False,نيست,False,26280,70.0,13720,40000,True,True,110
01382,ALPRAZOLAM 1 mg TABLET ORAL 1MG TABLET,است,covered,نيست,False,خير,False,خير,False,200,نيست,False,خير,False,نيست,False,28670,70.0,16330,45000,True,True,110
00045,"ALUMINIUM HYDROXIDE 300 mg TABLET, CHEWABLE ORAL TABLET",است,covered,نيست,False,خير,False,خير,False,200,نيست,False,خير,False,نيست,False,1100,70.0,0,1100,True,True,110
00046,ALUMINIUM HYDROXIDE 320 mg/5mL 240 mL SUSPENSION ORAL SUSPENTION,است,covered,نيست,False,خير,False,خير,False,3,نيست,False,بله,True,نيست,False,557800,70.0,222200,780000,True,True,110
00049,ALUMINIUM HYDROXIDE / MAGNESIUM HYDROXIDE / SIMETHICONE 225 mg/200 mg/25 mg/5mL 240 mL SUSPENSION ORAL SUSPENTION,است,covered,نيست,False,خير,False,خير,False,3,نيست,False,خير,False,نيست,False,1048700,70.0,901300,1950000,True,True,110
00050,"ALUMINIUM HYDROXIDE / MAGNESIUM HYDROXIDE / SIMETHICONE 200 mg/200 mg/25 mg TABLET, CHEWABLE ORAL TABLET",است,covered,نيست,False,خير,False,خير,False,200,نيست,False,خير,False,نيست,False,19430,70.0,1570,21000,True,True,110
00015,ACETYLCHOLINE CHLORIDE 1% 5 mL INJECTION OPHTHALMIC 2ML INJECTION,است,covered,است,True,خير,False,خير,False,3,نيست,False,بله,True,نيست,False,507000,70.0,1365000,1872000,True,True,110
01868,ACETYLCYSTEINE 200 mg TABLET ORAL 200MG TABLET,است,covered,نيست,False,خير,False,خير,False,200,نيست,False,خير,False,نيست,False,19448,70.0,2552,22000,True,True,111
00021,ACICLOVIR 200 mg TABLET ORAL 200MG TABLET,است,covered,نيست,False,خير,False,خير,False,200,است,True,خير,False,است,True,37482,70.0,7518,45000,True,True,111
00020,ACICLOVIR 3% 3 g OINTMENT OPHTHALMIC OINTMENT,است,covered,نيست,False,خير,False,خير,False,5,نيست,False,خير,False,نيست,False,628400,70.0,21600,650000,True,True,111
00023,ACICLOVIR 400 mg TABLET ORAL 400MG TABLET,است,covered,نيست,False,خير,False,خير,False,200,است,True,خير,False,است,True,58444,70.0,13556,72000,True,True,111
00024,ACICLOVIR 5% 10 g CREAM TOPICAL CREAM,صرفا مشمول يارانه دولت,government_subsidy_only,نيست,False,خير,False,خير,False,3,نيست,False,خير,False,نيست,False,644900,0.0,105100,750000,True,True,111
00022,"ACICLOVIR 250 mg INJECTION, POWDER, LYOPHILIZED, FOR SOLUTION PARENTERAL 250MG INJECTION",است,covered,است,True,خير,False,خير,False,10,است,True,بله,True,است,True,912779,70.0,37221,950000,True,True,111
02366,"ACICLOVIR 500 mg INJECTION, POWDER, FOR SOLUTION PARENTERAL 500MG INJECTION",است,covered,است,True,خير,False,خير,False,10,است,True,بله,True,است,True,548990,70.0,651010,1200000,True,True,111
00537,FLUCONAZOLE 100 mg CAPSULE ORAL 100MG CAPSULE,است,covered,نيست,False,خير,False,خير,False,200,است,True,خير,False,است,True,21322,70.0,18678,40000,True,True,111
02127,FLUCONAZOLE 100 mg TABLET ORAL 100MG TABLET,است,covered,نيست,False,خير,False,خير,False,200,است,True,خير,False,است,True,16722,70.0,6278,23000,True,True,111
00538,FLUCONAZOLE 150 mg CAPSULE ORAL 150MG CAPSULE,است,covered,نيست,False,خير,False,خير,False,200,است,True,خير,False,است,True,29330,70.0,20670,50000,True,True,111
02128,FLUCONAZOLE 150 mg TABLET ORAL 150MG TABLET,است,covered,نيست,False,خير,False,خير,False,200,است,True,خير,False,است,True,22930,70.0,9070,32000,True,True,112
02432,FLUCONAZOLE 200 mg CAPSULE ORAL 200MG CAPSULE,است,covered,نيست,False,خير,False,خير,False,50,است,True,خير,False,است,True,3900,70.0,0,3900,True,True,112
02433,FLUCONAZOLE 200 mg TABLET ORAL 200MG TABLET,است,covered,نيست,False,خير,False,خير,False,50,است,True,خير,False,است,True,10000,70.0,0,10000,True,True,112
00540,FLUCONAZOLE 50 mg CAPSULE ORAL 50MG CAPSULE,است,covered,نيست,False,خير,False,خير,False,200,است,True,خير,False,است,True,19995,70.0,3005,23000,True,True,112
02129,FLUCONAZOLE 50 mg TABLET ORAL 50MG TABLET,است,covered,نيست,False,خير,False,خير,False,200,است,True,خير,False,است,True,11495,70.0,3005,14500,True,True,112
00541,FLUCYTOSINE 500 mg TABLET ORAL 500MG TABLET,است,covered,نيست,False,خير,False,بله,True,طبق پرونده,نيست,False,بله,True,نيست,False,70000,70.0,0,70000,True,True,112
00542,"FLUDARABINE PHOSPHATE 50 mg INJECTION, POWDER, FOR SOLUTION INTRAVENOUS INJECTION",است,covered,نيست,False,خير,False,بله,True,طبق پرونده,است,True,بله,True,است,True,2080000,90.0,0,2080000,True,True,112
00543,FLUDROCORTISONE ACETATE 0.1 mg TABLET ORAL 0.1MG TABLET,است,covered,نيست,False,خير,False,خير,False,200,است,True,خير,False,است,True,20561,70.0,439,21000,True,True,112
00544,FLUMAZENIL 0.1 mg/1mL 5 mL INJECTION PARENTERAL 0.5MG/5ML INJECTION,است,covered,است,True,خير,False,خير,False,5,نيست,False,بله,True,است,True,8019790,90.0,930210,8950000,True,True,112
00546,FLUOCINOLONE ACETONIDE 0.025% 15 g CREAM TOPICAL CREAM,است,covered,نيست,False,خير,False,خير,False,5,نيست,False,خير,False,نيست,False,900000,70.0,0,900000,True,True,112
00545,FLUOCINOLONE ACETONIDE 0.025% 15 g OINTMENT TOPICAL OINTMENT,است,covered,نيست,False,خير,False,خير,False,3,نيست,False,خير,False,نيست,False,900000,70.0,0,900000,True,True,113
00547,FLUORESCEIN SODIUM 10% 5 mL INJECTION PARENTERAL INJECTION,است,covered,نيست,False,خير,False,خير,False,10,نيست,False,بله,True,نيست,False,15800000,70.0,0,15800000,True,True,113
00548,"FLUOROMETHOLONE 0.1% 5 mL SUSPENSION, DROPS OPHTHALMIC 5ML DROPS",است,covered,نيست,False,خير,False,خير,False,5,نيست,False,خير,False,نيست,False,801630,70.0,28370,830000,True,True,113
00549,FLUOROURACIL 5% 20 g CREAM TOPICAL CREAM,است,covered,نيست,False,خير,False,خير,False,3,است,True,بله,True,است,True,4161000,90.0,1579000,5740000,True,True,113
00550,FLUOROURACIL 50 mg/1mL 5 mL INJECTION PARENTERAL 50MG/ML INJECTION,است,covered,نيست,False,خير,False,بله,True,طبق پرونده,است,True,بله,True,است,True,1127300,90.0,1072700,2200000,True,True,113
02051,FLUOXETINE (AS HYDROCHLORIDE) 4 mg/1mL 60 mL SYRUP ORAL 20MG/ML SYRUP,است,covered,نيست,False,خير,False,خير,False,3,نيست,False,بله,True,نيست,False,563563,70.0,86437,650000,True,True,113
01512,FLUOXETINE (AS HYDROCHLORIDE) 10 mg CAPSULE ORAL 10MG CAPSULE,است,covered,نيست,False,خير,False,خير,False,300,نيست,False,خير,False,است,True,26109,70.0,3891,30000,True,True,113
00551,FLUOXETINE (AS HYDROCHLORIDE) 20 mg CAPSULE ORAL 20MG CAPSULE,است,covered,نيست,False,خير,False,خير,False,300,است,True,خير,False,است,True,35000,70.0,0,35000,True,True,113
00523,EXPECTORANT 100 mg/2 mg/30 mg/5mL 60 mL SYRUP ORAL SYRUP,است,covered,نيست,False,خير,False,خير,False,3,نيست,False,خير,False,نيست,False,581900,70.0,118100,700000,True,True,113
00524,EXPECTORANT CODEINE 100 mg/30 mg/10 mg/5 mL 60 mL SYRUP ORAL SYRUP,است,covered,نيست,False,خير,False,خير,False,3,نيست,False,خير,False,نيست,False,575700,70.0,174300,750000,True,True,113
00527,FAMOTIDINE 20 mg TABLET ORAL 20MG TABLET,است,covered,نيست,False,خير,False,خير,False,200,نيست,False,خير,False,نيست,False,24500,70.0,0,24500,True,True,114
00528,FAMOTIDINE 40 mg TABLET ORAL 40MG TABLET,است,covered,نيست,False,خير,False,خير,False,200,نيست,False,خير,False,نيست,False,20280,70.0,5720,26000,True,True,114
01359,FENTANYL (AS CITRATE) 50 ug/1mL 10 mL INJECTION PARENTERAL 0.5MG/10ML INJECTION,است,covered,است,True,خير,False,خير,False,10,نيست,False,بله,True,نيست,False,717400,70.0,82600,800000,True,True,114
00530,FERROUS SULFATE 125MG(25MG iron)/ML ORAL DROP 125MG DROPS,است,covered,نيست,False,خير,False,خير,False,5,نيست,False,خير,False,نيست,False,21000,70.0,0,21000,True,True,114
01506,FERROUS SULFATE 200MG/5ML 60ML SYRUP 200MG/5ML SYRUP,است,covered,نيست,False,خير,False,خير,False,3,نيست,False,خير,False,نيست,False,0,70.0,0,0,True,True,114
00531,FERROUS SULFATE EQ TO 50MG FE++ TAB 50MG TABLET,است,covered,نيست,False,خير,False,خير,False,200,نيست,False,خير,False,نيست,False,350,70.0,0,350,True,True,114
02049,FERROUS SULFATE-F TAB TABLET,است,covered,نيست,False,خير,False,خير,False,200,نيست,False,خير,False,نيست,False,365,70.0,0,365,True,True,114
00532,"FIBRINOGEN 1 g INJECTION, POWDER, FOR SOLUTION PARENTERAL INJECTION",است,covered,است,True,خير,False,بله,True,طبق پرونده,نيست,False,بله,True,است,True,36214000,100.0,95286000,131500000,True,True,114
00533,FIBRINOLYSIN / DESOXYRIBONUCLEASE 1 [iU]/666 [iU] OINTMENT TOPICAL OINTMENT,است,covered,نيست,False,خير,False,خير,False,3,نيست,False,بله,True,است,True,8223000,70.0,2777000,11000000,True,True,114
00505,ESTRAMUSTINE SODIUM PHOSPHATE 140 mg CAPSULE ORAL 140MG CAPSULE,است,covered,نيست,False,خير,False,بله,True,طبق پرونده,است,True,بله,True,است,True,65600,80.0,0,65600,True,True,114
00508,ETHAMBUTOL HYDROCHLORIDE 400 mg TABLET ORAL 400MG TABLET,است,covered,نيست,False,خير,False,خير,False,200,نيست,False,بله,True,نيست,False,18668,70.0,15532,34200,True,True,115
00511,ETHINYLESTRADIOL 0.05 mg TABLET ORAL 0.05MG TABLET,است,covered,نيست,False,خير,False,خير,False,200,نيست,False,خير,False,نيست,False,20338,70.0,162,20500,True,True,115
00512,ETHINYLESTRADIOL 0.5 mg TABLET ORAL 0.5MG TABLET,است,covered,نيست,False,خير,False,خير,False,200,نيست,False,خير,False,نيست,False,18656,70.0,11344,30000,True,True,115
01499,ETHIODIZED OIL 480 mg/1mL 10 mL INJECTION PARENTERAL 10ML INJECTION,است,covered,نيست,False,خير,False,خير,False,10,نيست,False,بله,True,است,True,35875000,70.0,50295000,86170000,True,True,115
00514,ETHOSUXIMIDE 250 mg CAPSULE ORAL 250MG CAPSULE,است,covered,نيست,False,خير,False,خير,False,200,نيست,False,بله,True,است,True,60700,70.0,91300,152000,True,True,115
03849,CEFIXIME 100/5ml FOR SUSP 50ml 100MG/5ML SUSPENTION,است,covered,نيست,False,خير,False,خير,False,3,نيست,False,خير,False,نيست,False,0,70.0,0,0,True,True,115
04486,EPOETIN 4000 [iU]/1mL 1 mL INJECTION PARENTERAL INJECTION,است,covered,نيست,False,خير,False,خير,False,12,نيست,False,بله,True,است,True,3833817,100.0,766183,4600000,True,True,115
04684,BECLOMETHASONE DIPROPIONATE 250 ug/1{dose} 200 {Puff} INHALANT RESPIRATORY SPRAY,است,covered,نيست,False,خير,False,خير,False,2,نيست,False,بله,True,نيست,False,717200,70.0,219300,936500,True,True,115
00319,CLOMIPHENE CITRATE 50 mg TABLET ORAL 50MG,است,covered,نيست,False,خير,False,خير,False,200,نيست,False,خير,False,نيست,False,11830,90.0,78170,90000,True,True,115
00595,GLIBENCLAMIDE 5 mg TABLET ORAL 5MG TABLET,است,covered,نيست,False,خير,False,خير,False,500,نيست,False,خير,False,نيست,False,21639,70.0,361,22000,True,True,115
03623,"BOTULINUM A TOXIN 500 [iU] INJECTION, POWDER, LYOPHILIZED, FOR SOLUTION PARENTERAL INJECTION",است,covered,نيست,False,خير,False,بله,True,طبق پرونده,نيست,False,بله,True,است,True,4652100,70.0,765200,5417300,True,True,116
04003,IRON (AS SUCROSE) 20 mg/1mL 5 mL INJECTION INTRAVENOUS INJECTION,است,covered,نيست,False,خير,False,خير,False,15,نيست,False,بله,True,است,True,649800,100.0,150200,800000,True,True,116
00001,ACETAMINOPHEN / CAFFEINE / ASA 162.5 mg/32.5 mg/325 mg TABLET ORAL TABLET,است,covered,نيست,False,خير,False,خير,False,30,نيست,False,خير,False,نيست,False,29250,70.0,1750,31000,True,True,116
04965,EPOETIN 10000 [iU]/1mL 1 mL INJECTION PARENTERAL INJECTION,است,covered,نيست,False,خير,False,بله,True,طبق پرونده,نيست,False,بله,True,است,True,689700,90.0,0,689700,True,True,116
04098,PACLITAXEL 6 mg/1mL 5 mL INJECTION PARENTERAL INJECTION,است,covered,نيست,False,خير,False,بله,True,طبق پرونده,است,True,بله,True,است,True,3569515,90.0,2430485,6000000,True,True,116
09563,"FACTOR VIII / VON WILLEBRAND FACTOR 500 [iU]/1200 [iU] INJECTION, POWDER, LYOPHILIZED, FOR SOLUTION PARENTERAL INJECTION",است,covered,نيست,False,خير,False,بله,True,طبق پرونده,نيست,False,بله,True,است,True,63126000,100.0,91084000,154210000,True,True,116
06888,"ALBUMIN (HUMAN) 20% 100 mL INJECTION, SOLUTION PARENTERAL 20% INFUSION",است,covered,است,True,خير,False,خير,False,1,نيست,False,بله,True,نيست,False,13630000,70.0,12650000,26280000,True,True,116
06523,"AMOXICILLIN 200 mg/5 mL 70 mL POWDER, FOR SUSPENSION ORAL SUSPENTION",است,covered,نيست,False,خير,False,خير,False,5,نيست,False,خير,False,نيست,False,658900,70.0,241100,900000,True,True,116
06524,"AMOXICILLIN 400 mg/5 mL 70 mL POWDER, FOR SUSPENSION ORAL SUSPENTION",است,covered,نيست,False,خير,False,خير,False,5,نيست,False,خير,False,نيست,False,835300,70.0,364700,1200000,True,True,116
09572,CALCIUM FOLINATE 10 mg/1mL 20 mL INJECTION PARENTERAL INJECTION,است,covered,نيست,False,خير,False,خير,False,5,است,True,بله,True,است,True,1230228,90.0,367772,1598000,True,True,116
07495,CEFIXIME 200 mg CAPSULE ORAL CAPSULE,است,covered,نيست,False,خير,False,خير,False,20,نيست,False,خير,False,نيست,False,5500,70.0,0,5500,True,True,117
05526,CO-TRIMOXAZOLE 800 mg/160 mg TABLET ORAL TABLET,است,covered,نيست,False,خير,False,خير,False,200,نيست,False,خير,False,نيست,False,27000,70.0,0,27000,True,True,117
06425,"DEXTROSE 5% 250 mL INJECTION, SOLUTION INTRAVENOUS INFUSION",است,covered,نيست,False,خير,False,خير,False,10,است,True,بله,True,است,True,424710,70.0,325290,750000,True,True,117
05596,DYDROGESTERONE 10 mg TABLET ORAL TABLET,است,covered,نيست,False,خير,False,خير,False,50,نيست,False,بله,True,نيست,False,97900,90.0,27100,125000,True,True,117
07830,FENTANYL (AS CITRATE) 50 ug/1mL 2 mL INJECTION PARENTERAL INJECTION,است,covered,است,True,خير,False,خير,False,10,نيست,False,بله,True,نيست,False,541641,70.0,8359,550000,True,True,117
05152,FILGRASTIM 600 ug/1mL 0.5 mL INJECTION PARENTERAL INJECTION,است,covered,نيست,False,خير,False,بله,True,طبق پرونده,است,True,بله,True,است,True,4908764,90.0,1091236,6000000,True,True,117
04840,IMATINIB (AS MESYLATE) 100 mg TABLET ORAL TABLET,است,covered,نيست,False,خير,False,بله,True,طبق پرونده,است,True,بله,True,است,True,207143,90.0,192857,400000,True,True,117
05975,"KETOTIFEN (AS FUMARATE) 0.025% 5 mL SOLUTION, DROPS OPHTHALMIC DROPS",است,covered,نيست,False,خير,False,خير,False,4,نيست,False,خير,False,نيست,False,463335,70.0,11665,475000,True,True,117
08988,"SODIUM CHLORIDE 0.9% 10 mL INJECTION, SOLUTION PARENTERAL INFUSION",است,covered,نيست,False,خير,False,خير,False,10,نيست,False,خير,False,نيست,False,296695,70.0,3305,300000,True,True,117
06417,"SODIUM CHLORIDE 0.9% 250 mL INJECTION, SOLUTION PARENTERAL INFUSION",است,covered,نيست,False,خير,False,خير,False,10,نيست,False,بله,True,نيست,False,343850,70.0,406150,750000,True,True,117
10216,SUFENTANIL (AS CITRATE) 5 ug/1mL 5 mL INJECTION PARENTERAL INJECTION,است,covered,است,True,خير,False,خير,False,10,نيست,False,بله,True,نيست,False,320000,70.0,0,320000,True,True,118
10214,SUFENTANIL (AS CITRATE) 5 ug/1mL 2 mL INJECTION PARENTERAL INJECTION,است,covered,است,True,خير,False,خير,False,10,نيست,False,بله,True,نيست,False,300000,70.0,0,300000,True,True,118
04339,THALIDOMIDE 100 mg TABLET ORAL 100MG TABLET,است,covered,نيست,False,خير,False,بله,True,طبق پرونده,نيست,False,بله,True,نيست,False,423000,90.0,670000,1093000,True,True,118
08601,VALPROATE SODIUM 300 mg/5mL 250 mL SYRUP ORAL SYRUP,است,covered,نيست,False,خير,False,خير,False,3,نيست,False,بله,True,است,True,430000,90.0,0,430000,True,True,118
08396,"VALPROATE SODIUM 400 mg INJECTION, POWDER, FOR SOLUTION PARENTERAL INJECTION",است,covered,نيست,False,خير,False,خير,False,10,نيست,False,بله,True,است,True,691105,70.0,58895,750000,True,True,118
05006,"VINORELBINE (AS TARTRATE) 10 mg/1mL 5 mL INJECTION, SOLUTION, CONCENTRATE PARENTERAL INJECTION",است,covered,نيست,False,خير,False,بله,True,طبق پرونده,نيست,False,بله,True,است,True,8624200,90.0,14375800,23000000,True,True,118
05005,"VINORELBINE (AS TARTRATE) 10 mg/1mL 1 mL INJECTION, SOLUTION, CONCENTRATE PARENTERAL INJECTION",است,covered,نيست,False,خير,False,بله,True,طبق پرونده,است,True,بله,True,است,True,2413600,90.0,3586400,6000000,True,True,118
05078,ZIDOVUDINE 300 mg CAPSULE ORAL CAPSULE,است,covered,نيست,False,خير,False,بله,True,طبق پرونده,نيست,False,بله,True,نيست,False,6900,70.0,0,6900,True,True,118
04538,GADOTERATE MEGLUMINE 377 mg/1mL 10 mL INJECTION PARENTERAL INJECTION,است,covered,نيست,False,خير,False,خير,False,2,نيست,False,بله,True,است,True,808000,70.0,0,808000,True,True,118
04025,GADOTERATE MEGLUMINE 377 mg/1mL 15 mL INJECTION PARENTERAL INJECTION,است,covered,نيست,False,خير,False,خير,False,2,نيست,False,بله,True,است,True,5673000,70.0,10327000,16000000,True,True,118
05629,"MEROPENEM 1 g INJECTION, POWDER, FOR SOLUTION PARENTERAL INJECTION",است,covered,است,True,خير,False,خير,False,20,است,True,بله,True,است,True,1530200,70.0,569800,2100000,True,True,119
07991,"METHYLPHENIDATE HYDROCHLORIDE 20 mg TABLET, EXTENDED RELEASE ORAL TABLET",است,covered,نيست,False,خير,False,خير,False,200,نيست,False,بله,True,است,True,26656,70.0,7344,34000,True,True,119
03894,"PIPERACILLIN (AS SODIUM) / TAZOBACTAM (AS SODIUM) 4 g/0.5 g INJECTION, POWDER, FOR SOLUTION PARENTERAL INJECTION",است,covered,است,True,خير,False,خير,False,20,است,True,بله,True,است,True,817300,70.0,222700,1040000,True,True,119
05702,"PIPERACILLIN (AS SODIUM) / TAZOBACTAM (AS SODIUM) 3 g/0.375 g INJECTION, POWDER, FOR SOLUTION PARENTERAL INJECTION",است,covered,است,True,خير,False,خير,False,20,است,True,بله,True,است,True,505600,70.0,124400,630000,True,True,119
07601,SODIUM BICARBONATE 8.4% 50 mL INJECTION PARENTERAL INJECTION,است,covered,نيست,False,خير,False,خير,False,10,نيست,False,بله,True,نيست,False,957984,70.0,42016,1000000,True,True,119
06423,"RINGERS 250 mL INJECTION, SOLUTION INTRAVENOUS INFUSION",است,covered,نيست,False,خير,False,خير,False,10,نيست,False,بله,True,نيست,False,450710,70.0,449290,900000,True,True,119
04927,"SALMETEROL (AS XINAFOATE) / FLUTICASONE PROPIONATE 25 ug/250 ug/1{dose} 120 {dose} AEROSOL, METERED RESPIRATORY SPRAY",است,covered,نيست,False,خير,False,خير,False,2,نيست,False,بله,True,است,True,8640000,70.0,7000000,15640000,True,True,119
04793,"SALMETEROL (AS XINAFOATE) / FLUTICASONE PROPIONATE 25 ug/50 ug/1{dose} 120 {dose} AEROSOL, METERED RESPIRATORY SPRAY",است,covered,نيست,False,خير,False,خير,False,2,نيست,False,بله,True,است,True,7867100,70.0,5332900,13200000,True,True,119
06275,LOPERAMIDE HYDROCHLORIDE 1 mg/5mL 60 mL SOLUTION ORAL SYRUP,است,covered,نيست,False,خير,False,خير,False,2,نيست,False,خير,False,نيست,False,469600,70.0,130400,600000,True,True,119
09916,"MESALAZINE 800 mg TABLET, DELAYED RELEASE ORAL TABLET",است,covered,نيست,False,خير,False,خير,False,400,نيست,False,بله,True,است,True,299000,90.0,631000,930000,True,True,119
07564,"POTASSIUM CHLORIDE 600 mg TABLET, EXTENDED RELEASE ORAL TABLET",است,covered,نيست,False,خير,False,خير,False,200,نيست,False,خير,False,نيست,False,4500,70.0,10000,14500,True,True,120
10188,RANITIDINE 75 mg/5mL 240 mL SOLUTION ORAL SYRUP,است,covered,نيست,False,خير,False,خير,False,2,نيست,False,بله,True,نيست,False,130000,70.0,0,130000,True,True,120
09897,SALBUTAMOL (AS SULFATE) 2.5 mg/2.5mL SOLUTION RESPIRATORY INHALATION,است,covered,نيست,False,خير,False,خير,False,60,است,True,بله,True,است,True,535000,70.0,45000,580000,True,True,120
05188,TERBINAFINE HCL 1% 30ML SOL SOLUTION,است,covered,نيست,False,خير,False,خير,False,2,نيست,False,بله,True,نيست,False,0,70.0,0,0,True,True,120
08501,PORACTANT ALFA 80 mg/1mL 3 mL INJECTION ENDOTRACHEAL INJECTION,است,covered,است,True,خير,False,خير,False,1,نيست,False,بله,True,نيست,False,143844000,90.0,70036000,213880000,True,True,120
11504,"ALBUMIN (HUMAN) 5% 250 mL INJECTION, SOLUTION PARENTERAL INJECTION",است,covered,است,True,خير,False,خير,False,1,نيست,False,بله,True,است,True,2323000,70.0,12242000,14565000,True,True,120
09391,"CYCLOPHOSPHAMIDE 1 g INJECTION, POWDER, FOR SOLUTION PARENTERAL INJECTION",است,covered,نيست,False,خير,False,بله,True,طبق پرونده,است,True,بله,True,است,True,7206000,70.0,1004000,8210000,True,True,120
05843,IMMUNE GLOBULIN 50 mg/1mL 50 mL INJECTION INTRAVENOUS INJECTION,است,covered,نيست,False,خير,False,بله,True,طبق پرونده,است,True,بله,True,است,True,47936000,90.0,22064000,70000000,True,True,120
05842,IMMUNE GLOBULIN 50 mg/1mL 100 mL INJECTION INTRAVENOUS INJECTION,است,covered,نيست,False,خير,False,بله,True,طبق پرونده,است,True,بله,True,است,True,42640000,90.0,45000000,87640000,True,True,120
13238,"COAGULATION FACTOR VIII (HUMAN PLASMA DERIVED) 250 [iU] INJECTION, POWDER, LYOPHILIZED, FOR SOLUTION PARENTERAL INJECTION",است,covered,نيست,False,خير,False,بله,True,طبق پرونده,نيست,False,بله,True,است,True,3370000,100.0,11469000,14839000,True,True,120
12544,"COAGULATION FACTOR VIII (HUMAN PLASMA DERIVED) 500 [iU] INJECTION, POWDER, LYOPHILIZED, FOR SOLUTION PARENTERAL INJECTION",است,covered,نيست,False,خير,False,بله,True,طبق پرونده,نيست,False,بله,True,است,True,14397000,100.0,23913000,38310000,True,True,121
11868,"CISPLATIN 1 mg/1mL 50 mL INJECTION, SOLUTION, CONCENTRATE INTRAVENOUS INJECTION",است,covered,نيست,False,خير,False,بله,True,طبق پرونده,است,True,بله,True,است,True,6053580,90.0,4946420,11000000,True,True,121
11867,"CISPLATIN 1 mg/1mL 10 mL INJECTION, SOLUTION, CONCENTRATE INTRAVENOUS INJECTION",است,covered,نيست,False,خير,False,بله,True,طبق پرونده,است,True,بله,True,است,True,3000000,90.0,1200000,4200000,True,True,121
13930,HEPATITIS B IMMUNE GLOBULIN 200 [iU]/1mL 5 mL INJECTION PARENTERAL INJECTION,است,covered,نيست,False,خير,False,خير,False,1,نيست,False,بله,True,است,True,9300000,95.0,0,9300000,True,True,121
07669,VALPROATE SODIUM 200 mg/5mL 120 mL SYRUP ORAL SYRUP,است,covered,نيست,False,خير,False,خير,False,3,نيست,False,بله,True,است,True,803332,70.0,166668,970000,True,True,121
12423,"FACTOR VIII / VON WILLEBRAND FACTOR 250 [iU]/600 [iU] INJECTION, POWDER, LYOPHILIZED, FOR SOLUTION PARENTERAL INJECTION",است,covered,نيست,False,خير,False,بله,True,طبق پرونده,نيست,False,بله,True,نيست,False,200000,70.0,0,200000,True,True,121
09576,"PROTHROMBIN COMPLEX (CONCENTRATED) 500 [iU] INJECTION, POWDER, LYOPHILIZED, FOR SOLUTION PARENTERAL INJECTION",است,covered,نيست,False,خير,False,بله,True,طبق پرونده,نيست,False,بله,True,است,True,488000,100.0,28512000,29000000,True,True,121
04757,IODIXANOL 270 mg/1mL 50 mL INJECTION PARENTERAL INJECTION,است,covered,نيست,False,خير,False,خير,False,3,نيست,False,بله,True,است,True,7763900,70.0,2156100,9920000,True,True,121
04150,"SULFASALAZINE 500 mg TABLET, DELAYED RELEASE ORAL TABLET",است,covered,نيست,False,خير,False,خير,False,400,نيست,False,خير,False,نيست,False,25576,70.0,84424,110000,True,True,121
11367,VALPROATE SODIUM 100 mg/1mL 3 mL INJECTION PARENTERAL INJECTION,است,covered,نيست,False,خير,False,خير,False,10,نيست,False,بله,True,است,True,407425,70.0,22575,430000,True,True,121
08777,"PROSTAGLANDIN E1 (ALPROSTADIL) 20 ug INJECTION, POWDER, FOR SOLUTION PARENTERAL INJECTION",است,covered,نيست,False,خير,False,خير,False,10,نيست,False,بله,True,است,True,3300000,70.0,20000000,23300000,True,True,122
12036,URSODEOXYCHOLIC ACID 300 mg TABLET ORAL TABLET,است,covered,نيست,False,خير,False,خير,False,200,است,True,بله,True,است,True,75000,70.0,75000,150000,True,True,122
15846,"STREPTOKINASE 1500000 [iU] INJECTION, POWDER, FOR SOLUTION PARENTERAL INJECTION",است,covered,است,True,خير,False,خير,False,2,نيست,False,بله,True,نيست,False,940000,70.0,0,940000,True,True,122
09399,IODIXANOL 320MG I/ML 20ML VIAL INJECTION,است,covered,نيست,False,خير,False,خير,False,7,نيست,False,بله,True,است,True,1922366,70.0,589234,2511600,True,True,122
09939,IOPAMIDOL 300 mg/1mL 50 mL INJECTION PARENTERAL INJECTION,است,covered,نيست,False,خير,False,خير,False,3,نيست,False,بله,True,است,True,2710700,70.0,6289300,9000000,True,True,122
10915,METFORMIN HYDROCHLORIDE 1000 mg TABLET ORAL TABLET,است,covered,نيست,False,خير,False,خير,False,400,نيست,False,خير,False,نيست,False,27040,70.0,38960,66000,True,True,122
11614,"VALPROATE SEMISODIUM 250 mg TABLET, DELAYED RELEASE ORAL TABLET",است,covered,نيست,False,خير,False,خير,False,500,نيست,False,خير,False,نيست,False,29312,70.0,30688,60000,True,True,122
06853,ADEFOVIR DIPIVOXIL 10 mg TABLET ORAL TABLET,است,covered,نيست,False,خير,False,خير,False,100,نيست,False,بله,True,نيست,False,14500,70.0,0,14500,True,True,122
05964,"DORZOLAMIDE (AS HYDROCHLORIDE) / TIMOLOL (AS MALEATE) 2 %/0.5 % 5 mL SOLUTION, DROPS OPHTHALMIC DROPS",است,covered,نيست,False,خير,False,خير,False,5,نيست,False,خير,False,نيست,False,1146711,70.0,203289,1350000,True,True,122
12401,ACICLOVIR 800 mg TABLET ORAL TABLET,است,covered,نيست,False,خير,False,خير,False,200,است,True,خير,False,است,True,22966,70.0,26834,49800,True,True,122
10484,EPINEPHRINE 0.01% 10ML AMP INJECTION,است,covered,نيست,False,خير,False,خير,False,10,نيست,False,بله,True,نيست,False,739700,70.0,10300,750000,True,True,123
12056,ISOTRETINOIN 10 mg CAPSULE ORAL CAPSULE,است,covered,نيست,False,خير,False,بله,True,طبق پرونده,نيست,False,بله,True,نيست,False,4900,70.0,0,4900,True,True,123
06244,"PEGINTERFERON ALFA-2B 100 ug INJECTION, POWDER, LYOPHILIZED, FOR SOLUTION PARENTERAL INJECTION",است,covered,نيست,False,خير,False,بله,True,طبق پرونده,است,True,بله,True,است,True,833333,90.0,0,833333,True,True,123
06242,"PEGINTERFERON ALFA-2B 50 ug INJECTION, POWDER, LYOPHILIZED, FOR SOLUTION PARENTERAL INJECTION",است,covered,نيست,False,خير,False,بله,True,طبق پرونده,نيست,False,بله,True,نيست,False,416667,90.0,0,416667,True,True,123
06246,"PEGINTERFERON ALFA-2B 150 ug INJECTION, POWDER, LYOPHILIZED, FOR SOLUTION PARENTERAL INJECTION",است,covered,نيست,False,خير,False,بله,True,طبق پرونده,است,True,بله,True,است,True,1250000,90.0,0,1250000,True,True,123
06245,"PEGINTERFERON ALFA-2B 120 ug INJECTION, POWDER, LYOPHILIZED, FOR SOLUTION PARENTERAL INJECTION",است,covered,نيست,False,خير,False,بله,True,طبق پرونده,است,True,بله,True,است,True,1000000,90.0,0,1000000,True,True,123
61160,INSULIN SYRING 100IU,است,covered,نيست,False,خير,False,خير,False,60,نيست,False,خير,False,نيست,False,37000,90.0,0,37000,True,True,123
06478,TRIAMCINOLONE ACETONIDE 0.1% 10 g PASTE ORAL,است,covered,نيست,False,خير,False,خير,False,3,نيست,False,بله,True,نيست,False,521413,70.0,178587,700000,True,True,123
14664,"FACTOR XIII 250 [iU] INJECTION, POWDER, LYOPHILIZED, FOR SOLUTION PARENTERAL INJECTION",است,covered,نيست,False,خير,False,بله,True,طبق پرونده,نيست,False,بله,True,است,True,10728630,100.0,48191370,58920000,True,True,123
14456,"FACTOR VIIA 1 mg INJECTION, POWDER, LYOPHILIZED, FOR SOLUTION PARENTERAL INJECTION",است,covered,نيست,False,خير,False,بله,True,طبق پرونده,نيست,False,بله,True,است,True,70860684,100.0,16639316,87500000,True,True,123
14457,"FACTOR VIIA 2 mg INJECTION, POWDER, LYOPHILIZED, FOR SOLUTION PARENTERAL INJECTION",است,covered,نيست,False,خير,False,بله,True,طبق پرونده,نيست,False,بله,True,است,True,29700000,100.0,0,29700000,True,True,124
16889,"BERACTANT 25 mg/1mL 4 mL INJECTION, SUSPENSION ENDOTRACHEAL INJECTION",است,covered,است,True,خير,False,بله,True,طبق پرونده,نيست,False,بله,True,نيست,False,35554000,90.0,14446000,50000000,True,True,124
11866,SUCCINYLCHOLINE CHLORIDE 50 mg/1mL 10 mL INJECTION PARENTERAL INJECTION,است,covered,است,True,خير,False,خير,False,10,نيست,False,بله,True,نيست,False,618919,70.0,481081,1100000,True,True,124
03823,MAGNESIUM SULFATE 50% 10 mL INJECTION PARENTERAL INJECTION,است,covered,نيست,False,خير,False,خير,False,10,نيست,False,بله,True,نيست,False,764307,70.0,75693,840000,True,True,124
08269,MAGNESIUM SULFATE 20% 10 mL INJECTION PARENTERAL INJECTION,است,covered,نيست,False,خير,False,خير,False,10,نيست,False,بله,True,نيست,False,718423,70.0,31577,750000,True,True,124
06323,"PRALIDOXIME (AS METHYLSULFATE) 200 mg INJECTION, POWDER, FOR SOLUTION PARENTERAL INJECTION",است,covered,است,True,خير,False,خير,False,10,نيست,False,بله,True,نيست,False,348000,70.0,0,348000,True,True,124
11020,BUSPIRONE HYDROCHLORIDE 10 mg TABLET ORAL TABLET,است,covered,نيست,False,خير,False,خير,False,200,نيست,False,خير,False,نيست,False,24340,70.0,3660,28000,True,True,124
13536,"IMIGLUCERASE 400 [iU] INJECTION, POWDER, FOR SOLUTION PARENTERAL INJECTION",است,covered,نيست,False,بله,True,بله,True,طبق پرونده,نيست,False,بله,True,است,True,160737000,100.0,59073000,219810000,True,True,124
09941,IOPAMIDOL 300 mg/1mL 100 mL INJECTION PARENTERAL INJECTION,است,covered,نيست,False,خير,False,خير,False,2,نيست,False,بله,True,است,True,10852790,70.0,34147210,45000000,True,True,124
09942,IOPAMIDOL 370 mg/1mL 100 mL INJECTION PARENTERAL INJECTION,است,covered,نيست,False,خير,False,خير,False,2,نيست,False,بله,True,است,True,6592500,70.0,3324300,9916800,True,True,124
13416,IOPAMIDOL 300 mg/1mL 20 mL INJECTION PARENTERAL INJECTION,است,covered,نيست,False,خير,False,خير,False,7,نيست,False,بله,True,است,True,1865862,70.0,259138,2125000,True,True,125
11889,CALCIUM FOLINATE 10 mg/1mL 5 mL INJECTION PARENTERAL INJECTION,است,covered,نيست,False,خير,False,خير,False,5,نيست,False,بله,True,است,True,326500,90.0,0,326500,True,True,125
17753,"DOCETAXEL 10 mg/1mL 16 mL INJECTION, SOLUTION INTRAVENOUS INJECTION",است,covered,نيست,False,خير,False,بله,True,طبق پرونده,نيست,False,بله,True,است,True,9905700,90.0,0,9905700,True,True,125
05992,FENOFIBRATE 200 mg CAPSULE ORAL CAPSULE,است,covered,نيست,False,خير,False,خير,False,200,است,True,خير,False,است,True,39200,70.0,40800,80000,True,True,125
00685,BETAFERON® 8MIU VIAL INJECTION,است,covered,نيست,False,خير,False,بله,True,طبق پرونده,نيست,False,بله,True,است,True,1200000,59.42,0,1200000,True,True,125
10932,FENOFIBRATE 100 mg CAPSULE ORAL CAPSULE,است,covered,نيست,False,خير,False,خير,False,200,نيست,False,خير,False,است,True,25207,70.0,34793,60000,True,True,125
16503,BUDESONIDE/FORMOTEROL 320/9MCG-400/12MCG 60DOSE INHALER INHALATION,است,covered,نيست,False,خير,False,خير,False,2,نيست,False,بله,True,نيست,False,3500000,70.0,10000000,13500000,True,True,125
16506,"BUDESONIDE / FORMOTEROL FUMARATE 160 ug/4.5 ug/1{dose} 60 {dose} POWDER, METERED RESPIRATORY INHALATION",است,covered,نيست,False,خير,False,خير,False,2,نيست,False,بله,True,نيست,False,7177300,70.0,5822700,13000000,True,True,125
09646,RANITIDINE 300 mg TABLET ORAL TABLET,است,covered,نيست,False,خير,False,خير,False,100,نيست,False,خير,False,نيست,False,1450,70.0,0,1450,True,True,125
11753,CLINDAMYCIN (AS PHOSPHATE) 150 mg/1mL 4 mL INJECTION PARENTERAL INJECTION,است,covered,است,True,خير,False,خير,False,10,نيست,False,خير,False,است,True,584700,70.0,65300,650000,True,True,125
06050,PRAMIPEXOLE (AS DIHYDROCHLORIDE) 0.7 mg TABLET ORAL TABLET,است,covered,نيست,False,خير,False,خير,False,200,نيست,False,خير,False,نيست,False,20000,70.0,10000,30000,True,True,126
06049,PRAMIPEXOLE (AS DIHYDROCHLORIDE) 0.18 mg TABLET ORAL TABLET,است,covered,نيست,False,خير,False,خير,False,200,نيست,False,خير,False,نيست,False,23617,70.0,1383,25000,True,True,126
07469,"EPTIFIBATIDE 0.75 mg/1mL 100 mL INJECTION, SOLUTION PARENTERAL INJECTION",است,covered,است,True,خير,False,خير,False,2,نيست,False,بله,True,نيست,False,10007900,90.0,11662100,21670000,True,True,126
07470,"EPTIFIBATIDE 2 mg/1mL 10 mL INJECTION, SOLUTION PARENTERAL INJECTION",است,covered,است,True,خير,False,خير,False,2,نيست,False,بله,True,نيست,False,4182200,90.0,2647800,6830000,True,True,126
05519,ARIPIPRAZOLE 10 mg TABLET ORAL TABLET,است,covered,نيست,False,خير,False,خير,False,200,نيست,False,خير,False,نيست,False,17314,70.0,22686,40000,True,True,126
05521,ARIPIPRAZOLE 15 mg TABLET ORAL TABLET,است,covered,نيست,False,خير,False,خير,False,200,نيست,False,خير,False,نيست,False,18139,70.0,26861,45000,True,True,126
10392,ARIPIPRAZOLE 5 mg TABLET ORAL TABLET,است,covered,نيست,False,خير,False,خير,False,200,نيست,False,خير,False,نيست,False,14649,70.0,20351,35000,True,True,126
08256,LOSARTAN POTASSIUM / HYDROCHLOROTHIAZIDE 50 mg/12.5 mg TABLET ORAL TABLET,است,covered,نيست,False,خير,False,خير,False,200,است,True,خير,False,است,True,21578,70.0,8422,30000,True,True,126
06938,"AMPICILLIN / SULBACTAM 2 g/1 g INJECTION, POWDER, FOR SOLUTION PARENTERAL INJECTION",است,covered,است,True,خير,False,خير,False,20,نيست,False,بله,True,نيست,False,784800,70.0,465200,1250000,True,True,126
06939,"AMPICILLIN / SULBACTAM 1 g/0.5 g INJECTION, POWDER, FOR SOLUTION PARENTERAL INJECTION",است,covered,است,True,خير,False,خير,False,10,نيست,False,بله,True,نيست,False,701800,70.0,98200,800000,True,True,126
16873,"PROPOFOL 20 mg/1mL 50 mL INJECTION, EMULSION PARENTERAL INJECTION",است,covered,است,True,خير,False,خير,False,1,نيست,False,بله,True,نيست,False,4590000,70.0,18470000,23060000,True,True,127
14530,FLUOROURACIL 50 mg/1mL 20 mL INJECTION PARENTERAL 50MG/ML INJECTION,است,covered,نيست,False,خير,False,بله,True,طبق پرونده,است,True,بله,True,است,True,4275460,90.0,3224540,7500000,True,True,127
07977,FIJAN® 60ML SYRUP SYRUP,است,covered,نيست,False,خير,False,خير,False,3,نيست,False,خير,False,نيست,False,0,70.0,0,0,True,True,127
09205,HESA-A® TAB TABLET,است,covered,نيست,False,خير,False,بله,True,طبق پرونده,نيست,False,خير,False,نيست,False,0,70.0,0,0,True,True,127
09904,PSYLLIUM BANANA SACHET SACHET,است,covered,نيست,False,خير,False,خير,False,14,نيست,False,خير,False,نيست,False,0,70.0,0,0,True,True,127
09903,PSYLLIUM ORANGE SACHET SACHET,است,covered,نيست,False,خير,False,خير,False,14,نيست,False,خير,False,نيست,False,6857,70.0,0,6857,True,True,127
04958,RUZ-PSYLLIUM HASK® SACHET SACHET,است,covered,نيست,False,خير,False,خير,False,20,نيست,False,خير,False,نيست,False,0,70.0,0,0,True,True,127
14013,SPINAL-Z® CAP CAPSULE,است,covered,نيست,False,خير,False,بله,True,طبق پرونده,نيست,False,خير,False,نيست,False,0,70.0,0,0,True,True,127
19549,MOLAYEN HEMOROID® CAP CAPSULE,است,covered,نيست,False,خير,False,خير,False,60,نيست,False,خير,False,نيست,False,0,70.0,0,0,True,True,127
06072,PHENYTOIN 30 mg/5mL 120 mL SUSPENSION ORAL SOLUTION,است,covered,نيست,False,خير,False,خير,False,3,نيست,False,خير,False,نيست,False,807475,70.0,142525,950000,True,True,127
17568,VALPROATE SODIUM 100 mg/1mL 5 mL INJECTION PARENTERAL INJECTION,است,covered,نيست,False,خير,False,خير,False,5,نيست,False,بله,True,است,True,429122,90.0,40878,470000,True,True,128
14115,"AMINO ACID 10% (2) 250 mL INJECTION, SOLUTION INTRAVENOUS INFUSION",است,covered,نيست,False,خير,False,خير,False,5,نيست,False,بله,True,است,True,426000,70.0,0,426000,True,True,128
03539,MUSYLIUM STRAWBERRY® SACHET SACHET,است,covered,نيست,False,خير,False,خير,False,14,نيست,False,خير,False,نيست,False,6857,70.0,0,6857,True,True,128
10346,MYCOCIN® CREAM VAGINAL CREAM,است,covered,نيست,False,خير,False,خير,False,2,نيست,False,خير,False,نيست,False,0,70.0,0,0,True,True,128
14396,FIGPLUS® SYRUP SYRUP,است,covered,نيست,False,خير,False,خير,False,3,نيست,False,خير,False,نيست,False,0,70.0,0,0,True,True,128
13798,PSYLLIUM SACHET SACHET,است,covered,نيست,False,خير,False,خير,False,20,نيست,False,خير,False,نيست,False,0,70.0,0,0,True,True,128
14528,FLUOROURACIL 50 mg/1mL 10 mL INJECTION PARENTERAL INJECTION,است,covered,نيست,False,خير,False,بله,True,طبق پرونده,نيست,False,بله,True,است,True,2254600,90.0,1745400,4000000,True,True,128
09532,"MEBEVERINE HYDROCHLORIDE 200 mg CAPSULE, EXTENDED RELEASE ORAL CAPSULE",است,covered,نيست,False,خير,False,خير,False,200,نيست,False,خير,False,نيست,False,38705,70.0,51295,90000,True,True,128
09431,METHOTREXATE SODIUM 2.5 mg/1mL 2 mL INJECTION PARENTERAL INJECTION,است,covered,نيست,False,خير,False,خير,False,10,است,True,بله,True,است,True,757000,90.0,0,757000,True,True,128
10683,"GLATIRAMER ACETATE 20 mg/1mL INJECTION, SOLUTION PARENTERAL INJECTION",است,covered,نيست,False,خير,False,بله,True,طبق پرونده,است,True,بله,True,است,True,1100899,90.0,549101,1650000,True,True,128
01267,"TROPICAMIDE 0.5% 10 mL SOLUTION, DROPS OPHTHALMIC 10ML DROPS",است,covered,نيست,False,خير,False,خير,False,5,نيست,False,خير,False,نيست,False,341368,70.0,96132,437500,True,True,129
02333,"PANTOPRAZOLE (AS SODIUM SESQUIHYDRATE) 40 mg TABLET, DELAYED RELEASE ORAL 40MG TABLET",است,covered,نيست,False,خير,False,خير,False,100,نيست,False,خير,False,نيست,False,42000,0.0,0,42000,True,True,129
00940,OXYTOCIN 5 U/1mL INJECTION PARENTERAL 5U/ML INJECTION,است,covered,نيست,False,خير,False,خير,False,10,نيست,False,خير,False,نيست,False,300000,70.0,0,300000,True,True,129
00931,"OMEPRAZOLE 20 mg CAPSULE, DELAYED RELEASE PELLETS ORAL 20MG CAPSULE",است,covered,نيست,False,خير,False,خير,False,60,نيست,False,خير,False,نيست,False,20150,70.0,16500,36650,True,True,129
01104,"RINGERS 1000 mL INJECTION, SOLUTION INTRAVENOUS 1000ML INFUSION",است,covered,نيست,False,خير,False,خير,False,10,نيست,False,بله,True,نيست,False,1496100,70.0,203900,1700000,True,True,129
00906,NITRAZEPAM 5 mg TABLET ORAL 5MG TABLET,صرفا مشمول يارانه دولت,government_subsidy_only,نيست,False,خير,False,خير,False,100,نيست,False,خير,False,نيست,False,13779,0.0,721,14500,True,True,129
01222,THIORIDAZINE HYDROCHLORIDE 25 mg TABLET ORAL 25MG TABLET,است,covered,نيست,False,خير,False,خير,False,200,نيست,False,خير,False,نيست,False,19880,70.0,5120,25000,True,True,129
02149,"LIPID INFUSION 20% (2) 250 mL INJECTION, SOLUTION INTRAVENOUS INFUSION",است,covered,نيست,False,خير,False,خير,False,5,نيست,False,بله,True,است,True,3352000,90.0,2287000,5639000,True,True,129
00666,IMIPRAMINE HYDROCHLORIDE 50 mg TABLET ORAL 50MG TABLET,است,covered,نيست,False,خير,False,خير,False,200,نيست,False,خير,False,نيست,False,26198,70.0,1802,28000,True,True,129
02006,HYDROQUINONE 4% 30 g CREAM TOPICAL CREAM,است,covered,نيست,False,خير,False,خير,False,5,نيست,False,خير,False,نيست,False,1100000,70.0,0,1100000,True,True,129
00641,HYDROCORTISONE 100 mg/60mL ENEMA RECTAL 100MG/60ML ENEMA,است,covered,نيست,False,خير,False,خير,False,10,نيست,False,بله,True,است,True,4109300,80.0,1890700,6000000,True,True,130
00813,"MESALAZINE 500 mg TABLET, DELAYED RELEASE ORAL 500MG TABLET",است,covered,نيست,False,خير,False,خير,False,400,است,True,بله,True,است,True,68800,90.0,41200,110000,True,True,130
03375,NEVIRAPINE 200 mg TABLET ORAL 200MG TABLET,صرفا مشمول يارانه دولت,government_subsidy_only,نيست,False,خير,False,خير,False,100,نيست,False,بله,True,نيست,False,19400,0.0,21966,41366,True,True,130
00483,ENALAPRIL MALEATE 5 mg TABLET ORAL 5MG TABLET,است,covered,نيست,False,خير,False,خير,False,200,نيست,False,خير,False,نيست,False,19549,70.0,451,20000,True,True,130
11397,PETHIDINE HYDROCHLORIDE 25 mg/1mL 1 mL INJECTION PARENTERAL INJECTION,است,covered,نيست,False,خير,False,خير,False,30,نيست,False,بله,True,نيست,False,627600,70.0,22400,650000,True,True,130
07083,AMILORIDE 5 mg TABLET ORAL TABLET,است,covered,نيست,False,خير,False,خير,False,100,نيست,False,خير,False,نيست,False,2700,70.0,0,2700,True,True,130
05561,VALSARTAN 160 mg CAPSULE ORAL CAPSULE,است,covered,نيست,False,خير,False,خير,False,200,نيست,False,خير,False,است,True,5000,70.0,0,5000,True,True,130
06700,BUSULFAN 6 mg/1mL 10 mL INJECTION PARENTERAL INJECTION,است,covered,است,True,خير,False,بله,True,طبق پرونده,است,True,بله,True,است,True,18220800,100.0,29779200,48000000,True,True,130
05624,PIOGLITAZONE 15 mg TABLET ORAL TABLET,است,covered,نيست,False,خير,False,خير,False,200,نيست,False,خير,False,نيست,False,27046,70.0,954,28000,True,True,130
16792,GADOBUTROL 604.72 mg/1mL 7.5 mL INJECTION PARENTERAL INJECTION,است,covered,نيست,False,خير,False,خير,False,2,نيست,False,بله,True,است,True,2657800,90.0,9342200,12000000,True,True,130
06659,"DEFERASIROX 250 mg TABLET, FOR SUSPENSION ORAL TABLET",است,covered,نيست,False,خير,False,بله,True,طبق پرونده,نيست,False,بله,True,است,True,50660,100.0,129340,180000,True,True,131
10019,PRAMIPEXOLE (AS DIHYDROCHLORIDE) 0.35 mg TABLET ORAL TABLET,است,covered,نيست,False,خير,False,خير,False,200,نيست,False,خير,False,نيست,False,22234,70.0,1766,24000,True,True,131
15691,CETUXIMAB 5 mg/1mL 20 mL INJECTION PARENTERAL INJECTION,است,covered,نيست,False,خير,False,بله,True,طبق پرونده,است,True,بله,True,است,True,19000000,90.0,36000000,55000000,True,True,131
14735,"TRIPTORELIN (AS PAMOATE) 11.25 mg INJECTION, POWDER, LYOPHILIZED, FOR SUSPENSION, EXTENDED RELEASE PARENTERAL INJECTION",است,covered,نيست,False,خير,False,خير,False,1,است,True,بله,True,است,True,26000000,90.0,30000000,56000000,True,True,131
12597,INSULIN GLARGINE 300 [iU]/1mL 1.5 mL INJECTION PARENTERAL,است,covered,نيست,False,خير,False,بله,True,طبق پرونده,است,True,بله,True,است,True,2000000,90.0,9000000,11000000,True,True,131
18099,FINGOLIMOD (AS HYDROCHLORIDE) 0.5 mg CAPSULE ORAL CAPSULE,است,covered,نيست,False,خير,False,بله,True,طبق پرونده,است,True,بله,True,است,True,935351,95.0,864649,1800000,True,True,131
06757,"CASPOFUNGIN ACETATE 50 mg INJECTION, POWDER, FOR SOLUTION PARENTERAL INJECTION",است,covered,است,True,خير,False,بله,True,طبق پرونده,است,True,بله,True,است,True,15000000,90.0,22000000,37000000,True,True,131
17197,METFORMIN HYDROCHLORIDE / GLIBENCLAMIDE 500 mg/5 mg TABLET ORAL TABLET,است,covered,نيست,False,خير,False,خير,False,200,نيست,False,خير,False,نيست,False,6376,70.0,1164,7540,True,True,131
16793,GADOBUTROL 604.72 mg/1mL 15 mL INJECTION PARENTERAL INJECTION,است,covered,نيست,False,خير,False,خير,False,1,نيست,False,بله,True,است,True,8000000,90.0,22000000,30000000,True,True,131
08997,"DEFERASIROX 500 mg TABLET, FOR SUSPENSION ORAL TABLET",است,covered,نيست,False,خير,False,بله,True,طبق پرونده,نيست,False,بله,True,است,True,101652,100.0,238348,340000,True,True,131
06382,VORICONAZOLE 200 mg TABLET ORAL TABLET,است,covered,نيست,False,خير,False,بله,True,طبق پرونده,است,True,بله,True,است,True,589341,90.0,470659,1060000,True,True,132
06532,TEMOZOLOMIDE 20 mg CAPSULE ORAL CAPSULE,است,covered,نيست,False,خير,False,بله,True,طبق پرونده,است,True,بله,True,است,True,364520,90.0,235480,600000,True,True,132
07986,"AZITHROMYCIN 200 mg/5mL 22.5 mL POWDER, FOR SUSPENSION ORAL SUSPENTION",است,covered,نيست,False,خير,False,خير,False,3,است,True,خير,False,است,True,470000,70.0,0,470000,True,True,132
06383,"VORICONAZOLE 200 mg INJECTION, POWDER, FOR SOLUTION PARENTERAL INJECTION",است,covered,است,True,خير,False,بله,True,طبق پرونده,است,True,بله,True,است,True,6149160,90.0,1350840,7500000,True,True,132
17106,METFORMIN HYDROCHLORIDE / GLIBENCLAMIDE 500 mg/2.5 mg TABLET ORAL TABLET,است,covered,نيست,False,خير,False,خير,False,200,نيست,False,خير,False,نيست,False,7250,70.0,0,7250,True,True,132
04905,REPAGLINIDE 2 mg TABLET ORAL TABLET,است,covered,نيست,False,خير,False,خير,False,200,نيست,False,خير,False,نيست,False,26111,70.0,1889,28000,True,True,132
07848,BOSENTAN 125 mg TABLET ORAL TABLET,است,covered,نيست,False,خير,False,بله,True,طبق پرونده,است,True,بله,True,است,True,212456,95.0,174344,386800,True,True,132
13571,CINACALCET (AS HYDROCHLORIDE) 60 mg TABLET ORAL TABLET,است,covered,نيست,False,خير,False,بله,True,طبق پرونده,است,True,بله,True,است,True,219086,90.0,320914,540000,True,True,132
05883,"ZOLEDRONIC ACID 4 mg INJECTION, POWDER, FOR SOLUTION PARENTERAL INJECTION",است,covered,نيست,False,خير,False,بله,True,طبق پرونده,نيست,False,بله,True,است,True,4100000,70.0,0,4100000,True,True,132
13524,TENOFOVIR DISOPROXIL FUMARATE 300 mg TABLET ORAL TABLET,است,covered,نيست,False,خير,False,خير,False,200,است,True,بله,True,نيست,False,24700,90.0,95300,120000,True,True,132
09801,VALSARTAN 40 mg TABLET ORAL TABLET,است,covered,نيست,False,خير,False,خير,False,200,نيست,False,خير,False,است,True,22479,70.0,2521,25000,True,True,133
04904,REPAGLINIDE 1 mg TABLET ORAL TABLET,است,covered,نيست,False,خير,False,خير,False,200,نيست,False,خير,False,نيست,False,23019,70.0,981,24000,True,True,133
20306,"INSULIN ASPART 100 [iU]/1mL 3 mL INJECTION, SOLUTION PARENTERAL",است,covered,نيست,False,خير,False,بله,True,طبق پرونده,است,True,بله,True,است,True,1400000,90.0,5000000,6400000,True,True,133
05831,"INFLIXIMAB 100 mg INJECTION, POWDER, FOR SOLUTION PARENTERAL INJECTION",است,covered,نيست,False,خير,False,بله,True,طبق پرونده,است,True,بله,True,است,True,17603700,90.0,161396300,179000000,True,True,133
05950,TEMOZOLOMIDE 250 mg CAPSULE ORAL CAPSULE,است,covered,نيست,False,خير,False,بله,True,طبق پرونده,است,True,بله,True,است,True,4082592,90.0,3417409,7500001,True,True,133
05845,"DOXORUBICIN HYDROCHLORIDE 2 mg/1mL 10 mL INJECTION, SOLUTION, CONCENTRATE PARENTERAL INJECTION",است,covered,نيست,False,بله,True,بله,True,طبق پرونده,است,True,بله,True,است,True,270000,90.0,1,270001,True,True,133
15618,QUETIAPINE (AS FUMARATE) 150 mg TABLET ORAL TABLET,است,covered,نيست,False,خير,False,خير,False,200,نيست,False,خير,False,نيست,False,36100,70.0,13900,50000,True,True,133
08066,CINACALCET (AS HYDROCHLORIDE) 30 mg TABLET ORAL TABLET,است,covered,نيست,False,خير,False,بله,True,طبق پرونده,است,True,بله,True,است,True,160503,90.0,39497,200000,True,True,133
06743,QUETIAPINE (AS FUMARATE) 25 mg TABLET ORAL TABLET,است,covered,نيست,False,خير,False,خير,False,200,نيست,False,خير,False,نيست,False,18500,70.0,18500,37000,True,True,133
07095,VALSARTAN 40 mg CAPSULE ORAL CAPSULE,است,covered,نيست,False,خير,False,خير,False,200,نيست,False,خير,False,است,True,1800,70.0,0,1800,True,True,133
13434,APREPITANT 125 MG CAPSUL CAPSULE,است,covered,نيست,False,خير,False,خير,False,1,است,True,بله,True,است,True,3318240,70.0,4181760,7500000,True,True,134
19412,TEMOZOLOMIDE 140 mg CAPSULE ORAL CAPSULE,است,covered,نيست,False,خير,False,بله,True,طبق پرونده,است,True,بله,True,است,True,2172028,90.0,2027972,4200000,True,True,134
07054,"DEFERASIROX 125 mg TABLET, FOR SUSPENSION ORAL TABLET",است,covered,نيست,False,خير,False,بله,True,طبق پرونده,نيست,False,بله,True,است,True,10000,100.0,0,10000,True,True,134
07384,TEMOZOLOMIDE 5 mg CAPSULE ORAL CAPSULE,است,covered,نيست,False,خير,False,بله,True,طبق پرونده,است,True,بله,True,است,True,134283,90.0,40717,175000,True,True,134
13435,APREPITANT 80/80MG CAP CAPSULE,است,covered,نيست,False,خير,False,خير,False,2,نيست,False,بله,True,است,True,225000,70.0,0,225000,True,True,134
05766,VALSARTAN 160 mg TABLET ORAL TABLET,است,covered,نيست,False,خير,False,خير,False,200,نيست,False,خير,False,است,True,35520,70.0,31480,67000,True,True,134
04989,"AZITHROMYCIN 200 mg/5mL 15 mL POWDER, FOR SUSPENSION ORAL SUSPENTION",است,covered,نيست,False,خير,False,خير,False,3,است,True,خير,False,است,True,376900,70.0,173100,550000,True,True,134
04768,VALGANCICLOVIR (AS HYDROCHLORIDE) 450 mg TABLET ORAL TABLET,است,covered,نيست,False,خير,False,بله,True,طبق پرونده,است,True,بله,True,است,True,700000,100.0,900000,1600000,True,True,134
05949,TEMOZOLOMIDE 100 mg CAPSULE ORAL CAPSULE,است,covered,نيست,False,خير,False,بله,True,طبق پرونده,است,True,بله,True,است,True,1634091,90.0,1365909,3000000,True,True,134
05927,QUETIAPINE (AS FUMARATE) 100 mg TABLET ORAL TABLET,است,covered,نيست,False,خير,False,خير,False,200,نيست,False,خير,False,نيست,False,42000,70.0,42000,84000,True,True,134
05928,QUETIAPINE (AS FUMARATE) 200 mg TABLET ORAL TABLET,است,covered,نيست,False,خير,False,خير,False,200,نيست,False,خير,False,نيست,False,70000,70.0,70000,140000,True,True,135
04022,SIROLIMUS 1 mg TABLET ORAL TABLET,است,covered,نيست,False,خير,False,بله,True,طبق پرونده,است,True,بله,True,است,True,361000,100.0,541000,902000,True,True,135
09604,VORICONAZOLE 50 mg TABLET ORAL TABLET,است,covered,نيست,False,خير,False,بله,True,طبق پرونده,است,True,بله,True,است,True,67466,90.0,79634,147100,True,True,135
12114,BOSENTAN 62.5 mg TABLET ORAL TABLET,است,covered,نيست,False,خير,False,بله,True,طبق پرونده,است,True,بله,True,است,True,138793,95.0,100107,238900,True,True,135
06353,LARONIDASE 100IU/ML 5ML VIAL INJECTION,است,covered,نيست,False,بله,True,بله,True,طبق پرونده,نيست,False,بله,True,است,True,3160000,100.0,80000000,83160000,True,True,135
04903,REPAGLINIDE 0.5 mg TABLET ORAL TABLET,است,covered,نيست,False,خير,False,خير,False,200,نيست,False,خير,False,نيست,False,21483,70.0,517,22000,True,True,135
05217,PIOGLITAZONE 30 mg TABLET ORAL TABLET,است,covered,نيست,False,خير,False,خير,False,200,نيست,False,خير,False,نيست,False,17748,70.0,18252,36000,True,True,135
05560,VALSARTAN 80 mg CAPSULE ORAL CAPSULE,است,covered,نيست,False,خير,False,خير,False,200,نيست,False,خير,False,است,True,3000,70.0,0,3000,True,True,135
12534,"NATALIZUMAB 20 mg/1mL 15 mL INJECTION, SOLUTION, CONCENTRATE PARENTERAL INJECTION",است,covered,نيست,False,خير,False,بله,True,طبق پرونده,است,True,بله,True,است,True,148202000,90.0,246728000,394930000,True,True,135
13610,CINACALCET (AS HYDROCHLORIDE) 90 mg TABLET ORAL TABLET,است,covered,نيست,False,خير,False,بله,True,طبق پرونده,است,True,بله,True,است,True,150000,90.0,0,150000,True,True,135
05804,TACROLIMUS 0.5 mg CAPSULE ORAL CAPSULE,است,covered,نيست,False,خير,False,بله,True,طبق پرونده,است,True,بله,True,است,True,232210,100.0,27790,260000,True,True,136
19983,"QUETIAPINE (AS FUMARATE) 200 mg TABLET, EXTENDED RELEASE ORAL TABLET",است,covered,نيست,False,خير,False,خير,False,200,نيست,False,خير,False,نيست,False,85000,70.0,85000,170000,True,True,136
19984,"QUETIAPINE (AS FUMARATE) 50 mg TABLET, EXTENDED RELEASE ORAL TABLET",است,covered,نيست,False,خير,False,خير,False,200,نيست,False,خير,False,نيست,False,37500,70.0,37500,75000,True,True,136
18556,"IRINOTECAN HYDROCHLORIDE 20 mg/1mL 15 mL INJECTION, SOLUTION, CONCENTRATE PARENTERAL INJECTION",است,covered,نيست,False,خير,False,بله,True,طبق پرونده,است,True,بله,True,است,True,8428342,90.0,2931658,11360000,True,True,136
18065,HEPATITIS B IMMUNE GLOBULIN 50 [iU]/1mL 50 mL INJECTION PARENTERAL INJECTION,است,covered,نيست,False,خير,False,خير,False,1,نيست,False,بله,True,است,True,27306000,95.0,107472000,134778000,True,True,136
19172,"BOTULINUM A TOXIN 300 [iU] INJECTION, POWDER, LYOPHILIZED, FOR SOLUTION PARENTERAL INJECTION",است,covered,نيست,False,خير,False,بله,True,طبق پرونده,نيست,False,بله,True,است,True,3752400,70.0,762000,4514400,True,True,136
16496,IOPROMIDE 300 mg/1mL 100 mL INJECTION PARENTERAL INJECTION,است,covered,نيست,False,خير,False,خير,False,2,نيست,False,بله,True,است,True,10920740,70.0,3719260,14640000,True,True,136
00977,PHENOBARBITAL SODIUM 200 mg/1mL INJECTION PARENTERAL 200MG/ML INJECTION,است,covered,نيست,False,خير,False,خير,False,10,نيست,False,خير,False,نيست,False,737562,70.0,12438,750000,True,True,136
02005,SUMATRIPTAN (AS SUCCINATE) 100 mg TABLET ORAL 100MG TABLET,صرفا مشمول يارانه دولت,government_subsidy_only,نيست,False,خير,False,خير,False,20,نيست,False,خير,False,نيست,False,82614,0.0,52386,135000,True,True,136
00226,CEFIXIME 200 mg TABLET ORAL 200MG TABLET,است,covered,نيست,False,خير,False,خير,False,20,نيست,False,خير,False,است,True,30966,70.0,30000,60966,True,True,136
02475,CARVEDILOL 6.25 mg TABLET ORAL TABLET,است,covered,نيست,False,خير,False,خير,False,200,نيست,False,خير,False,نيست,False,18710,70.0,3790,22500,True,True,137
00968,"PENICILLIN 6-3-3 600000 [iU]/300000 [iU]/300000 [iU] INJECTION, POWDER PARENTERAL INJECTION",است,covered,نيست,False,خير,False,خير,False,10,نيست,False,خير,False,نيست,False,450900,70.0,99100,550000,True,True,137
01427,"CHARCOAL ACTIVATED 50 g POWDER, FOR SUSPENSION ORAL SUSPENTION",است,covered,نيست,False,خير,False,خير,False,1,نيست,False,بله,True,است,True,530000,70.0,0,530000,True,True,137
00394,"DEXTROSE / ETHANOL 5 %/5 % 1000 mL INJECTION, SOLUTION INTRAVENOUS 1000ML INFUSION",است,covered,است,True,خير,False,خير,False,10,است,True,خير,False,نيست,False,6900,70.0,0,6900,True,True,137
00011,ACETAZOLAMIDE 250 mg TABLET ORAL 250MG TABLET,است,covered,نيست,False,خير,False,خير,False,200,نيست,False,بله,True,نيست,False,20797,70.0,24203,45000,True,True,137
00318,CLOFIBRATE 500 mg CAPSULE ORAL 500MG CAPSULE,است,covered,نيست,False,خير,False,خير,False,200,است,True,خير,False,است,True,27500,70.0,0,27500,True,True,137
00166,BISACODYL 10 mg SUPPOSITORY RECTAL 10MG SUPPOSITORY,است,covered,نيست,False,خير,False,خير,False,20,نيست,False,خير,False,نيست,False,91390,70.0,58610,150000,True,True,137
02369,"ACETYLCYSTEINE 600 mg TABLET, EFFERVESCENT ORAL 600MG TABLET",است,covered,نيست,False,خير,False,خير,False,100,نيست,False,خير,False,نيست,False,170000,70.0,0,170000,True,True,137
09464,CLINDAMYCIN (AS HYDROCHLORIDE) 300 mg CAPSULE ORAL 300MG CAPSULE,است,covered,نيست,False,خير,False,خير,False,50,نيست,False,خير,False,نيست,False,61110,70.0,78890,140000,True,True,137
04795,"SALMETEROL (AS XINAFOATE) / FLUTICASONE PROPIONATE 25 ug/125 ug/1{dose} 120 {dose} AEROSOL, METERED RESPIRATORY SPRAY",است,covered,نيست,False,خير,False,خير,False,2,نيست,False,بله,True,است,True,8220000,70.0,5500000,13720000,True,True,137
09940,IOPAMIDOL 370 mg/1mL 50 mL INJECTION PARENTERAL INJECTION,است,covered,نيست,False,خير,False,خير,False,4,نيست,False,بله,True,است,True,5208240,70.0,4591760,9800000,True,True,138
06243,"PEGINTERFERON ALFA-2B 80 ug INJECTION, POWDER, LYOPHILIZED, FOR SOLUTION PARENTERAL INJECTION",است,covered,نيست,False,خير,False,بله,True,طبق پرونده,است,True,بله,True,نيست,False,666667,90.0,0,666667,True,True,138
05625,PIOGLITAZONE 45 mg TABLET ORAL TABLET,است,covered,نيست,False,خير,False,خير,False,200,نيست,False,خير,False,نيست,False,19756,70.0,24244,44000,True,True,138
17853,"DEFERIPRONE 500 mg TABLET, DELAYED RELEASE ORAL TABLET",است,covered,نيست,False,خير,False,بله,True,طبق پرونده,نيست,False,بله,True,است,True,91500,100.0,88500,180000,True,True,138
05423,VALSARTAN 80 mg TABLET ORAL TABLET,است,covered,نيست,False,خير,False,خير,False,200,نيست,False,خير,False,است,True,29600,70.0,18400,48000,True,True,138
07659,ANAGRELIDE HYDROCHLORIDE 500 ug CAPSULE ORAL CAPSULE,است,covered,نيست,False,خير,False,خير,False,120,است,True,بله,True,است,True,210000,70.0,140000,350000,True,True,138
05615,"BEVACIZUMAB 25 mg/1mL 4 mL INJECTION, SOLUTION, CONCENTRATE PARENTERAL INJECTION",است,covered,نيست,False,خير,False,بله,True,طبق پرونده,است,True,بله,True,است,True,27000000,70.0,3000000,30000000,True,True,138
05616,"BEVACIZUMAB 25 mg/1mL 16 mL INJECTION, SOLUTION, CONCENTRATE PARENTERAL INJECTION",است,covered,نيست,False,خير,False,بله,True,طبق پرونده,است,True,بله,True,است,True,100000000,70.0,20000000,120000000,True,True,138
07088,"BORTEZOMIB 3.5 mg INJECTION, POWDER, LYOPHILIZED, FOR SOLUTION PARENTERAL INJECTION",است,covered,نيست,False,خير,False,بله,True,طبق پرونده,است,True,بله,True,است,True,24438146,70.0,6561854,31000000,True,True,138
14098,"PEMETREXED 100 mg INJECTION, POWDER, LYOPHILIZED, FOR SOLUTION PARENTERAL INJECTION",است,covered,نيست,False,خير,False,بله,True,طبق پرونده,است,True,بله,True,است,True,6421631,70.0,1320369,7742000,True,True,138
06119,"PEMETREXED 500 mg INJECTION, POWDER, LYOPHILIZED, FOR SOLUTION PARENTERAL INJECTION",است,covered,نيست,False,خير,False,بله,True,طبق پرونده,است,True,بله,True,است,True,20396440,70.0,3885560,24282000,True,True,139
09988,SUNITINIB (AS MALATE) 12.5 mg CAPSULE ORAL CAPSULE,است,covered,نيست,False,بله,True,بله,True,طبق پرونده,است,True,بله,True,است,True,1281618,90.0,588382,1870000,True,True,139
09753,SUNITINIB (AS MALATE) 25 mg CAPSULE ORAL CAPSULE,است,covered,نيست,False,بله,True,بله,True,طبق پرونده,است,True,بله,True,است,True,2560363,90.0,1189637,3750000,True,True,139
07804,SUNITINIB (AS MALATE) 50 mg CAPSULE ORAL CAPSULE,است,covered,نيست,False,بله,True,بله,True,طبق پرونده,است,True,بله,True,است,True,5117853,90.0,2382147,7500000,True,True,139
08133,"VINORELBINE (AS TARTRATE) 30 mg CAPSULE, LIQUID FILLED ORAL CAPSULE",است,covered,نيست,False,خير,False,بله,True,طبق پرونده,است,True,بله,True,است,True,9000000,90.0,14000000,23000000,True,True,139
13254,"VINORELBINE (AS TARTRATE) 20 mg CAPSULE, LIQUID FILLED ORAL CAPSULE",است,covered,نيست,False,خير,False,بله,True,طبق پرونده,است,True,بله,True,است,True,6800000,90.0,10000000,16800000,True,True,139
02548,SEVOFLURANE 250 mL INHALANT RESPIRATORY INHALATION,صرفا مشمول يارانه دولت,government_subsidy_only,است,True,خير,False,خير,False,1,نيست,False,بله,True,نيست,False,164583000,0.0,28417000,193000000,True,True,139
14887,ERLOTINIB (AS HYDROCHLORIDE) 100 mg TABLET ORAL TABLET,است,covered,نيست,False,خير,False,بله,True,طبق پرونده,است,True,بله,True,است,True,951590,70.0,148410,1100000,True,True,139
06154,ERLOTINIB (AS HYDROCHLORIDE) 150 mg TABLET ORAL TABLET,است,covered,نيست,False,خير,False,بله,True,طبق پرونده,است,True,بله,True,است,True,2092500,70.0,307500,2400000,True,True,139
04000,SEVELAMER HYDROCHLORIDE 800 mg TABLET ORAL TABLET,است,covered,نيست,False,خير,False,خير,False,180,نيست,False,خير,False,نيست,False,42090,100.0,46510,88600,True,True,139
00683,AVONEX® 30MCG SYRINGE INJECTION,است,covered,نيست,False,خير,False,بله,True,طبق پرونده,نيست,False,بله,True,است,True,4049000,54.88,0,4049000,True,True,140
00684,REBIF® 44MCG/0.5ML SYRINGE INJECTION,است,covered,نيست,False,خير,False,بله,True,طبق پرونده,نيست,False,بله,True,است,True,1444000,95.0,1887627,3331627,True,True,140
16770,EXTAVIA® POWDER INJ INJECTION,است,covered,نيست,False,خير,False,بله,True,طبق پرونده,نيست,False,بله,True,است,True,1200000,59.42,0,1200000,True,True,140
12560,"INTERFERON BETA-1B POWDER, FOR SOLUTION PARENTER300 ug INJECTION",است,covered,نيست,False,خير,False,بله,True,طبق پرونده,است,True,بله,True,است,True,1560000,95.0,1040000,2600000,True,True,140
12359,ZOLEDRONIC ACID 4 mg/5mL INJECTION PARENTERAL INJECTION,است,covered,نيست,False,خير,False,بله,True,طبق پرونده,است,True,بله,True,است,True,3049900,70.0,400100,3450000,True,True,140
06340,NITISINONE 10 mg CAPSULE ORAL CAPSULE,است,covered,نيست,False,خير,False,بله,True,طبق پرونده,است,True,بله,True,است,True,486719,97.0,153581,640300,True,True,140
06343,NITISINONE 2 mg CAPSULE ORAL CAPSULE,است,covered,نيست,False,خير,False,بله,True,طبق پرونده,است,True,بله,True,است,True,132189,97.0,26411,158600,True,True,140
06346,NITISINONE 5 mg CAPSULE ORAL CAPSULE,است,covered,نيست,False,خير,False,بله,True,طبق پرونده,است,True,بله,True,است,True,243310,97.0,76790,320100,True,True,140
09037,"PEGASPARGASE 3750 [iU] INJECTION, POWDER, FOR SOLUTION PARENTERAL INJECTION",است,covered,نيست,False,بله,True,بله,True,طبق پرونده,است,True,بله,True,است,True,1129600000,70.0,110000000,1239600000,True,True,140
21302,"SAPROPTERIN DIHYDROCHLORIDE 100 mg TABLET, SOLUBLE ORAL TABLET",است,covered,نيست,False,خير,False,بله,True,طبق پرونده,است,True,بله,True,است,True,887508,97.4,1143992,2031500,True,True,140
06369,SODIUM PHENYLBUTYRATE 200 mg/1mL 10 mL INJECTION PARENTERAL INJECTION,است,covered,نيست,False,خير,False,بله,True,طبق پرونده,نيست,False,بله,True,است,True,893000,97.0,4099000,4992000,True,True,141
06403,SODIUM PHENYLBUTYRATE 500 mg TABLET ORAL TABLET,است,covered,نيست,False,خير,False,بله,True,طبق پرونده,است,True,بله,True,است,True,1631000,95.0,689000,2320000,True,True,141
08448,SORAFENIB (AS TOSYLATE) 200 mg TABLET ORAL TABLET,است,covered,نيست,False,خير,False,بله,True,طبق پرونده,است,True,بله,True,است,True,1957056,70.0,2042944,4000000,True,True,141
17768,"BOTULINUM A TOXIN 100 [iU] INJECTION, POWDER, LYOPHILIZED, FOR SOLUTION PARENTERAL INJECTION",است,covered,نيست,False,خير,False,بله,True,طبق پرونده,نيست,False,بله,True,است,True,10642000,70.0,0,10642000,True,True,141
12292,"ALGLUCOSIDASE ALFA 50 mg INJECTION, POWDER, FOR SOLUTION PARENTERAL INJECTION",است,covered,نيست,False,بله,True,بله,True,طبق پرونده,نيست,False,بله,True,است,True,60891000,100.0,145439000,206330000,True,True,141
09805,"BETAINE 1 g/1g 100 g POWDER, FOR SOLUTION ORAL POWDER",است,covered,نيست,False,خير,False,بله,True,طبق پرونده,نيست,False,بله,True,است,True,6650000,98.0,0,6650000,True,True,141
06370,"BETAINE 1 g/1g 180 g POWDER, FOR SOLUTION ORAL POWDER",است,covered,نيست,False,خير,False,بله,True,طبق پرونده,است,True,بله,True,است,True,64000000,98.0,100000000,164000000,True,True,141
04008,"ETANERCEPT 25 mg INJECTION, POWDER, FOR SOLUTION PARENTERAL INJECTION",است,covered,نيست,False,خير,False,بله,True,طبق پرونده,نيست,False,بله,True,است,True,1770000,90.0,0,1770000,True,True,141
05178,CELLCEPT® 250MG CAP CAPSULE,است,covered,نيست,False,خير,False,خير,False,240,نيست,False,بله,True,نيست,False,48400,85.29,69300,117700,True,True,141
05179,CELLCEPT® 500MG TAB TABLET,است,covered,نيست,False,خير,False,خير,False,120,نيست,False,بله,True,نيست,False,139497,85.3,208503,348000,True,True,141
08170,"ETANERCEPT 50 mg/1mL 1 mL INJECTION, SOLUTION SUBCUTANEOUS INJECTION",است,covered,نيست,False,خير,False,بله,True,طبق پرونده,نيست,False,بله,True,است,True,17500000,90.0,2500000,20000000,True,True,142
20048,EVEROLIMUS 0.25 mg TABLET ORAL TABLET,است,covered,نيست,False,خير,False,بله,True,طبق پرونده,است,True,بله,True,است,True,228280,70.0,231720,460000,True,True,142
20050,EVEROLIMUS 0.75 mg TABLET ORAL TABLET,است,covered,نيست,False,خير,False,بله,True,طبق پرونده,است,True,بله,True,است,True,603070,70.0,596930,1200000,True,True,142
21850,THALIDOMIDE 100 mg CAPSULE ORAL CAPSULE,است,covered,نيست,False,خير,False,بله,True,طبق پرونده,نيست,False,بله,True,نيست,False,160000,70.0,670000,830000,True,True,142
04708,FLUVOXAMINE MALEATE 100 mg TABLET ORAL TABLET,است,covered,نيست,False,خير,False,خير,False,200,نيست,False,خير,False,نيست,False,35815,70.0,39185,75000,True,True,142
11459,"BRIMONIDINE TARTRATE 0.2% 5 mL SOLUTION, DROPS OPHTHALMIC DROPS",صرفا مشمول يارانه دولت,government_subsidy_only,نيست,False,خير,False,خير,False,3,نيست,False,خير,False,نيست,False,492749,0.0,107251,600000,True,True,142
02746,OLANZAPINE 15 mg TABLET ORAL 15MG TABLET,است,covered,نيست,False,خير,False,خير,False,200,نيست,False,خير,False,نيست,False,24746,70.0,30255,55001,True,True,142
00284,"CHORIONIC GONADOTROPHIN (HUMAN) 1500 [iU] INJECTION, POWDER, FOR SOLUTION PARENTERAL 1500U INJECTION",است,covered,نيست,False,خير,False,خير,False,15,نيست,False,بله,True,است,True,1670600,90.0,29400,1700000,True,True,142
00113,"ASPARAGINASE 10000 [iU] INJECTION, POWDER, FOR SOLUTION PARENTERAL INJECTION",است,covered,نيست,False,خير,False,بله,True,طبق پرونده,نيست,False,بله,True,است,True,57417000,90.0,4863000,62280000,True,True,142
00376,"DACARBAZINE 100 mg INJECTION, POWDER, FOR SOLUTION PARENTERAL 100MG INJECTION",است,covered,نيست,False,خير,False,بله,True,طبق پرونده,است,True,بله,True,است,True,2042560,90.0,6357440,8400000,True,True,142
00769,LOMUSTINE 40 mg CAPSULE ORAL 40MG CAPSULE,است,covered,نيست,False,خير,False,بله,True,طبق پرونده,است,True,بله,True,است,True,1337000,90.0,1763000,3100000,True,True,143
00857,"MITOMYCIN 2 mg INJECTION, POWDER, FOR SOLUTION PARENTERAL 2MG INJECTION",است,covered,نيست,False,خير,False,خير,False,20,است,True,بله,True,است,True,2457000,70.0,7953000,10410000,True,True,143
02377,"CLADRIBINE 2 mg/1mL 5 mL INJECTION, SOLUTION INTRAVENOUS INJECTION",است,covered,نيست,False,خير,False,بله,True,طبق پرونده,است,True,بله,True,است,True,29074778,90.0,31925222,61000000,True,True,143
05283,"TRASTUZUMAB 150 mg INJECTION, POWDER, LYOPHILIZED, FOR SOLUTION PARENTERAL INJECTION",است,covered,نيست,False,خير,False,بله,True,طبق پرونده,است,True,بله,True,است,True,58785695,90.0,6214305,65000000,True,True,143
06758,"CASPOFUNGIN ACETATE 70 mg INJECTION, POWDER, FOR SOLUTION PARENTERAL INJECTION",است,covered,است,True,خير,False,بله,True,طبق پرونده,است,True,بله,True,است,True,17000000,90.0,35000000,52000000,True,True,143
08889,BUDESONIDE 0.25 mg/1mL 2 mL SUSPENSION RESPIRATORY SUSPENTION,است,covered,نيست,False,خير,False,خير,False,60,نيست,False,بله,True,نيست,False,438000,70.0,250000,688000,True,True,143
11886,CALCIUM FOLINATE 10 mg/1mL 10 mL INJECTION PARENTERAL INJECTION,است,covered,نيست,False,خير,False,خير,False,5,نيست,False,بله,True,است,True,356200,70.0,1643800,2000000,True,True,143
15666,TRIPTORELIN (AS ACETATE) 95.6 ug INJECTION PARENTERAL INJECTION,است,covered,نيست,False,خير,False,خير,False,12,است,True,بله,True,است,True,1136177,90.0,413823,1550000,True,True,143
18354,KETOTIFEN (AS FUMARATE) 1 mg/5mL 60 mL SYRUP ORAL SYRUP,است,covered,نيست,False,خير,False,خير,False,3,نيست,False,خير,False,نيست,False,357700,70.0,142300,500000,True,True,143
16164,"ADALIMUMAB 50 mg/1mL 0.8 mL INJECTION, SOLUTION PARENTERAL INJECTION",است,covered,نيست,False,خير,False,بله,True,طبق پرونده,است,True,بله,True,است,True,32702878,90.0,2297122,35000000,True,True,143
12102,"RASBURICASE 1.5 mg INJECTION, POWDER, FOR SOLUTION PARENTERAL INJECTION",است,covered,نيست,False,خير,False,بله,True,طبق پرونده,نيست,False,بله,True,است,True,5094000,70.0,12856000,17950000,True,True,144
16153,"THYROTROPIN ALFA 1.1 mg INJECTION, POWDER, LYOPHILIZED, FOR SOLUTION PARENTERAL INJECTION",است,covered,نيست,False,خير,False,بله,True,طبق پرونده,نيست,False,بله,True,است,True,60979000,70.0,135771000,196750000,True,True,144
05291,"CETRORELIX 250 ug INJECTION, POWDER, FOR SOLUTION PARENTERAL INJECTION",است,covered,نيست,False,خير,False,خير,False,18,نيست,False,بله,True,است,True,2044561,90.0,1205439,3250000,True,True,144
16179,FOLLITROPIN ALFA 600 [iU]/1mL 0.5 mL INJECTION PARENTERAL INJECTION,است,covered,نيست,False,خير,False,خير,False,1,نيست,False,بله,True,است,True,11469700,90.0,3530300,15000000,True,True,144
06783,GANIRELIX (AS ACETATE) 500 ug/1mL 0.5 mL INJECTION PARENTERAL INJECTION,است,covered,نيست,False,خير,False,خير,False,18,نيست,False,بله,True,است,True,900000,90.0,4000000,4900000,True,True,144
18438,"LEUPRORELIN ACETATE 3.75 mg INJECTION, POWDER, FOR SUSPENSION, EXTENDED RELEASE PARENTERAL INJECTION",است,covered,نيست,False,خير,False,خير,False,6,است,True,بله,True,است,True,10787400,90.0,855000,11642400,True,True,144
10786,"LUTROPIN ALFA 75 [iU] INJECTION, POWDER, FOR SOLUTION PARENTERAL INJECTION",است,covered,نيست,False,خير,False,خير,False,1,نيست,False,بله,True,است,True,750000,90.0,0,750000,True,True,144
01270,"UROFOLLITROPIN 75 [iU] INJECTION, POWDER, LYOPHILIZED, FOR SOLUTION INTRAMUSCULAR INJECTION",است,covered,نيست,False,خير,False,خير,False,8,نيست,False,بله,True,است,True,1457100,90.0,142900,1600000,True,True,144
04023,RAPAMUNE® 1MG TAB,است,covered,نيست,False,خير,False,بله,True,طبق پرونده,نيست,False,بله,True,نيست,False,110000,90.91,0,110000,True,True,144
05760,FORMOTEROL FUMARATE 12 ug CAPSULE RESPIRATORY,است,covered,نيست,False,خير,False,خير,False,120,نيست,False,بله,True,نيست,False,182100,70.0,37900,220000,True,True,144
05878,PROGRAF® 1MG CAP,است,covered,نيست,False,خير,False,بله,True,طبق پرونده,نيست,False,بله,True,نيست,False,202333,85.37,113667,316000,True,True,145
06170,VALPROATE SODIUM 200 mg/5mL 300 mL SYRUP ORAL SYRUP,است,covered,نيست,False,خير,False,خير,False,5,نيست,False,بله,True,است,True,16699452,90.0,5520548,22220000,True,True,145
06765,BICALUTAMIDE 50 mg TABLET ORAL,است,covered,نيست,False,خير,False,خير,False,90,است,True,بله,True,است,True,168431,70.0,51569,220000,True,True,145
06815,"CICLOSPORIN 0.05% 10 mL SOLUTION, DROPS OPHTHALMIC",است,covered,نيست,False,خير,False,خير,False,5,است,True,بله,True,است,True,503976,90.0,146024,650000,True,True,145
06854,"LOTEPREDNOL ETABONATE 0.5% 5 mL SUSPENSION, DROPS OPHTHALMIC",صرفا مشمول يارانه دولت,government_subsidy_only,نيست,False,خير,False,خير,False,3,نيست,False,خير,False,نيست,False,1040237,0.0,609763,1650000,True,True,145
07196,"HEMODIALYSIS II ACIDIC 4920 mL SOLUTION, CONCENTRATE HEMODIALYSIS",است,covered,است,True,خير,False,بله,True,طبق پرونده,نيست,False,بله,True,نيست,False,6389630,100.0,2610370,9000000,True,True,145
07197,"HEMODIALYSIS I 4920 mL SOLUTION, CONCENTRATE INTRAVENOUS",است,covered,است,True,خير,False,بله,True,طبق پرونده,نيست,False,بله,True,نيست,False,3500000,100.0,0,3500000,True,True,145
07198,"HEMODIALYSIS II 4920 mL SOLUTION, CONCENTRATE INTRAVENOUS",است,covered,است,True,خير,False,بله,True,طبق پرونده,نيست,False,بله,True,نيست,False,3165100,100.0,334900,3500000,True,True,145
07338,INSULIN GLARGINE 100 [iU]/1mL 3 mL INJECTION PARENTERAL,است,covered,نيست,False,خير,False,بله,True,طبق پرونده,است,True,بله,True,است,True,1050000,90.0,5350000,6400000,True,True,145
07397,PROGRAF® 0.5MG CAP,است,covered,نيست,False,خير,False,بله,True,طبق پرونده,نيست,False,بله,True,نيست,False,146210,89.71,27790,174000,True,True,145
04189,TIOTROPIUM (AS BROMIDE) 18 ug CAPSULE RESPIRATORY CAPSULE,است,covered,نيست,False,خير,False,خير,False,60,نيست,False,بله,True,نيست,False,169160,90.0,110840,280000,True,True,146
07913,SUCCIMER 200 mg CAPSULE ORAL CAPSULE,است,covered,است,True,خير,False,بله,True,طبق پرونده,نيست,False,بله,True,است,True,1080000,70.0,10000,1090000,True,True,146
09220,EXJADE® 250MG TAB,است,covered,نيست,False,خير,False,بله,True,طبق پرونده,نيست,False,بله,True,نيست,False,110000,90.91,0,110000,True,True,146
09221,EXJADE® 500MG TAB,است,covered,نيست,False,خير,False,بله,True,طبق پرونده,نيست,False,بله,True,نيست,False,220000,90.91,0,220000,True,True,146
09694,EXJADE® 125MG TAB,است,covered,نيست,False,خير,False,بله,True,طبق پرونده,نيست,False,بله,True,نيست,False,55000,90.91,0,55000,True,True,146
11114,"FORMOTEROL FUMARATE 12 ug/1{dose} 100 {Puff} AEROSOL, METERED RESPIRATORY",است,covered,نيست,False,خير,False,خير,False,2,نيست,False,بله,True,نيست,False,8000000,70.0,12000000,20000000,True,True,146
12273,NILOTINIB 200 mg CAPSULE ORAL CAPSULE,است,covered,نيست,False,خير,False,بله,True,طبق پرونده,است,True,بله,True,است,True,2870868,70.0,1429132,4300000,True,True,146
12550,GALSULFASE 1 mg/1mL 5 mL INJECTION PARENTERAL INJECTION,است,covered,نيست,False,بله,True,بله,True,طبق پرونده,نيست,False,بله,True,است,True,258455000,100.0,361545000,620000000,True,True,146
12837,"INSULIN DETEMIR 100 [iU]/1mL 3 mL INJECTION, SOLUTION PARENTERAL",است,covered,نيست,False,خير,False,بله,True,طبق پرونده,است,True,بله,True,است,True,1342000,70.0,6658000,8000000,True,True,146
15281,"INDOCYANINE GREEN 25 mg INJECTION, POWDER, FOR SOLUTION PARENTERAL",است,covered,نيست,False,خير,False,بله,True,طبق پرونده,نيست,False,بله,True,است,True,14380200,70.0,29809800,44190000,True,True,146
16068,FOLLITROPIN ALFA 600 [iU]/1mL 1.5 mL INJECTION PARENTERAL,است,covered,نيست,False,خير,False,خير,False,1,نيست,False,بله,True,است,True,26226450,90.0,8773550,35000000,True,True,147
16180,FOLLITROPIN ALFA 600 [iU]/1mL 0.75 mL INJECTION PARENTERAL,است,covered,نيست,False,خير,False,خير,False,1,نيست,False,بله,True,است,True,16425650,90.0,4574350,21000000,True,True,147
16766,"CALCIUM FOLINATE 100 mg INJECTION, POWDER, FOR SOLUTION PARENTERAL",است,covered,نيست,False,خير,False,خير,False,5,است,True,بله,True,است,True,1000000,90.0,1000000,2000000,True,True,147
16954,FERRIC CARBOXYMALTOSE 50 mg/1mL 10 mL INJECTION PARENTERAL,است,covered,نيست,False,خير,False,خير,False,2,است,True,بله,True,است,True,4262000,90.0,5882200,10144200,True,True,147
17094,"AMPHOTERICIN B LIPOSOME 50 mg INJECTION, POWDER, FOR SOLUTION PARENTERAL INJECTION",است,covered,است,True,خير,False,بله,True,طبق پرونده,است,True,بله,True,است,True,2945000,70.0,13856000,16801000,True,True,147
17124,FLUTICASONE PROPIONATE 50 ug/1{Puff} 200 {Puff} SPRAY NASAL SPRAY,است,covered,نيست,False,خير,False,خير,False,2,نيست,False,بله,True,نيست,False,712100,70.0,134900,847000,True,True,147
18064,HEPATITIS B IMMUNE GLOBULIN 50 [iU]/1mL 10 mL INJECTION PARENTERAL,است,covered,نيست,False,خير,False,خير,False,1,نيست,False,بله,True,است,True,4570000,95.0,0,4570000,True,True,147
20627,"METHYLPREDNISOLONE (AS SODIUM SUCCINATE) 1000 mg INJECTION, POWDER, FOR SOLUTION PARENTERAL INJECTION",است,covered,نيست,False,خير,False,خير,False,10,است,True,بله,True,است,True,376500,70.0,0,376500,True,True,147
21183,SEVELAMER CARBONATE 800 mg TABLET ORAL TABLET,است,covered,نيست,False,خير,False,خير,False,180,نيست,False,خير,False,نيست,False,247701,100.0,52299,300000,True,True,147
16682,EVEROLIMUS 5 mg TABLET ORAL TABLET,است,covered,نيست,False,خير,False,بله,True,طبق پرونده,است,True,بله,True,است,True,2780570,70.0,7219430,10000000,True,True,147
22333,"MOMETASONE FUROATE 0.05% 15 mL SPRAY, SUSPENSION NASAL SPRAY",است,covered,نيست,False,خير,False,خير,False,2,نيست,False,بله,True,نيست,False,743340,70.0,456660,1200000,True,True,148
21807,"MOMETASONE FUROATE 0.05% 20 mL SPRAY, SUSPENSION NASAL SPRAY",است,covered,نيست,False,خير,False,خير,False,2,نيست,False,بله,True,نيست,False,667300,70.0,132700,800000,True,True,148
05154,"VENLAFAXINE 150 mg CAPSULE, EXTENDED RELEASE ORAL CAPSULE",است,covered,نيست,False,خير,False,خير,False,100,نيست,False,خير,False,نيست,False,7000,70.0,0,7000,True,True,148
05155,VENLAFAXINE 75 mg CAPSULE ORAL CAPSULE,است,covered,نيست,False,خير,False,خير,False,100,نيست,False,خير,False,نيست,False,3300,70.0,0,3300,True,True,148
06631,VENLAFAXINE 75 mg TABLET ORAL TABLET,است,covered,نيست,False,خير,False,خير,False,100,نيست,False,خير,False,نيست,False,19731,70.0,20269,40000,True,True,148
07932,VENLAFAXINE 37.5 mg TABLET ORAL TABLET,است,covered,نيست,False,خير,False,خير,False,100,نيست,False,خير,False,نيست,False,22162,70.0,1838,24000,True,True,148
18972,"PEGFILGRASTIM 10 mg/1mL 0.6 mL INJECTION, SOLUTION PARENTERAL INJECTION",است,covered,نيست,False,خير,False,بله,True,طبق پرونده,است,True,بله,True,است,True,42000000,90.0,18000000,60000000,True,True,148
13873,"VENLAFAXINE 75 mg CAPSULE, EXTENDED RELEASE ORAL CAPSULE",است,covered,نيست,False,خير,False,خير,False,100,نيست,False,خير,False,نيست,False,125000,70.0,0,125000,True,True,148
05791,VENLAFAXINE 37.5 mg CAPSULE ORAL CAPSULE,است,covered,نيست,False,خير,False,خير,False,100,نيست,False,خير,False,نيست,False,2200,70.0,0,2200,True,True,148
16035,"VENLAFAXINE 37.5 mg CAPSULE, EXTENDED RELEASE ORAL CAPSULE",است,covered,نيست,False,خير,False,خير,False,100,نيست,False,خير,False,نيست,False,62500,70.0,15500,78000,True,True,148
13267,KETOROLAC 30MG/ML INJ INJECTION,است,covered,است,True,خير,False,خير,False,5,نيست,False,خير,False,نيست,False,0,70.0,0,0,True,True,149
17972,"KETOROLAC TROMETAMOL 30 mg/1mL 1 mL INJECTION, SOLUTION PARENTERAL INJECTION",است,covered,است,True,خير,False,خير,False,5,نيست,False,خير,False,نيست,False,377200,70.0,272800,650000,True,True,149
23212,METHOTREXATE SODIUM 10 mg/1mL 0.75 mL INJECTION PARENTERAL INJECTION,است,covered,نيست,False,خير,False,خير,False,10,نيست,False,بله,True,است,True,372500,90.0,0,372500,True,True,149
23213,METHOTREXATE SODIUM 10 mg/1mL 1.5 mL INJECTION PARENTERAL INJECTION,است,covered,نيست,False,خير,False,خير,False,10,نيست,False,بله,True,است,True,630000,90.0,0,630000,True,True,149
23214,METHOTREXATE SODIUM 10 mg/1mL 2 mL INJECTION PARENTERAL INJECTION,است,covered,نيست,False,خير,False,خير,False,10,نيست,False,بله,True,است,True,780000,90.0,0,780000,True,True,149
17038,"ROMIPLOSTIM 250 ug INJECTION, POWDER, FOR SOLUTION PARENTERAL INJECTION",است,covered,نيست,False,خير,False,بله,True,طبق پرونده,است,True,بله,True,است,True,48777000,70.0,110603000,159380000,True,True,149
21537,TOBRAMYCIN 28 mg POWDER RESPIRATORY CAPSULE,است,covered,است,True,خير,False,بله,True,طبق پرونده,است,True,بله,True,است,True,480000,70.0,0,480000,True,True,149
06435,TRIENTINE DIHYDROCHLORIDE 300 mg CAPSULE ORAL CAPSULE,است,covered,نيست,False,خير,False,بله,True,طبق پرونده,نيست,False,بله,True,است,True,1205172,90.0,1394829,2600001,True,True,149
11607,"MYCOPHENOLIC ACID 360 mg TABLET, DELAYED RELEASE ORAL TABLET",است,covered,نيست,False,خير,False,خير,False,120,است,True,بله,True,است,True,100000,100.0,300000,400000,True,True,149
04864,"RINGERS 500 mL INJECTION, SOLUTION INTRAVENOUS INFUSION",است,covered,نيست,False,خير,False,خير,False,10,نيست,False,بله,True,نيست,False,1250000,70.0,0,1250000,True,True,149
04907,"DEXTROSE / SODIUM CHLORIDE 3.33 %/0.3 % 500 mL INJECTION, SOLUTION INTRAVENOUS INFUSION",است,covered,نيست,False,خير,False,خير,False,10,است,True,بله,True,است,True,1000000,70.0,0,1000000,True,True,150
11151,ALFENTANIL 0.5 mg/1mL 5 mL INJECTION PARENTERAL INJECTION,است,covered,است,True,خير,False,خير,False,10,نيست,False,بله,True,نيست,False,500000,70.0,0,500000,True,True,150
17397,"ZOLEDRONIC ACID 5 mg/100mL INJECTION, SOLUTION PARENTERAL INFUSION",است,covered,نيست,False,خير,False,خير,False,1,است,True,بله,True,است,True,3935669,70.0,989131,4924800,True,True,150
23125,"GLATIRAMER ACETATE 40 mg/1mL INJECTION, SOLUTION PARENTERAL INJECTION",است,covered,نيست,False,خير,False,بله,True,طبق پرونده,است,True,بله,True,است,True,2185612,90.0,1214388,3400000,True,True,150
13830,"CARBOPLATIN 10 mg/1mL 45 mL INJECTION, SOLUTION, CONCENTRATE INTRAVENOUS INJECTION",است,covered,نيست,False,خير,False,بله,True,طبق پرونده,است,True,بله,True,است,True,15174594,90.0,18825406,34000000,True,True,150
21097,"BOTULINUM A TOXIN 50 [iU] INJECTION, POWDER, LYOPHILIZED, FOR SOLUTION PARENTERAL INJECTION",است,covered,نيست,False,خير,False,بله,True,طبق پرونده,نيست,False,بله,True,است,True,7542000,70.0,0,7542000,True,True,150
11464,TERIPARATIDE 250 ug/1mL 2.4 mL INJECTION PARENTERAL INJECTION,است,covered,نيست,False,خير,False,بله,True,طبق پرونده,نيست,False,بله,True,است,True,29525340,70.0,5474660,35000000,True,True,150
08004,LABETALOL HYDROCHLORIDE 5 mg/1mL 20 mL INJECTION PARENTERAL INJECTION,است,covered,است,True,خير,False,خير,False,5,نيست,False,بله,True,نيست,False,1148800,70.0,651200,1800000,True,True,150
12312,"PANCREATIN 25000 [iU] CAPSULE, DELAYED RELEASE PELLETS ORAL CAPSULE",است,covered,نيست,False,خير,False,بله,True,طبق پرونده,است,True,بله,True,است,True,522800,70.0,70200,593000,True,True,150
15917,DICLOFENAC POTASSIUM 50 mg TABLET ORAL TABLET,است,covered,نيست,False,خير,False,خير,False,60,نيست,False,خير,False,نيست,False,22667,70.0,333,23000,True,True,150
17336,BECLOMETHASONE DIPROPIONATE 100 ug/1{dose} 200 {Puff} INHALANT RESPIRATORY SPRAY,است,covered,نيست,False,خير,False,خير,False,2,نيست,False,بله,True,نيست,False,563500,70.0,219500,783000,True,True,151
21266,"SURFACTANT (BOVINE LIPID EXTRACT) 27 mg/1mL 5 mL INJECTION, SUSPENSION TRANSTRACHEAL INJECTION",است,covered,است,True,خير,False,خير,False,1,نيست,False,بله,True,نيست,False,89285600,90.0,150324400,239610000,True,True,151
22396,HEPATITIS B IMMUNE GLOBULIN 50 [iU]/1mL 2 mL INJECTION PARENTERAL INJECTION,است,covered,نيست,False,خير,False,خير,False,1,نيست,False,بله,True,نيست,False,855900,95.0,0,855900,True,True,151
22398,HEPATITIS B IMMUNE GLOBULIN 50 [iU]/1mL 40 mL INJECTION PARENTERAL INJECTION,است,covered,نيست,False,خير,False,خير,False,1,نيست,False,بله,True,است,True,17176100,95.0,127793900,144970000,True,True,151
11954,CROMOLYN SODIUM 20 mg/1mL 20 mL SPRAY NASAL,است,covered,نيست,False,خير,False,خير,False,2,نيست,False,خير,False,نيست,False,731042,70.0,148958,880000,True,True,151
13291,"CEFTRIAXONE (AS SODIUM) 2 g INJECTION, POWDER, FOR SOLUTION PARENTERAL",است,covered,است,True,خير,False,خير,False,20,نيست,False,خير,False,نيست,False,40000,70.0,85393,125393,True,True,151
13879,"PACLITAXEL (ALBUMIN BAND) NANO 100 mg INJECTION, POWDER, FOR SUSPENSION PARENTERAL INJECTION",است,covered,نيست,False,خير,False,بله,True,طبق پرونده,است,True,بله,True,است,True,29000000,90.0,33000000,62000000,True,True,151
13898,OXYMETAZOLINE HYDROCHLORIDE 0.05% 20 mL SPRAY NASAL INHALATION,صرفا مشمول يارانه دولت,government_subsidy_only,نيست,False,خير,False,خير,False,5,نيست,False,خير,False,نيست,False,529087,0.0,370913,900000,True,True,151
13080,"BUDESONIDE 400 ug/1{dose} 100 {dose} POWDER, METERED RESPIRATORY",صرفا مشمول يارانه دولت,government_subsidy_only,نيست,False,خير,False,خير,False,2,نيست,False,بله,True,نيست,False,7271679,0.0,3418321,10690000,True,True,151
13957,ACETYLCYSTEINE 600 mg POWDER ORAL POWDER,است,covered,نيست,False,خير,False,خير,False,15,نيست,False,خير,False,نيست,False,90000,70.0,0,90000,True,True,151
13980,"RANOLAZINE 500 mg TABLET, EXTENDED RELEASE ORAL",صرفا مشمول يارانه دولت,government_subsidy_only,نيست,False,خير,False,خير,False,100,نيست,False,خير,False,نيست,False,110000,0.0,130000,240000,True,True,152
13992,RIFAXIMIN 200 mg TABLET ORAL,صرفا مشمول يارانه دولت,government_subsidy_only,نيست,False,خير,False,خير,False,60,نيست,False,خير,False,نيست,False,22000,0.0,29244,51244,True,True,152
13171,"CARGLUMIC ACID 200 mg TABLET, ORALLY DISINTEGRATING ORAL",صرفا مشمول يارانه دولت,government_subsidy_only,نيست,False,خير,False,بله,True,طبق پرونده,است,True,بله,True,است,True,4067200,0.0,10932800,15000000,True,True,152
12972,"CIPROFLOXACIN / DEXAMETHASONE 0.3 %/0.1 % SUSPENSION, DROPS AURICULAR (OTIC)",صرفا مشمول يارانه دولت,government_subsidy_only,نيست,False,خير,False,خير,False,3,نيست,False,خير,False,نيست,False,465819,0.0,9181,475000,True,True,152
11861,NAPHAZOLINE HYDROCHLORIDE 0.05% 20 mL SPRAY NASAL,صرفا مشمول يارانه دولت,government_subsidy_only,نيست,False,خير,False,خير,False,5,نيست,False,خير,False,نيست,False,570549,0.0,29451,600000,True,True,152
11871,"METOPROLOL SUCCINATE 47.5 mg TABLET, EXTENDED RELEASE ORAL TABLET",است,covered,نيست,False,خير,False,خير,False,400,است,True,خير,False,است,True,31980,70.0,18020,50000,True,True,152
11872,"METOPROLOL SUCCINATE 95 mg TABLET, EXTENDED RELEASE ORAL",است,covered,نيست,False,خير,False,خير,False,200,است,True,خير,False,است,True,38740,70.0,37260,76000,True,True,152
22891,AMPHOTERICIN B NANOLIPOSOMAL 0.4% 15 g GEL TOPICAL,صرفا مشمول يارانه دولت,government_subsidy_only,نيست,False,خير,False,خير,False,2,است,True,بله,True,است,True,2301100,0.0,338900,2640000,True,True,152
12280,"LEVOFLOXACIN HEMIHYDRATE 0.5% 0.5 mL SOLUTION, DROPS OPHTHALMIC",صرفا مشمول يارانه دولت,government_subsidy_only,نيست,False,خير,False,خير,False,5,نيست,False,خير,False,نيست,False,81827,0.0,5673,87500,True,True,152
12282,"OLOPATADINE (AS HYDROCHLORIDE) 0.1% 5 mL SOLUTION, DROPS OPHTHALMIC",صرفا مشمول يارانه دولت,government_subsidy_only,نيست,False,خير,False,خير,False,3,نيست,False,بله,True,نيست,False,504429,0.0,295571,800000,True,True,152
12297,AMLODIPINE (AS BESILATE) / ATORVASTATIN (AS CALCIUM) 5 mg/10 mg TABLET ORAL TABLET,است,covered,نيست,False,خير,False,خير,False,100,نيست,False,خير,False,است,True,13524,70.0,976,14500,True,True,153
12319,OXYMETAZOLINE HYDROCHLORIDE 0.05% 15 mL SPRAY NASAL INHALATION,صرفا مشمول يارانه دولت,government_subsidy_only,نيست,False,خير,False,خير,False,5,نيست,False,خير,False,نيست,False,438881,0.0,261119,700000,True,True,153
12322,EDROPHONIUM CHLORIDE 10 mg/1mL 1 mL INJECTION PARENTERAL,است,covered,نيست,False,خير,False,خير,False,10,است,True,بله,True,است,True,2040000,70.0,0,2040000,True,True,153
12112,LEVODOPA / CARBIDOPA / ENTACAPONE 150 mg/37.5 mg/200 mg TABLET ORAL,صرفا مشمول يارانه دولت,government_subsidy_only,نيست,False,خير,False,خير,False,100,نيست,False,بله,True,است,True,101500,0.0,68500,170000,True,True,153
11747,CLOTRIMAZOLE / BETAMETHASONE (AS DIPROPIONATE) 1 %/0.05 % 45 g CREAM TOPICAL,صرفا مشمول يارانه دولت,government_subsidy_only,نيست,False,خير,False,خير,False,3,نيست,False,خير,False,نيست,False,971696,0.0,308304,1280000,True,True,153
09606,DESMOPRESSIN (AS ACETATE) 60 ug TABLET SUBLINGUAL,است,covered,نيست,False,خير,False,خير,False,600,نيست,False,بله,True,نيست,False,310000,70.0,195000,505000,True,True,153
09607,DESMOPRESSIN (AS ACETATE) 120 ug TABLET SUBLINGUAL,است,covered,نيست,False,خير,False,خير,False,300,نيست,False,بله,True,نيست,False,704600,70.0,345400,1050000,True,True,153
09626,EPLERENONE 25 mg TABLET ORAL,است,covered,نيست,False,خير,False,خير,False,100,است,True,خير,False,است,True,94110,70.0,75890,170000,True,True,153
12540,"PANITUMUMAB 20 mg/1mL 5 mL INJECTION, SOLUTION, CONCENTRATE PARENTERAL INJECTION",است,covered,نيست,False,بله,True,بله,True,طبق پرونده,است,True,بله,True,است,True,32270000,90.0,70610000,102880000,True,True,153
12541,"PANITUMUMAB 20 mg/1mL 20 mL INJECTION, SOLUTION, CONCENTRATE PARENTERAL INJECTION",است,covered,نيست,False,بله,True,بله,True,طبق پرونده,است,True,بله,True,است,True,124256000,90.0,257204000,381460000,True,True,153
18002,TICAGRELOR 90 mg TABLET ORAL TABLET,صرفا مشمول يارانه دولت,government_subsidy_only,نيست,False,خير,False,خير,False,100,است,True,خير,False,است,True,171902,0.0,15098,187000,True,True,154
11725,NITROFURANTOIN 25 mg/5mL 240 mL SUSPENSION ORAL SUSPENTION,است,covered,نيست,False,خير,False,خير,False,3,نيست,False,بله,True,نيست,False,351000,70.0,0,351000,True,True,154
11734,KETOCONAZOLE 2% 20 mL LOTION TOPICAL,است,covered,نيست,False,خير,False,خير,False,5,نيست,False,خير,False,نيست,False,130378,70.0,13022,143400,True,True,154
12912,METRONIDAZOLE 500 mg SUPPOSITORY VAGINAL SUSPENTION,است,covered,نيست,False,خير,False,خير,False,100,است,True,خير,False,است,True,65725,70.0,4275,70000,True,True,154
14111,TRACE METAL COMBINATION (3) 10 mL INJECTION PARENTERAL INJECTION,صرفا مشمول يارانه دولت,government_subsidy_only,نيست,False,خير,False,خير,False,5,نيست,False,بله,True,نيست,False,2589035,0.0,1030965,3620000,True,True,154
14113,TRACE METAL COMBINATION (2-1) 10 mL INJECTION PARENTERAL INJECTION,صرفا مشمول يارانه دولت,government_subsidy_only,است,True,خير,False,خير,False,5,نيست,False,بله,True,نيست,False,844000,0.0,115000,959000,True,True,154
13199,ENALAPRIL MALEATE 2.5 mg TABLET ORAL,است,covered,نيست,False,خير,False,خير,False,200,نيست,False,خير,False,نيست,False,360,70.0,0,360,True,True,154
14860,AMLODIPINE (AS BESILATE) / VALSARTAN 5 mg/160 mg TABLET ORAL TABLET,است,covered,نيست,False,خير,False,خير,False,200,نيست,False,خير,False,است,True,61524,70.0,8476,70000,True,True,154
09586,LEVOTHYROXINE SODIUM 75 ug TABLET ORAL,است,covered,نيست,False,خير,False,خير,False,200,نيست,False,خير,False,نيست,False,27125,70.0,875,28000,True,True,154
09415,LIDOCAINE / PRILOCAINE 2.5 %/2.5 % 30 g CREAM TOPICAL CREAM,است,covered,نيست,False,خير,False,خير,False,5,نيست,False,خير,False,نيست,False,970000,70.0,0,970000,True,True,154
09417,PREGABALIN 100 mg CAPSULE ORAL,است,covered,نيست,False,خير,False,خير,False,100,نيست,False,خير,False,نيست,False,69000,0.0,0,69000,True,True,155
09437,CARBAMAZEPINE 100 mg/5mL 250 mL SUSPENSION ORAL,صرفا مشمول يارانه دولت,government_subsidy_only,نيست,False,خير,False,خير,False,3,نيست,False,خير,False,است,True,1128095,0.0,101905,1230000,True,True,155
09448,MONTELUKAST (AS SODIUM) 4 mg GRANULE ORAL,صرفا مشمول يارانه دولت,government_subsidy_only,نيست,False,خير,False,خير,False,200,نيست,False,خير,False,نيست,False,95856,0.0,14144,110000,True,True,155
08074,MIRTAZAPINE 30 mg TABLET ORAL,است,covered,نيست,False,خير,False,خير,False,100,نيست,False,خير,False,نيست,False,19200,70.0,28800,48000,True,True,155
07239,PREGABALIN 75 mg CAPSULE ORAL,است,covered,نيست,False,خير,False,خير,False,100,نيست,False,خير,False,نيست,False,58000,0.0,0,58000,True,True,155
09090,DROSPIRENONE / ETHINYLESTRADIOL 3 mg/0.03 mg TABLET ORAL,صرفا مشمول يارانه دولت,government_subsidy_only,نيست,False,خير,False,خير,False,84,نيست,False,خير,False,نيست,False,32037,0.0,2963,35000,True,True,155
07253,ZOLPIDEM TARTRATE 5 mg TABLET ORAL TABLET,صرفا مشمول يارانه دولت,government_subsidy_only,نيست,False,خير,False,خير,False,100,نيست,False,خير,False,نيست,False,12325,0.0,2175,14500,True,True,155
07854,ZONISAMIDE 50 mg CAPSULE ORAL CAPSULE,صرفا مشمول يارانه دولت,government_subsidy_only,نيست,False,خير,False,خير,False,100,نيست,False,خير,False,است,True,8200,0.0,6057,14257,True,True,155
06484,ESCITALOPRAM (AS OXALATE) 20 mg TABLET ORAL,است,covered,نيست,False,خير,False,خير,False,200,نيست,False,خير,False,نيست,False,32048,70.0,31952,64000,True,True,155
08828,BETAHISTINE DIHYDROCHLORIDE 16 mg TABLET ORAL,است,covered,نيست,False,خير,False,خير,False,100,نيست,False,خير,False,نيست,False,28462,70.0,9538,38000,True,True,155
08838,"KETOTIFEN (AS FUMARATE) 1 mg/1mL 15 mL SOLUTION, DROPS ORAL",صرفا مشمول يارانه دولت,government_subsidy_only,نيست,False,خير,False,خير,False,200,نيست,False,خير,False,نيست,False,29722,0.0,11678,41400,True,True,156
05917,MEMANTINE HYDROCHLORIDE 10 mg TABLET ORAL,صرفا مشمول يارانه دولت,government_subsidy_only,نيست,False,خير,False,خير,False,200,نيست,False,خير,False,نيست,False,18870,0.0,13130,32000,True,True,156
05923,"ESOMEPRAZOLE 40 mg TABLET, DELAYED RELEASE ORAL",صرفا مشمول يارانه دولت,government_subsidy_only,نيست,False,خير,False,خير,False,100,نيست,False,خير,False,نيست,False,23428,0.0,2072,25500,True,True,156
05932,PAROXETINE (AS HYDROCHLORIDE) 20 mg TABLET ORAL TABLET,صرفا مشمول يارانه دولت,government_subsidy_only,نيست,False,خير,False,خير,False,200,نيست,False,خير,False,نيست,False,24435,0.0,6565,31000,True,True,156
05934,SERTRALINE (AS HYDROCHLORIDE) 25 mg TABLET ORAL,صرفا مشمول يارانه دولت,government_subsidy_only,نيست,False,خير,False,خير,False,200,نيست,False,خير,False,نيست,False,13435,0.0,1065,14500,True,True,156
05951,ADULT COLD PREPARATIONS (4-3) 325 mg/5 mg/2 mg TABLET ORAL TABLET,است,covered,نيست,False,خير,False,خير,False,30,نيست,False,خير,False,نيست,False,5000,70.0,3260,8260,True,True,156
05962,IVERMECTIN 3 mg TABLET ORAL,صرفا مشمول يارانه دولت,government_subsidy_only,نيست,False,خير,False,خير,False,100,نيست,False,بله,True,نيست,False,192850,0.0,7150,200000,True,True,156
05966,"INFLUENZA VACCINE, INACTIVATED, TRIVALENT 1 {dose} INJECTION PARENTERAL INJECTION",صرفا مشمول صندوق صعب العلاج,صرفا مشمول صندوق صعب العلاج,نيست,False,خير,False,خير,False,1,است,True,بله,True,است,True,2965000,0.0,1,2965001,True,True,156
06184,ISOTRETINOIN 0.05% 30 g GEL TOPICAL,صرفا مشمول يارانه دولت,government_subsidy_only,نيست,False,خير,False,خير,False,5,نيست,False,خير,False,نيست,False,511000,0.0,74000,585000,True,True,156
05746,"DEXTROSE 5% 500 mL INJECTION, SOLUTION INTRAVENOUS INFUSION",است,covered,نيست,False,خير,False,خير,False,10,است,True,بله,True,است,True,1000000,70.0,0,1000000,True,True,156
05970,"DULOXETINE 60 mg CAPSULE, DELAYED RELEASE ORAL",است,covered,نيست,False,خير,False,خير,False,200,نيست,False,خير,False,نيست,False,132065,70.0,7935,140000,True,True,157
05973,LEVETIRACETAM 250 mg TABLET ORAL,صرفا مشمول يارانه دولت,government_subsidy_only,نيست,False,خير,False,خير,False,200,است,True,خير,False,است,True,39570,0.0,30430,70000,True,True,157
05974,LEFLUNOMIDE 20 mg TABLET ORAL,صرفا مشمول يارانه دولت,government_subsidy_only,نيست,False,خير,False,خير,False,100,نيست,False,بله,True,نيست,False,77854,0.0,62146,140000,True,True,157
05977,LEVETIRACETAM 500 mg TABLET ORAL,صرفا مشمول يارانه دولت,government_subsidy_only,نيست,False,خير,False,خير,False,200,نيست,False,خير,False,است,True,73070,0.0,51930,125000,True,True,157
05997,AZELAIC ACID 20% 30 g CREAM TOPICAL,صرفا مشمول يارانه دولت,government_subsidy_only,نيست,False,خير,False,خير,False,3,نيست,False,خير,False,نيست,False,754172,0.0,90828,845000,True,True,157
06028,ZOLPIDEM TARTRATE 10 mg TABLET ORAL TABLET,صرفا مشمول يارانه دولت,government_subsidy_only,نيست,False,خير,False,خير,False,100,نيست,False,خير,False,نيست,False,13758,0.0,3242,17000,True,True,157
08081,DORNASE ALFA (DESOXYRIBONUCLEASE) 1 mg/1mL 2.5 mL SOLUTION RESPIRATORY,است,covered,نيست,False,خير,False,بله,True,طبق پرونده,است,True,بله,True,است,True,3854000,70.0,4116000,7970000,True,True,157
08095,MISOPROSTOL 200 ug TABLET ORAL TABLET,صرفا مشمول يارانه دولت,government_subsidy_only,است,True,خير,False,بله,True,طبق پرونده,نيست,False,بله,True,نيست,False,731331,0.0,2669,734000,True,True,157
05775,"ALTEPLASE 50 mg INJECTION, POWDER, FOR SOLUTION PARENTERAL INJECTION",است,covered,است,True,خير,False,بله,True,طبق پرونده,نيست,False,بله,True,نيست,False,97041000,70.0,92959000,190000000,True,True,157
07760,PIMECROLIMUS 1% 15 g CREAM TOPICAL CREAM,صرفا مشمول يارانه دولت,government_subsidy_only,نيست,False,خير,False,خير,False,2,نيست,False,بله,True,نيست,False,3459523,0.0,780477,4240000,True,True,157
06599,TACROLIMUS 0.1% 30 g OINTMENT TOPICAL OINTMENT,صرفا مشمول يارانه دولت,government_subsidy_only,نيست,False,خير,False,خير,False,3,نيست,False,خير,False,است,True,1439881,0.0,1020119,2460000,True,True,158
08108,GEFITINIB 250 mg TABLET ORAL,صرفا مشمول يارانه دولت,government_subsidy_only,نيست,False,خير,False,بله,True,طبق پرونده,است,True,بله,True,نيست,False,734161,0.0,202839,937000,True,True,158
08127,"RISPERIDONE 25 mg INJECTION, POWDER, FOR SUSPENSION, EXTENDED RELEASE PARENTERAL",صرفا مشمول يارانه دولت,government_subsidy_only,نيست,False,خير,False,خير,False,2,نيست,False,بله,True,است,True,8600000,0.0,18730000,27330000,True,True,158
05421,PIMECROLIMUS 1% 30 g CREAM TOPICAL CREAM,صرفا مشمول يارانه دولت,government_subsidy_only,نيست,False,خير,False,خير,False,3,نيست,False,بله,True,نيست,False,10346786,0.0,1853214,12200000,True,True,158
05427,"OCTREOTIDE (AS ACETATE) 30 mg INJECTION, POWDER, FOR SUSPENSION, EXTENDED RELEASE PARENTERAL",است,covered,نيست,False,خير,False,بله,True,طبق پرونده,است,True,بله,True,است,True,66000000,90.0,24000000,90000000,True,True,158
05437,OSELTAMIVIR (AS PHOSPHATE) 75 mg CAPSULE ORAL CAPSULE,صرفا مشمول يارانه دولت,government_subsidy_only,نيست,False,خير,False,خير,False,20,نيست,False,بله,True,نيست,False,41000,0.0,99100,140100,True,True,158
08390,"FULVESTRANT 50 mg/1mL 5 mL INJECTION, SOLUTION PARENTERAL",صرفا مشمول يارانه دولت,government_subsidy_only,نيست,False,خير,False,خير,False,10,است,True,بله,True,است,True,25000000,0.0,85000000,110000000,True,True,158
08394,ATOMOXETINE HYDROCHLORIDE 10 mg CAPSULE ORAL,صرفا مشمول يارانه دولت,government_subsidy_only,نيست,False,خير,False,خير,False,100,نيست,False,بله,True,نيست,False,15040,0.0,3490,18530,True,True,158
09533,LEVETIRACETAM 1000 mg TABLET ORAL,صرفا مشمول يارانه دولت,government_subsidy_only,نيست,False,خير,False,خير,False,200,نيست,False,خير,False,است,True,112850,0.0,87150,200000,True,True,158
09534,LEVETIRACETAM 750 mg TABLET ORAL,صرفا مشمول يارانه دولت,government_subsidy_only,نيست,False,خير,False,خير,False,100,نيست,False,خير,False,نيست,False,55963,0.0,18037,74000,True,True,158
08525,PREGABALIN 300 mg CAPSULE ORAL,صرفا مشمول يارانه دولت,government_subsidy_only,نيست,False,خير,False,خير,False,100,نيست,False,خير,False,نيست,False,34048,0.0,15952,50000,True,True,159
08526,PREGABALIN 50 mg CAPSULE ORAL,است,covered,نيست,False,خير,False,خير,False,100,نيست,False,خير,False,نيست,False,48000,0.0,0,48000,True,True,159
08529,FLUCONAZOLE 2 mg/1mL 100 mL INJECTION PARENTERAL,صرفا مشمول يارانه دولت,government_subsidy_only,است,True,خير,False,خير,False,5,است,True,خير,False,است,True,771665,0.0,348335,1120000,True,True,159
07040,"OXALIPLATIN 5 mg/1mL 20 mL INJECTION, SOLUTION, CONCENTRATE PARENTERAL INJECTION",است,covered,نيست,False,خير,False,بله,True,طبق پرونده,است,True,بله,True,است,True,8619622,90.0,11380378,20000000,True,True,159
07041,"OXALIPLATIN 5 mg/1mL 10 mL INJECTION, SOLUTION, CONCENTRATE PARENTERAL INJECTION",است,covered,نيست,False,خير,False,بله,True,طبق پرونده,است,True,بله,True,است,True,5865700,90.0,5134300,11000000,True,True,159
07061,MELOXICAM 15 mg TABLET ORAL,است,covered,نيست,False,خير,False,خير,False,20,نيست,False,خير,False,نيست,False,44000,0.0,0,44000,True,True,159
05279,TINIDAZOLE 500 mg TABLET ORAL TABLET,است,covered,نيست,False,خير,False,خير,False,20,نيست,False,خير,False,نيست,False,60000,0.0,0,60000,True,True,159
07113,MOMETASONE FUROATE 0.1% 30 g CREAM TOPICAL,است,covered,نيست,False,خير,False,خير,False,3,نيست,False,خير,False,نيست,False,900000,0.0,0,900000,True,True,159
07115,"TOLTERODINE TARTRATE 4 mg CAPSULE, EXTENDED RELEASE ORAL CAPSULE",صرفا مشمول يارانه دولت,government_subsidy_only,نيست,False,خير,False,خير,False,100,نيست,False,خير,False,نيست,False,32000,0.0,10000,42000,True,True,159
07125,BISOPROLOL FUMARATE 5 mg TABLET ORAL,است,covered,نيست,False,خير,False,خير,False,100,نيست,False,خير,False,است,True,34000,70.0,0,34000,True,True,159
07129,ZALEPLON 10 mg CAPSULE ORAL CAPSULE,صرفا مشمول يارانه دولت,government_subsidy_only,نيست,False,خير,False,خير,False,60,نيست,False,خير,False,نيست,False,3000,0.0,4684,7684,True,True,160
08904,BISOPROLOL FUMARATE 10 mg TABLET ORAL,است,covered,نيست,False,خير,False,خير,False,60,نيست,False,خير,False,است,True,40000,70.0,0,40000,True,True,160
04256,DIHYDROTACHYSTEROL 0.25 mg/1mL 15 mL SOLUTION ORAL,است,covered,نيست,False,خير,False,خير,False,5,نيست,False,بله,True,نيست,False,950000,70.0,0,950000,True,True,160
08968,ESCITALOPRAM (AS OXALATE) 10 mg TABLET ORAL,است,covered,نيست,False,خير,False,خير,False,200,نيست,False,خير,False,نيست,False,27420,70.0,15580,43000,True,True,160
06043,MONTELUKAST (AS SODIUM) 10 mg TABLET ORAL TABLET,صرفا مشمول يارانه دولت,government_subsidy_only,نيست,False,خير,False,خير,False,50,نيست,False,خير,False,نيست,False,31925,0.0,18075,50000,True,True,160
08699,EPHEDRINE HYDROCHLORIDE 30 mg TABLET ORAL,است,covered,نيست,False,خير,False,بله,True,طبق پرونده,نيست,False,بله,True,است,True,2263000,70.0,2284000,4547000,True,True,160
06066,"MEDROXYPROGESTERONE ACETATE 150 mg/1mL 3.3 mL INJECTION, SUSPENSION PARENTERAL INJECTION",است,covered,نيست,False,خير,False,خير,False,10,نيست,False,بله,True,نيست,False,255000,70.0,0,255000,True,True,160
05728,"COAGULATION FACTOR VIII (HUMAN PLASMA DERIVED) 1000 [iU] INJECTION, POWDER, LYOPHILIZED, FOR SOLUTION PARENTERAL INJECTION",است,covered,نيست,False,خير,False,بله,True,طبق پرونده,نيست,False,بله,True,است,True,6100000,100.0,47246000,53346000,True,True,160
04954,GALANTAMINE (AS HYDROBROMIDE) 4 mg TABLET ORAL,صرفا مشمول يارانه دولت,government_subsidy_only,نيست,False,خير,False,خير,False,100,نيست,False,خير,False,نيست,False,114043,0.0,26957,141000,True,True,160
04955,GALANTAMINE (AS HYDROBROMIDE) 8 mg TABLET ORAL,صرفا مشمول يارانه دولت,government_subsidy_only,نيست,False,خير,False,خير,False,100,نيست,False,خير,False,نيست,False,44127,0.0,52573,96700,True,True,160
04956,GALANTAMINE (AS HYDROBROMIDE) 12 mg TABLET ORAL,صرفا مشمول يارانه دولت,government_subsidy_only,نيست,False,خير,False,خير,False,200,نيست,False,خير,False,نيست,False,54096,0.0,78604,132700,True,True,161
06438,"RABEPRAZOLE SODIUM 20 mg TABLET, DELAYED RELEASE ORAL",صرفا مشمول يارانه دولت,government_subsidy_only,نيست,False,خير,False,خير,False,100,نيست,False,خير,False,نيست,False,12248,0.0,2252,14500,True,True,161
06454,ROSUVASTATIN (AS CALCIUM) 10 mg TABLET ORAL,صرفا مشمول يارانه دولت,government_subsidy_only,نيست,False,خير,False,خير,False,100,نيست,False,خير,False,نيست,False,21000,0.0,10000,31000,True,True,161
08455,ESCITALOPRAM (AS OXALATE) 5 mg TABLET ORAL,است,covered,نيست,False,خير,False,خير,False,100,نيست,False,خير,False,نيست,False,19143,70.0,1857,21000,True,True,161
06735,"DUTASTERIDE 0.5 mg CAPSULE, LIQUID FILLED ORAL",صرفا مشمول يارانه دولت,government_subsidy_only,نيست,False,خير,False,خير,False,60,نيست,False,خير,False,نيست,False,80000,0.0,60000,140000,True,True,161
06754,DOMPERIDONE 10 mg TABLET ORAL,صرفا مشمول يارانه دولت,government_subsidy_only,نيست,False,خير,False,خير,False,100,نيست,False,خير,False,نيست,False,18380,0.0,2620,21000,True,True,161
06756,LEVOFLOXACIN 250 mg TABLET ORAL,صرفا مشمول يارانه دولت,government_subsidy_only,نيست,False,خير,False,خير,False,100,نيست,False,خير,False,نيست,False,26770,0.0,7230,34000,True,True,161
06788,ROSUVASTATIN (AS CALCIUM) 20 mg TABLET ORAL,صرفا مشمول يارانه دولت,government_subsidy_only,نيست,False,خير,False,خير,False,100,نيست,False,خير,False,نيست,False,25000,0.0,12000,37000,True,True,161
06459,NICORANDIL 10 mg TABLET ORAL TABLET,صرفا مشمول يارانه دولت,government_subsidy_only,نيست,False,خير,False,خير,False,100,نيست,False,خير,False,نيست,False,30000,0.0,15000,45000,True,True,161
06461,NICORANDIL 20 mg TABLET ORAL TABLET,صرفا مشمول يارانه دولت,government_subsidy_only,نيست,False,خير,False,خير,False,100,نيست,False,خير,False,نيست,False,47000,0.0,23000,70000,True,True,161
06165,"BUDESONIDE 3 mg CAPSULE, DELAYED RELEASE ORAL",است,covered,نيست,False,خير,False,خير,False,180,نيست,False,خير,False,نيست,False,1439,70.0,64561,66000,True,True,162
07183,LEVOFLOXACIN 500 mg TABLET ORAL,صرفا مشمول يارانه دولت,government_subsidy_only,نيست,False,خير,False,خير,False,50,نيست,False,خير,False,نيست,False,2863,0.0,97137,100000,True,True,162
07582,BICALUTAMIDE 150 mg TABLET ORAL TABLET,است,covered,نيست,False,خير,False,بله,True,طبق پرونده,است,True,بله,True,است,True,427000,70.0,123000,550000,True,True,162
08300,LINEZOLID 600 mg TABLET ORAL,صرفا مشمول يارانه دولت,government_subsidy_only,نيست,False,خير,False,بله,True,طبق پرونده,است,True,بله,True,است,True,39056,0.0,810944,850000,True,True,162
05657,EZETIMIBE 10 mg TABLET ORAL,صرفا مشمول يارانه دولت,government_subsidy_only,نيست,False,خير,False,خير,False,200,است,True,خير,False,است,True,30000,0.0,24000,54000,True,True,162
09203,MEMANTINE HYDROCHLORIDE 5 mg TABLET ORAL,صرفا مشمول يارانه دولت,government_subsidy_only,نيست,False,خير,False,خير,False,100,نيست,False,خير,False,نيست,False,22030,0.0,2770,24800,True,True,162
09245,"ACAMPROSATE 300 mg TABLET, DELAYED RELEASE ORAL",صرفا مشمول يارانه دولت,government_subsidy_only,نيست,False,خير,False,خير,False,100,نيست,False,خير,False,نيست,False,10000,0.0,24972,34972,True,True,162
07845,"DULOXETINE 30 mg CAPSULE, DELAYED RELEASE ORAL",است,covered,نيست,False,خير,False,خير,False,100,نيست,False,خير,False,نيست,False,84839,70.0,5161,90000,True,True,162
13413,IOPAMIDOL 370 mg/1mL 20 mL INJECTION PARENTERAL,است,covered,نيست,False,خير,False,خير,False,8,نيست,False,بله,True,است,True,2305312,70.0,319688,2625000,True,True,162
09248,"AZITHROMYCIN 500 mg INJECTION, POWDER, FOR SOLUTION PARENTERAL",است,covered,است,True,خير,False,خير,False,5,نيست,False,خير,False,است,True,1023960,70.0,626040,1650000,True,True,162
09255,AMLODIPINE (AS BESILATE) / ATORVASTATIN (AS CALCIUM) 5 mg/20 mg TABLET ORAL,است,covered,نيست,False,خير,False,خير,False,100,نيست,False,خير,False,است,True,13405,70.0,1595,15000,True,True,163
06968,BALANCED SALT SOLUTION (2) 500 mL SOLUTION OPHTHALMIC DROPS,است,covered,نيست,False,خير,False,خير,False,2,نيست,False,خير,False,نيست,False,300099,70.0,26001,326100,True,True,163
15142,CLINDAMYCIN (AS PHOSPHATE) 100 mg SUPPOSITORY VAGINAL,صرفا مشمول يارانه دولت,government_subsidy_only,نيست,False,خير,False,خير,False,50,نيست,False,خير,False,نيست,False,132424,0.0,97576,230000,True,True,163
15157,"TOCILIZUMAB 20 mg/1mL 20 mL INJECTION, SOLUTION, CONCENTRATE PARENTERAL INJECTION",است,covered,است,True,خير,False,خير,False,2,نيست,False,بله,True,است,True,65195676,90.0,9804324,75000000,True,True,163
07928,PREGABALIN 150 mg CAPSULE ORAL,است,covered,نيست,False,خير,False,خير,False,100,نيست,False,خير,False,نيست,False,78000,0.0,0,78000,True,True,163
11611,"VALPROATE SEMISODIUM 500 mg TABLET, DELAYED RELEASE ORAL TABLET",است,covered,نيست,False,خير,False,خير,False,250,نيست,False,خير,False,نيست,False,35911,70.0,39089,75000,True,True,163
06134,ATOMOXETINE HYDROCHLORIDE 40 mg CAPSULE ORAL,صرفا مشمول يارانه دولت,government_subsidy_only,نيست,False,خير,False,خير,False,200,نيست,False,بله,True,نيست,False,65000,0.0,25000,90000,True,True,163
06135,ATOMOXETINE HYDROCHLORIDE 18 mg CAPSULE ORAL,صرفا مشمول يارانه دولت,government_subsidy_only,نيست,False,خير,False,خير,False,200,نيست,False,بله,True,نيست,False,60000,0.0,15000,75000,True,True,163
06136,ATOMOXETINE HYDROCHLORIDE 25 mg CAPSULE ORAL,صرفا مشمول يارانه دولت,government_subsidy_only,نيست,False,خير,False,خير,False,200,نيست,False,بله,True,نيست,False,26260,0.0,53740,80000,True,True,163
04578,TOLTERODINE TARTRATE 1 mg TABLET ORAL TABLET,صرفا مشمول يارانه دولت,government_subsidy_only,نيست,False,خير,False,خير,False,100,نيست,False,خير,False,نيست,False,18000,0.0,7000,25000,True,True,163
04579,TOLTERODINE TARTRATE 2 mg TABLET ORAL TABLET,صرفا مشمول يارانه دولت,government_subsidy_only,نيست,False,خير,False,خير,False,100,نيست,False,خير,False,نيست,False,20000,0.0,10000,30000,True,True,164
07287,ATOMOXETINE HYDROCHLORIDE 60 mg CAPSULE ORAL,صرفا مشمول يارانه دولت,government_subsidy_only,نيست,False,خير,False,خير,False,100,نيست,False,بله,True,نيست,False,14500,0.0,25700,40200,True,True,164
03545,ZONISAMIDE 100 mg CAPSULE ORAL CAPSULE,صرفا مشمول يارانه دولت,government_subsidy_only,نيست,False,خير,False,خير,False,100,است,True,خير,False,است,True,8418,0.0,24582,33000,True,True,164
07467,MEDROXYPROGESTERONE ACETATE / ESTRADIOL CYPIONATE 50 mg/10 mg/1 mL 0.5 mL INJECTION PARENTERAL,صرفا مشمول يارانه دولت,government_subsidy_only,نيست,False,خير,False,خير,False,10,نيست,False,خير,False,نيست,False,585740,0.0,14260,600000,True,True,164
07468,KETOCONAZOLE 2% 100 mL SHAMPOO TOPICAL,صرفا مشمول يارانه دولت,government_subsidy_only,نيست,False,خير,False,خير,False,2,نيست,False,خير,False,نيست,False,387437,0.0,57863,445300,True,True,164
07502,MOMETASONE FUROATE 0.1% 30 mL LOTION TOPICAL,است,covered,نيست,False,خير,False,خير,False,3,نيست,False,خير,False,نيست,False,900000,0.0,0,900000,True,True,164
08209,BUDESONIDE 64 ug/1{dose} 120 {Puff} SPRAY NASAL,است,covered,نيست,False,خير,False,خير,False,2,نيست,False,بله,True,نيست,False,1546022,70.0,53978,1600000,True,True,164
09300,"CLARITHROMYCIN 250 mg/5 mL 60 mL POWDER, FOR SUSPENSION ORAL",صرفا مشمول يارانه دولت,government_subsidy_only,نيست,False,خير,False,خير,False,5,نيست,False,خير,False,نيست,False,1687400,0.0,612600,2300000,True,True,164
08358,FUSIDATE SODIUM 2% 15 g OINTMENT TOPICAL,صرفا مشمول يارانه دولت,government_subsidy_only,نيست,False,خير,False,خير,False,5,نيست,False,خير,False,نيست,False,269336,0.0,100664,370000,True,True,164
09141,ROPINIROLE (AS HYDROCHLORIDE) 0.5 mg TABLET ORAL,صرفا مشمول يارانه دولت,government_subsidy_only,نيست,False,خير,False,خير,False,200,نيست,False,خير,False,نيست,False,14986,0.0,1514,16500,True,True,164
08277,MOXIFLOXACIN (AS HYDROCHLORIDE) 400 mg TABLET ORAL,صرفا مشمول يارانه دولت,government_subsidy_only,نيست,False,خير,False,خير,False,20,نيست,False,خير,False,نيست,False,12454,0.0,287546,300000,True,True,165
09161,VALACYCLOVIR 500 mg TABLET ORAL TABLET,صرفا مشمول يارانه دولت,government_subsidy_only,نيست,False,خير,False,بله,True,طبق پرونده,است,True,خير,False,است,True,119954,0.0,40046,160000,True,True,165
07938,LEVOTHYROXINE SODIUM 25 ug TABLET ORAL,است,covered,نيست,False,خير,False,خير,False,200,نيست,False,خير,False,نيست,False,13952,70.0,548,14500,True,True,165
09709,MISOPROSTOL 100 ug TABLET ORAL,صرفا مشمول يارانه دولت,government_subsidy_only,است,True,خير,False,بله,True,طبق پرونده,نيست,False,بله,True,نيست,False,4400,0.0,1472,5872,True,True,165
06579,MODAFINIL 100 mg TABLET ORAL TABLET,صرفا مشمول يارانه دولت,government_subsidy_only,نيست,False,خير,False,خير,False,60,نيست,False,بله,True,نيست,False,44700,0.0,30300,75000,True,True,165
07315,ROSUVASTATIN (AS CALCIUM) 5 mg TABLET ORAL,صرفا مشمول يارانه دولت,government_subsidy_only,نيست,False,خير,False,خير,False,100,نيست,False,خير,False,نيست,False,17000,0.0,9000,26000,True,True,165
07316,ROSUVASTATIN (AS CALCIUM) 40 mg TABLET ORAL,صرفا مشمول يارانه دولت,government_subsidy_only,نيست,False,خير,False,خير,False,100,است,True,خير,False,است,True,33419,0.0,18581,52000,True,True,165
07319,MOMETASONE FUROATE 0.1% 30 g OINTMENT TOPICAL OINTMENT,است,covered,نيست,False,خير,False,خير,False,3,نيست,False,خير,False,نيست,False,900000,0.0,0,900000,True,True,165
06836,"SODIUM CHLORIDE 0.45% 250 mL INJECTION, SOLUTION PARENTERAL INJECTION",است,covered,نيست,False,خير,False,خير,False,10,نيست,False,بله,True,نيست,False,351130,70.0,398870,750000,True,True,165
06840,ZOLMITRIPTAN 2.5 mg TABLET ORAL TABLET,صرفا مشمول يارانه دولت,government_subsidy_only,نيست,False,خير,False,خير,False,20,نيست,False,خير,False,نيست,False,7300,0.0,9316,16616,True,True,165
07525,"OMALIZUMAB 150 mg INJECTION, POWDER, FOR SOLUTION PARENTERAL",صرفا مشمول يارانه دولت,government_subsidy_only,نيست,False,خير,False,بله,True,طبق پرونده,نيست,False,بله,True,است,True,6000000,0.0,15000000,21000000,True,True,166
05635,TIZANIDINE 4 mg TABLET ORAL TABLET,صرفا مشمول يارانه دولت,government_subsidy_only,نيست,False,خير,False,خير,False,50,نيست,False,خير,False,نيست,False,15067,0.0,8933,24000,True,True,166
05637,"INDAPAMIDE 1.5 mg TABLET, EXTENDED RELEASE ORAL",است,covered,نيست,False,خير,False,خير,False,100,است,True,خير,False,است,True,39124,70.0,25877,65001,True,True,166
06859,"VERTEPORFIN 15 mg INJECTION, POWDER, FOR SOLUTION PARENTERAL INJECTION",صرفا مشمول يارانه دولت,government_subsidy_only,است,True,خير,False,خير,False,1,نيست,False,بله,True,است,True,317519345,0.0,645638655,963158000,True,True,166
07543,"HEMODIALYSIS CONCENTRATED III 5 L SOLUTION, CONCENTRATE HEMODIALYSIS",است,covered,است,True,خير,False,بله,True,طبق پرونده,نيست,False,بله,True,نيست,False,3500000,100.0,0,3500000,True,True,166
07558,SOLIFENACIN SUCCINATE 5 mg TABLET ORAL TABLET,صرفا مشمول يارانه دولت,government_subsidy_only,نيست,False,خير,False,خير,False,100,نيست,False,خير,False,نيست,False,42466,0.0,7534,50000,True,True,166
07559,SOLIFENACIN SUCCINATE 10 mg TABLET ORAL TABLET,صرفا مشمول يارانه دولت,government_subsidy_only,نيست,False,خير,False,خير,False,100,نيست,False,خير,False,نيست,False,60600,0.0,29400,90000,True,True,166
06540,VITAMIN B2 (RIBOFLAVIN) 100 mg TABLET ORAL TABLET,صرفا مشمول صندوق صعب العلاج,صرفا مشمول صندوق صعب العلاج,نيست,False,خير,False,خير,False,5000,است,True,خير,False,است,True,22999,0.0,1,23000,True,True,166
08613,DASATINIB 70 mg TABLET ORAL TABLET,است,covered,نيست,False,خير,False,بله,True,طبق پرونده,است,True,بله,True,است,True,2817351,70.0,1682649,4500000,True,True,166
08620,VITAMIN B6 100 mg/1mL 3 mL INJECTION PARENTERAL INJECTION,است,covered,نيست,False,خير,False,خير,False,10,است,True,خير,False,است,True,296800,70.0,23200,320000,True,True,166
08636,OFLOXACIN 400 mg TABLET ORAL TABLET,است,covered,نيست,False,خير,False,خير,False,100,نيست,False,خير,False,نيست,False,8000,70.0,0,8000,True,True,167
18046,SALMETEROL (AS XINAFOATE) / FLUTICASONE PROPIONATE 50 ug/500 ug/1{dose} 60 {dose} DISC RESPIRATORY,است,covered,نيست,False,خير,False,خير,False,2,نيست,False,بله,True,است,True,26550000,70.0,1350000,27900000,True,True,167
18420,"ACETAMINOPHEN 150 mg/1mL 6.7 mL INJECTION, SOLUTION, CONCENTRATE INTRAVENOUS",است,covered,است,True,خير,False,خير,False,4,نيست,False,خير,False,نيست,False,700000,70.0,0,700000,True,True,167
18430,"DULOXETINE 20 mg CAPSULE, DELAYED RELEASE ORAL",است,covered,نيست,False,خير,False,خير,False,100,نيست,False,خير,False,نيست,False,65445,70.0,4555,70000,True,True,167
18435,"EPIRUBICIN HYDROCHLORIDE 2 mg/1mL 5 mL INJECTION, SOLUTION, CONCENTRATE PARENTERAL INJECTION",است,covered,نيست,False,خير,False,بله,True,طبق پرونده,است,True,بله,True,است,True,2802052,90.0,2697948,5500000,True,True,167
11622,TACROLIMUS 0.03% 30 g OINTMENT TOPICAL OINTMENT,صرفا مشمول يارانه دولت,government_subsidy_only,نيست,False,خير,False,خير,False,5,نيست,False,خير,False,است,True,612326,0.0,327574,939900,True,True,167
11636,"VALPROATE SEMISODIUM 125 mg TABLET, DELAYED RELEASE ORAL TABLET",صرفا مشمول يارانه دولت,government_subsidy_only,نيست,False,خير,False,خير,False,400,نيست,False,خير,False,نيست,False,12274,0.0,2226,14500,True,True,167
21942,LINEZOLID 400 mg TABLET ORAL,صرفا مشمول يارانه دولت,government_subsidy_only,نيست,False,خير,False,بله,True,طبق پرونده,است,True,بله,True,است,True,1,0.0,109084,109085,True,True,167
18964,OXYCODONE HYDROCHLORIDE 15 mg TABLET ORAL,صرفا مشمول يارانه دولت,government_subsidy_only,است,True,خير,False,خير,False,20,نيست,False,بله,True,نيست,False,34378,0.0,35622,70000,True,True,167
22419,"FACTOR VIII / VON WILLEBRAND FACTOR 1000 [iU]/1000 [iU] 1000 [iU] INJECTION, POWDER, LYOPHILIZED, FOR SOLUTION PARENTERAL INJECTION",است,covered,نيست,False,خير,False,بله,True,طبق پرونده,نيست,False,بله,True,است,True,8000000,100.0,0,8000000,True,True,167
22422,"LEUPRORELIN ACETATE 7.5 mg INJECTION, POWDER, FOR SUSPENSION, EXTENDED RELEASE PARENTERAL",است,covered,نيست,False,خير,False,خير,False,3,است,True,بله,True,است,True,13230000,90.0,1026000,14256000,True,True,168
22428,SITAGLIPTIN (AS PHOSPHATE) 50 mg TABLET ORAL,است,covered,نيست,False,خير,False,خير,False,100,نيست,False,خير,False,است,True,14383,70.0,40617,55000,True,True,168
22429,SITAGLIPTIN (AS PHOSPHATE) 25 mg TABLET ORAL,است,covered,نيست,False,خير,False,خير,False,100,نيست,False,خير,False,است,True,6936,70.0,23064,30000,True,True,168
20081,"AMINO ACID 10% (1) 500 mL INJECTION, SOLUTION INTRAVENOUS INFUSION",است,covered,نيست,False,خير,False,خير,False,5,نيست,False,بله,True,است,True,6435000,70.0,4665000,11100000,True,True,168
13245,"BENDAMUSTINE HYDROCHLORIDE 100 mg INJECTION, POWDER, FOR SOLUTION PARENTERAL INJECTION",است,covered,نيست,False,خير,False,بله,True,طبق پرونده,است,True,بله,True,است,True,25643300,70.0,4356700,30000000,True,True,168
17773,IMMUNE GLOBULIN 100 mg/1mL 50 mL INJECTION PARENTERAL INJECTION,است,covered,نيست,False,خير,False,بله,True,طبق پرونده,است,True,بله,True,است,True,11678000,90.0,32076000,43754000,True,True,168
17793,"BUDESONIDE 200 ug/1{dose} 200 {dose} POWDER, METERED RESPIRATORY",است,covered,نيست,False,خير,False,بله,True,طبق پرونده,نيست,False,بله,True,نيست,False,1639195,70.0,1863805,3503000,True,True,168
17803,"AZITHROMYCIN DIHYDRATE 1% 2.5 mL SOLUTION, DROPS OPHTHALMIC",صرفا مشمول يارانه دولت,government_subsidy_only,نيست,False,خير,False,خير,False,3,نيست,False,خير,False,نيست,False,738335,0.0,11665,750000,True,True,168
18649,INSULIN BIPHASIC ISOPHANE 70 %/30 % 3 mL INJECTION PARENTERAL INJECTION,است,covered,نيست,False,خير,False,خير,False,12,نيست,False,بله,True,است,True,426000,90.0,184000,610000,True,True,168
13016,"SODIUM CHLORIDE 0.9% 100 mL INJECTION, SOLUTION PARENTERAL",است,covered,نيست,False,خير,False,خير,False,5,نيست,False,خير,False,نيست,False,611780,70.0,88220,700000,True,True,168
13022,TOBRAMYCIN (AS SULFATE) 50 mg/1mL 2 mL INJECTION PARENTERAL INJECTION,است,covered,است,True,خير,False,خير,False,10,نيست,False,بله,True,است,True,117000,70.0,889000,1006000,True,True,169
13060,L-CARNITINE 100 mg/1mL 120 mL SOLUTION ORAL SOLUTION,است,covered,نيست,False,خير,False,خير,False,5,نيست,False,خير,False,است,True,730000,70.0,0,730000,True,True,169
20203,"RIZATRIPTAN (AS BENZOATE) 10 mg TABLET, ORALLY DISINTEGRATING ORAL",صرفا مشمول يارانه دولت,government_subsidy_only,نيست,False,خير,False,خير,False,20,نيست,False,خير,False,نيست,False,79000,0.0,53000,132000,True,True,169
20307,"CO-AMOXICLAV 600 mg/42.9 mg/5mL 75 mL POWDER, FOR SUSPENSION ORAL SUSPENTION",است,covered,نيست,False,خير,False,خير,False,3,نيست,False,خير,False,نيست,False,1393400,70.0,256600,1650000,True,True,169
20686,"DOBUTAMINE (AS HYDROCHLORIDE) 12.5 mg/1mL 20 mL INJECTION, SOLUTION INTRAVENOUS",است,covered,است,True,خير,False,خير,False,10,نيست,False,بله,True,است,True,2240000,70.0,960000,3200000,True,True,169
17831,MAGNESIUM SULFATE 10% 10 mL INJECTION PARENTERAL INJECTION,است,covered,نيست,False,خير,False,خير,False,10,نيست,False,بله,True,نيست,False,440000,70.0,0,440000,True,True,169
17832,MAGNESIUM SULFATE 20% 50 mL INJECTION PARENTERAL INJECTION,است,covered,نيست,False,خير,False,خير,False,10,نيست,False,بله,True,نيست,False,872460,70.0,627540,1500000,True,True,169
16303,SITAGLIPTIN (AS PHOSPHATE) 100 mg TABLET ORAL,است,covered,نيست,False,خير,False,خير,False,100,نيست,False,خير,False,است,True,28811,70.0,51189,80000,True,True,169
16320,"LEVOFLOXACIN 5 mg/1mL 100 mL INJECTION, SOLUTION INTRAVENOUS",است,covered,است,True,خير,False,خير,False,10,نيست,False,خير,False,نيست,False,1500000,0.0,0,1500000,True,True,169
15589,SUMATRIPTAN (AS SUCCINATE) / NAPROXEN 85 mg/500 mg TABLET ORAL,صرفا مشمول يارانه دولت,government_subsidy_only,نيست,False,خير,False,خير,False,20,نيست,False,خير,False,نيست,False,133000,0.0,57000,190000,True,True,169
17886,"VANCOMYCIN (AS HYDROCHLORIDE) 1 g INJECTION, POWDER, FOR SOLUTION PARENTERAL INJECTION",است,covered,است,True,خير,False,خير,False,10,نيست,False,بله,True,است,True,676930,70.0,1723070,2400000,True,True,170
16112,"METOPROLOL SUCCINATE 23.75 mg TABLET, EXTENDED RELEASE ORAL",است,covered,نيست,False,خير,False,خير,False,400,است,True,خير,False,است,True,37000,70.0,0,37000,True,True,170
18084,"DENOSUMAB 60 mg/1mL 1 mL INJECTION, SOLUTION PARENTERAL",صرفا مشمول يارانه دولت,government_subsidy_only,نيست,False,خير,False,خير,False,1,نيست,False,بله,True,است,True,50275225,0.0,24724775,75000000,True,True,170
18333,CARBOPROST 250 ug/1mL 1 mL INJECTION INTRAMUSCULAR,صرفا مشمول يارانه دولت,government_subsidy_only,است,True,خير,False,خير,False,5000,نيست,False,بله,True,است,True,2433000,0.0,6747000,9180000,True,True,170
19926,"AMINO ACID 5% WITH ELECTROLYTE 500 mL INJECTION, SOLUTION INTRAVENOUS INFUSION",است,covered,نيست,False,خير,False,خير,False,5,نيست,False,بله,True,است,True,6895000,70.0,8215000,15110000,True,True,170
21832,ACETAMINOPHEN / DIPHENHYDRAMINE / PHENYLEPHRINE 160 mg/12.5 mg/2.5 mg/5mL 60 mL SYRUP ORAL,صرفا مشمول يارانه دولت,government_subsidy_only,نيست,False,خير,False,خير,False,3,نيست,False,خير,False,نيست,False,385000,0.0,165000,550000,True,True,170
17581,"DEXMEDETOMIDINE (AS HYDROCHLORIDE) 100 ug/1mL 2 mL INJECTION, SOLUTION, CONCENTRATE PARENTERAL",صرفا مشمول يارانه دولت,government_subsidy_only,است,True,خير,False,خير,False,5,نيست,False,بله,True,است,True,1137290,0.0,862710,2000000,True,True,170
17597,RIVAROXABAN 10 mg TABLET ORAL,است,covered,نيست,False,خير,False,خير,False,100,نيست,False,بله,True,نيست,False,90050,70.0,9950,100000,True,True,170
11472,BISOPROLOL FUMARATE 2.5 mg TABLET ORAL,است,covered,نيست,False,خير,False,خير,False,120,است,True,خير,False,است,True,13514,70.0,16487,30001,True,True,170
11481,"LATANOPROST / TIMOLOL (AS MALEATE) 50 ug/5 mg/1mL 2.5 mL SOLUTION, DROPS OPHTHALMIC",است,covered,نيست,False,خير,False,خير,False,5,نيست,False,خير,False,نيست,False,671502,70.0,528498,1200000,True,True,170
17833,SODIUM BICARBONATE 7.5% 50 mL INJECTION PARENTERAL INFUSION,است,covered,نيست,False,خير,False,خير,False,60,نيست,False,بله,True,نيست,False,1266200,70.0,433800,1700000,True,True,171
10783,SUMATRIPTAN (AS SUCCINATE) 12 mg/1mL 0.5 mL INJECTION PARENTERAL INJECTION,صرفا مشمول يارانه دولت,government_subsidy_only,نيست,False,خير,False,خير,False,10,نيست,False,خير,False,نيست,False,721800,0.0,228200,950000,True,True,171
22698,TERIFLUNOMIDE 14 mg TABLET ORAL TABLET,است,covered,نيست,False,خير,False,بله,True,طبق پرونده,است,True,بله,True,است,True,710908,90.0,229092,940000,True,True,171
12482,LEVODOPA / CARBIDOPA / ENTACAPONE 50 mg/12.5 mg/200 mg TABLET ORAL,صرفا مشمول يارانه دولت,government_subsidy_only,نيست,False,خير,False,خير,False,200,نيست,False,بله,True,است,True,60000,0.0,40000,100000,True,True,171
16641,"LEVETIRACETAM 100 mg/1mL 5 mL INJECTION, SOLUTION, CONCENTRATE PARENTERAL",صرفا مشمول يارانه دولت,government_subsidy_only,نيست,False,خير,False,خير,False,5,نيست,False,خير,False,است,True,736727,0.0,63273,800000,True,True,171
09637,VALSARTAN / HYDROCHLOROTHIAZIDE 80 mg/12.5 mg TABLET ORAL TABLET,است,covered,نيست,False,خير,False,خير,False,200,است,True,خير,False,است,True,26008,70.0,23992,50000,True,True,171
09638,VALSARTAN / HYDROCHLOROTHIAZIDE 160 mg/25 mg TABLET ORAL TABLET,است,covered,نيست,False,خير,False,خير,False,200,نيست,False,خير,False,است,True,31830,70.0,39170,71000,True,True,171
09642,VALSARTAN / HYDROCHLOROTHIAZIDE 160 mg/12.5 mg TABLET ORAL TABLET,است,covered,نيست,False,خير,False,خير,False,200,نيست,False,خير,False,است,True,28726,70.0,40274,69000,True,True,171
09644,EPLERENONE 50 mg TABLET ORAL,است,covered,نيست,False,خير,False,خير,False,100,است,True,خير,False,است,True,187933,70.0,112067,300000,True,True,171
14532,"EPIRUBICIN HYDROCHLORIDE 2 mg/1mL 25 mL INJECTION, SOLUTION, CONCENTRATE PARENTERAL INJECTION",است,covered,نيست,False,خير,False,بله,True,طبق پرونده,است,True,بله,True,است,True,11864950,90.0,11135050,23000000,True,True,171
13743,LAMIVUDINE / ZIDOVUDINE 150 mg/300 mg TABLET ORAL,صرفا مشمول يارانه دولت,government_subsidy_only,نيست,False,خير,False,بله,True,طبق پرونده,نيست,False,بله,True,نيست,False,20500,0.0,35339,55839,True,True,172
22925,"DIMETHYL FUMARATE 120 mg CAPSULE, DELAYED RELEASE ORAL",است,covered,نيست,False,خير,False,بله,True,طبق پرونده,است,True,بله,True,است,True,180153,90.0,64847,245000,True,True,172
22926,"DIMETHYL FUMARATE 240 mg CAPSULE, DELAYED RELEASE ORAL",است,covered,نيست,False,خير,False,بله,True,طبق پرونده,است,True,بله,True,است,True,330560,90.0,109440,440000,True,True,172
14495,"ACETAMINOPHEN 10 mg/1mL 50 mL INJECTION, SOLUTION INTRAVENOUS",است,covered,است,True,خير,False,خير,False,8,نيست,False,خير,False,نيست,False,400000,70.0,0,400000,True,True,172
10284,CLOTRIMAZOLE / BETAMETHASONE (AS DIPROPIONATE) 1 %/0.05 % 30 mL LOTION TOPICAL,است,covered,نيست,False,خير,False,خير,False,5,نيست,False,خير,False,نيست,False,771226,70.0,188774,960000,True,True,172
19736,"RISPERIDONE 37.5 mg INJECTION, POWDER, FOR SUSPENSION, EXTENDED RELEASE PARENTERAL",صرفا مشمول يارانه دولت,government_subsidy_only,نيست,False,خير,False,خير,False,2,نيست,False,بله,True,است,True,11481400,0.0,25138600,36620000,True,True,172
22856,RIVAROXABAN 20 mg TABLET ORAL,است,covered,نيست,False,خير,False,خير,False,100,نيست,False,بله,True,نيست,False,115591,70.0,34409,150000,True,True,172
22867,SOFOSBUVIR 400 mg TABLET ORAL TABLET,است,covered,نيست,False,خير,False,بله,True,طبق پرونده,نيست,False,بله,True,است,True,84500,70.0,0,84500,True,True,172
22646,AFLIBERCEPT 40 mg/1mL 0.1 mL INJECTION PARENTERAL INJECTION,صرفا مشمول يارانه دولت,government_subsidy_only,نيست,False,خير,False,بله,True,طبق پرونده,است,True,بله,True,است,True,31440000,0.0,30000000,61440000,True,True,172
22666,"LIRAGLUTIDE 6 mg/1mL 3 mL INJECTION, SOLUTION PARENTERAL INJECTION",است,covered,نيست,False,خير,False,بله,True,طبق پرونده,نيست,False,بله,True,است,True,17661800,70.0,7338200,25000000,True,True,172
13573,KETOROLAC TROMETAMOL 10 mg TABLET ORAL,صرفا مشمول يارانه دولت,government_subsidy_only,نيست,False,خير,False,خير,False,50,نيست,False,خير,False,نيست,False,20248,0.0,752,21000,True,True,173
22141,RIFAXIMIN 550 mg TABLET ORAL,صرفا مشمول يارانه دولت,government_subsidy_only,نيست,False,خير,False,خير,False,120,نيست,False,خير,False,نيست,False,160212,0.0,79788,240000,True,True,173
11281,"HYDROCORTISONE / ACETIC ACID 1 %/2 % 10 mL SOLUTION, DROPS AURICULAR (OTIC)",صرفا مشمول يارانه دولت,government_subsidy_only,نيست,False,خير,False,خير,False,3,نيست,False,خير,False,نيست,False,306370,0.0,18630,325000,True,True,173
13583,DABIGATRAN ETEXILATE (AS MESYLATE) 110 mg CAPSULE ORAL,صرفا مشمول يارانه دولت,government_subsidy_only,نيست,False,خير,False,خير,False,100,نيست,False,خير,False,نيست,False,47000,0.0,64034,111034,True,True,173
13584,DABIGATRAN ETEXILATE (AS MESYLATE) 75 mg CAPSULE ORAL,صرفا مشمول يارانه دولت,government_subsidy_only,نيست,False,خير,False,خير,False,100,نيست,False,خير,False,نيست,False,32000,0.0,43658,75658,True,True,173
22689,MAGNESIUM SULFATE 50% 50 mL INJECTION PARENTERAL INJECTION,است,covered,نيست,False,خير,False,خير,False,10,نيست,False,بله,True,نيست,False,801830,70.0,698170,1500000,True,True,173
17672,GEMIFLOXACIN 320 mg TABLET ORAL,صرفا مشمول يارانه دولت,government_subsidy_only,نيست,False,خير,False,خير,False,20,نيست,False,خير,False,نيست,False,34000,0.0,134100,168100,True,True,173
17675,TIROFIBAN 0.25 mg/1mL 50 mL INJECTION PARENTERAL INJECTION,است,covered,است,True,خير,False,خير,False,1,نيست,False,بله,True,است,True,1228500,70.0,0,1228500,True,True,173
17677,CALCIPOTRIOL / BETAMETHASONE DIPROPIONATE 0.005 %/0.064 % 30 g OINTMENT TOPICAL,صرفا مشمول يارانه دولت,government_subsidy_only,نيست,False,خير,False,خير,False,3,نيست,False,خير,False,است,True,4495000,0.0,2405000,6900000,True,True,173
23027,PAROXETINE (AS HYDROCHLORIDE) 40 mg TABLET ORAL TABLET,است,covered,نيست,False,خير,False,خير,False,100,نيست,False,خير,False,نيست,False,29173,70.0,15827,45000,True,True,173
23052,CLINDAMYCIN (AS PHOSPHATE) / CLOTRIMAZOLE 2 %/2 % 40 g CREAM VAGINAL,صرفا مشمول يارانه دولت,government_subsidy_only,نيست,False,خير,False,خير,False,3,نيست,False,خير,False,نيست,False,1164300,0.0,675700,1840000,True,True,174
12847,LENALIDOMIDE 25 mg CAPSULE ORAL,صرفا مشمول يارانه دولت,government_subsidy_only,نيست,False,خير,False,بله,True,طبق پرونده,است,True,بله,True,است,True,1203560,0.0,1246440,2450000,True,True,174
16775,TOBRAMYCIN 75 mg/1mL 4 mL SOLUTION RESPIRATORY INHALATION,است,covered,نيست,False,خير,False,بله,True,طبق پرونده,است,True,بله,True,است,True,1640000,70.0,1500000,3140000,True,True,174
10691,AMLODIPINE (AS BESILATE) 10 mg TABLET ORAL TABLET,است,covered,نيست,False,خير,False,خير,False,100,نيست,False,خير,False,است,True,25000,70.0,0,25000,True,True,174
19431,DILTIAZEM HYDROCHLORIDE 2% 30 g GEL TOPICAL,است,covered,نيست,False,خير,False,خير,False,2,نيست,False,بله,True,نيست,False,560495,70.0,24505,585000,True,True,174
19438,DABIGATRAN ETEXILATE (AS MESYLATE) 150 mg CAPSULE ORAL,صرفا مشمول يارانه دولت,government_subsidy_only,نيست,False,خير,False,خير,False,30,نيست,False,خير,False,نيست,False,64000,0.0,87316,151316,True,True,174
19418,"GLICLAZIDE 60 mg TABLET, EXTENDED RELEASE ORAL TABLET",است,covered,نيست,False,خير,False,خير,False,200,نيست,False,خير,False,نيست,False,34298,70.0,15702,50000,True,True,174
12199,PREGABALIN 200 mg CAPSULE ORAL,صرفا مشمول يارانه دولت,government_subsidy_only,نيست,False,خير,False,خير,False,100,نيست,False,خير,False,نيست,False,20364,0.0,10416,30780,True,True,174
19472,CYPROHEPTADINE HYDROCHLORIDE 2 mg/5mL 60 mL SOLUTION ORAL,صرفا مشمول يارانه دولت,government_subsidy_only,نيست,False,خير,False,خير,False,2,نيست,False,خير,False,نيست,False,200216,0.0,14284,214500,True,True,174
09946,EFAVIRENZ 600 mg TABLET ORAL,صرفا مشمول يارانه دولت,government_subsidy_only,نيست,False,خير,False,خير,False,100,نيست,False,بله,True,نيست,False,22600,0.0,30416,53016,True,True,174
14254,"ACETAMINOPHEN 10 mg/1mL 100 mL INJECTION, SOLUTION INTRAVENOUS",است,covered,است,True,خير,False,خير,False,4,نيست,False,خير,False,نيست,False,1040000,70.0,560000,1600000,True,True,175
10014,"ISOSORBIDE MONONITRATE 50 mg CAPSULE, EXTENDED RELEASE ORAL",است,covered,نيست,False,خير,False,خير,False,200,نيست,False,خير,False,نيست,False,39832,70.0,1168,41000,True,True,175
10029,"PANTOPRAZOLE (AS SODIUM SESQUIHYDRATE) 40 mg CAPSULE, DELAYED RELEASE ORAL",است,covered,نيست,False,خير,False,خير,False,100,نيست,False,خير,False,نيست,False,42000,0.0,0,42000,True,True,175
10031,"PANTOPRAZOLE (AS SODIUM SESQUIHYDRATE) 20 mg CAPSULE, DELAYED RELEASE ORAL CAPSULE",صرفا مشمول يارانه دولت,government_subsidy_only,نيست,False,خير,False,خير,False,100,نيست,False,خير,False,نيست,False,16894,0.0,1856,18750,True,True,175
10058,LEFLUNOMIDE 10 mg TABLET ORAL,صرفا مشمول يارانه دولت,government_subsidy_only,نيست,False,خير,False,خير,False,100,نيست,False,بله,True,نيست,False,65378,0.0,54622,120000,True,True,175
10064,VALACYCLOVIR 1000 mg TABLET ORAL TABLET,صرفا مشمول يارانه دولت,government_subsidy_only,نيست,False,خير,False,بله,True,طبق پرونده,است,True,خير,False,است,True,241882,0.0,78118,320000,True,True,175
20184,SALMETEROL (AS XINAFOATE) / FLUTICASONE PROPIONATE 50 ug/250 ug/1{dose} 60 {dose} DISC RESPIRATORY,است,covered,نيست,False,خير,False,خير,False,2,نيست,False,بله,True,است,True,9800000,70.0,8000000,17800000,True,True,175
20185,SALMETEROL (AS XINAFOATE) / FLUTICASONE PROPIONATE 50 ug/100 ug/1{dose} 60 {dose} DISC RESPIRATORY,است,covered,نيست,False,خير,False,خير,False,2,نيست,False,بله,True,است,True,511200,70.0,2410800,2922000,True,True,175
09747,"TEICOPLANIN 200 mg INJECTION, POWDER, FOR SOLUTION PARENTERAL INJECTION",صرفا مشمول يارانه دولت,government_subsidy_only,است,True,خير,False,خير,False,10,نيست,False,بله,True,است,True,1145020,0.0,184680,1329700,True,True,175
11156,LOPINAVIR / RITONAVIR 200 mg/50 mg TABLET ORAL TABLET,است,covered,است,True,خير,False,خير,False,56,نيست,False,بله,True,نيست,False,35550,70.0,68934,104484,True,True,175
19797,LEVOFLOXACIN 750 mg TABLET ORAL,صرفا مشمول يارانه دولت,government_subsidy_only,نيست,False,خير,False,خير,False,20,نيست,False,خير,False,نيست,False,4247,0.0,135753,140000,True,True,176
10635,OXYCODONE HYDROCHLORIDE 5 mg TABLET ORAL TABLET,صرفا مشمول يارانه دولت,government_subsidy_only,است,True,خير,False,خير,False,60,نيست,False,بله,True,نيست,False,18164,0.0,21636,39800,True,True,176
10665,AMLODIPINE (AS BESILATE) 2.5 mg TABLET ORAL,است,covered,نيست,False,خير,False,خير,False,200,است,True,خير,False,است,True,21000,70.0,0,21000,True,True,176
10666,ENALAPRIL MALEATE 10 mg TABLET ORAL,است,covered,نيست,False,خير,False,خير,False,300,نيست,False,خير,False,نيست,False,15000,70.0,0,15000,True,True,176
11405,CHORIOGONADOTROPIN ALFA 500 ug/1mL 0.5 mL INJECTION PARENTERAL INJECTION,صرفا مشمول يارانه دولت,government_subsidy_only,نيست,False,خير,False,خير,False,15,نيست,False,بله,True,است,True,824000,0.0,4116000,4940000,True,True,176
11407,"ALTEPLASE 10 mg INJECTION, POWDER, FOR SOLUTION PARENTERAL INJECTION",است,covered,است,True,خير,False,خير,False,1,نيست,False,بله,True,نيست,False,11144440,70.0,35445560,46590000,True,True,176
11416,"RANIBIZUMAB 10 mg/1mL 1 mL INJECTION, SOLUTION PARENTERAL",صرفا مشمول يارانه دولت,government_subsidy_only,نيست,False,خير,False,بله,True,طبق پرونده,نيست,False,بله,True,است,True,15654080,0.0,26175920,41830000,True,True,176
11441,HYDROXYPROGESTERONE CAPROATE 250 mg/1mL 2 mL INJECTION PARENTERAL INJECTION,است,covered,نيست,False,خير,False,خير,False,5,نيست,False,بله,True,نيست,False,571175,90.0,78825,650000,True,True,176
15068,"SALBUTAMOL (AS SULFATE) 100 ug/1{dose} 200 {dose} SPRAY, METERED RESPIRATORY INHALATION",است,covered,نيست,False,خير,False,خير,False,2,نيست,False,خير,False,نيست,False,1026607,70.0,73393,1100000,True,True,176
14710,CALCITRIOL 1 ug/1mL INJECTION PARENTERAL INJECTION,است,covered,نيست,False,خير,False,بله,True,طبق پرونده,نيست,False,بله,True,است,True,300000,70.0,0,300000,True,True,176
23124,KETOROLAC TROMETAMOL 15 mg/1mL 1 mL INJECTION PARENTERAL,است,covered,است,True,خير,False,خير,False,5,نيست,False,خير,False,نيست,False,533600,70.0,16400,550000,True,True,177
11458,"KETOROLAC TROMETAMOL 0.5% 5 mL SOLUTION, DROPS OPHTHALMIC",صرفا مشمول يارانه دولت,government_subsidy_only,نيست,False,خير,False,خير,False,5,نيست,False,خير,False,نيست,False,486796,0.0,13204,500000,True,True,177
16844,"METFORMIN HYDROCHLORIDE 750 mg TABLET, EXTENDED RELEASE ORAL",است,covered,نيست,False,خير,False,خير,False,200,نيست,False,خير,False,نيست,False,25000,70.0,35000,60000,True,True,177
16845,"METFORMIN HYDROCHLORIDE 1000 mg TABLET, EXTENDED RELEASE ORAL TABLET",است,covered,نيست,False,خير,False,خير,False,200,نيست,False,خير,False,نيست,False,30000,70.0,45000,75000,True,True,177
10730,"COLISTIMETHATE SODIUM 1000000 [iU] INJECTION, POWDER, FOR SOLUTION PARENTERAL",صرفا مشمول يارانه دولت,government_subsidy_only,است,True,خير,False,خير,False,10,است,True,بله,True,است,True,1100000,0.0,1300000,2400000,True,True,177
22018,"DENOSUMAB 120 mg/1.7mL 1.7 mL INJECTION, SOLUTION PARENTERAL",صرفا مشمول يارانه دولت,government_subsidy_only,نيست,False,خير,False,بله,True,طبق پرونده,نيست,False,بله,True,است,True,2000000,0.0,80000000,82000000,True,True,177
12741,ENTECAVIR 1 mg TABLET ORAL,صرفا مشمول يارانه دولت,government_subsidy_only,نيست,False,خير,False,بله,True,طبق پرونده,نيست,False,بله,True,نيست,False,46000,0.0,59272,105272,True,True,177
10757,"CIPROFLOXACIN (AS LACTATE) 2 mg/1mL 100 mL INJECTION, SOLUTION INTRAVENOUS",است,covered,است,True,خير,False,خير,False,10,است,True,بله,True,است,True,773389,70.0,526611,1300000,True,True,177
10083,"DEXTROSE 10% 250 mL INJECTION, SOLUTION INTRAVENOUS",است,covered,نيست,False,خير,False,خير,False,10,است,True,بله,True,است,True,411710,70.0,388290,800000,True,True,177
52044,DEXMEDETOMIDINE (AS HYDROCHLORIDE) 4 ug/1mL 100 mL INJECTION PARENTERAL,صرفا مشمول يارانه دولت,government_subsidy_only,است,True,خير,False,خير,False,5,نيست,False,بله,True,است,True,1969900,0.0,492500,2462400,True,True,177
52058,PORACTANT ALFA 80 mg/1mL 1.5 mL INJECTION ENDOTRACHEAL,است,covered,است,True,خير,False,خير,False,1,نيست,False,بله,True,نيست,False,0,70.0,0,0,True,True,178
52062,"CORIFOLLITROPIN ALFA 200 ug/1mL 0.5 mL INJECTION, SOLUTION PARENTERAL",است,covered,نيست,False,بله,True,خير,False,1,نيست,False,بله,True,است,True,0,70.0,0,0,True,True,178
52120,"METHOTREXATE 50 mg/1mL 0.4 mL INJECTION, SOLUTION PARENTERAL INJECTION",است,covered,نيست,False,خير,False,خير,False,10,است,True,بله,True,است,True,780000,90.0,0,780000,True,True,178
52122,"METHOTREXATE 50 mg/1mL 0.5 mL INJECTION, SOLUTION PARENTERAL INJECTION",است,covered,نيست,False,خير,False,خير,False,10,است,True,بله,True,است,True,1065000,90.0,0,1065000,True,True,178
52239,EMPAGLIFLOZIN / LINAGLIPTIN 10 mg/5 mg TABLET ORAL,است,covered,نيست,False,خير,False,خير,False,100,نيست,False,خير,False,است,True,69590,70.0,13700,83290,True,True,178
50539,"TACROLIMUS 3 mg CAPSULE, EXTENDED RELEASE ORAL CAPSULE",است,covered,نيست,False,خير,False,بله,True,طبق پرونده,نيست,False,بله,True,است,True,199000,70.0,682000,881000,True,True,178
50541,"LEUPRORELIN ACETATE 45 mg INJECTION, POWDER, FOR SUSPENSION, EXTENDED RELEASE PARENTERAL",است,covered,نيست,False,خير,False,خير,False,1,نيست,False,بله,True,است,True,13500000,70.0,0,13500000,True,True,178
24097,PIRFENIDONE 200 mg TABLET ORAL TABLET,صرفا مشمول يارانه دولت,government_subsidy_only,نيست,False,خير,False,بله,True,طبق پرونده,نيست,False,بله,True,نيست,False,132600,0.0,102400,235000,True,True,178
24205,"FOSFOMYCIN (AS TROMETAMOL) 3 g GRANULE, FOR SOLUTION ORAL",صرفا مشمول يارانه دولت,government_subsidy_only,نيست,False,خير,False,خير,False,20,نيست,False,خير,False,نيست,False,1156100,0.0,1143900,2300000,True,True,178
50628,ASA / ATORVASTATIN (AS CALCIUM) / ENALAPRIL MALEATE / HYDROCHLOROTHIAZIDE 81 mg/20 mg/5 mg/12.5 mg TABLET ORAL,است,covered,نيست,False,خير,False,خير,False,200,نيست,False,خير,False,نيست,False,40000,70.0,50000,90000,True,True,178
50720,"CORIFOLLITROPIN ALFA 300 ug/1mL 0.5 mL INJECTION, SOLUTION PARENTERAL",است,covered,نيست,False,بله,True,خير,False,1,نيست,False,بله,True,است,True,122740000,90.0,0,122740000,True,True,179
51951,"FACTOR IX 600 [iU] INJECTION, POWDER, LYOPHILIZED, FOR SOLUTION PARENTERAL INJECTION",است,covered,نيست,False,خير,False,بله,True,طبق پرونده,نيست,False,بله,True,است,True,5597400,100.0,28444600,34042000,True,True,179
50330,FILGRASTIM 600 ug/1mL 0.2 mL INJECTION PARENTERAL INJECTION,است,covered,نيست,False,خير,False,بله,True,طبق پرونده,نيست,False,بله,True,است,True,224040,90.0,0,224040,True,True,179
50195,"FOLLITROPIN BETA 75 [iU]/0.5mL INJECTION, SOLUTION PARENTERAL INJECTION",است,covered,نيست,False,خير,False,خير,False,14,نيست,False,بله,True,است,True,532500,90.0,0,532500,True,True,179
52097,"METHOTREXATE 25 mg/1mL 0.3 mL INJECTION, SOLUTION PARENTERAL INJECTION",است,covered,نيست,False,خير,False,خير,False,10,است,True,بله,True,است,True,2169150,90.0,1080850,3250000,True,True,179
52098,"METHOTREXATE 25 mg/1mL 0.4 mL INJECTION, SOLUTION PARENTERAL INJECTION",است,covered,نيست,False,خير,False,خير,False,10,است,True,بله,True,است,True,2369180,90.0,1130820,3500000,True,True,179
52099,"METHOTREXATE 25 mg/1mL 0.6 mL INJECTION, SOLUTION PARENTERAL INJECTION",است,covered,نيست,False,خير,False,خير,False,10,است,True,بله,True,است,True,2551550,90.0,1448450,4000000,True,True,179
52100,"METHOTREXATE 25 mg/1mL 0.8 mL INJECTION, SOLUTION PARENTERAL INJECTION",است,covered,نيست,False,خير,False,خير,False,10,است,True,بله,True,است,True,3036850,90.0,1463150,4500000,True,True,179
17461,URSODEOXYCHOLIC ACID 500 mg TABLET ORAL TABLET,است,covered,نيست,False,خير,False,خير,False,100,نيست,False,بله,True,است,True,16800,70.0,53282,70082,True,True,179
51517,"QUETIAPINE (AS FUMARATE) 300 mg TABLET, EXTENDED RELEASE ORAL TABLET",است,covered,نيست,False,خير,False,خير,False,200,نيست,False,خير,False,نيست,False,15000,70.0,0,15000,True,True,179
50295,"GEMCITABINE HYDROCHLORIDE 38 mg/1 mL 26.3 mL INJECTION, SOLUTION, CONCENTRATE PARENTERAL INJECTION",است,covered,نيست,False,خير,False,بله,True,طبق پرونده,است,True,بله,True,است,True,5392200,90.0,0,5392200,True,True,180
50294,"GEMCITABINE HYDROCHLORIDE 38 mg/1 mL 5.26 mL INJECTION, SOLUTION, CONCENTRATE PARENTERAL INJECTION",است,covered,نيست,False,خير,False,بله,True,طبق پرونده,نيست,False,بله,True,است,True,2069100,90.0,0,2069100,True,True,180
50872,TESTOSTERONE ENANTHATE 250 mg/1mL INJECTION PARENTERAL INJECTION,است,covered,نيست,False,خير,False,خير,False,12,نيست,False,بله,True,نيست,False,751667,90.0,48333,800000,True,True,180
50722,POSACONAZOLE 40 mg/1mL 105 mL SUSPENSION ORAL,است,covered,نيست,False,بله,True,بله,True,طبق پرونده,است,True,بله,True,است,True,32603000,90.0,101527000,134130000,True,True,180
51361,"METHOTREXATE SODIUM 100 mg/1mL 50 mL INJECTION, SOLUTION PARENTERAL",است,covered,نيست,False,خير,False,خير,False,1,نيست,False,بله,True,است,True,0,70.0,0,0,True,True,180
51410,INSULIN LISPRO 100 [iU]/1mL 3 mL INJECTION PARENTERAL INJECTION,است,covered,نيست,False,خير,False,بله,True,طبق پرونده,نيست,False,بله,True,است,True,1740000,90.0,0,1740000,True,True,180
51513,"QUETIAPINE (AS FUMARATE) 150 mg TABLET, EXTENDED RELEASE ORAL",است,covered,نيست,False,خير,False,خير,False,200,نيست,False,خير,False,نيست,False,70000,70.0,70000,140000,True,True,180
51858,MOMETASONE FUROATE 0.1% 15 g CREAM TOPICAL CREAM,صرفا مشمول يارانه دولت,government_subsidy_only,نيست,False,خير,False,خير,False,3,نيست,False,خير,False,نيست,False,552571,0.0,47429,600000,True,True,180
51901,POTASSIUM CITRATE 5 meq TABLET ORAL,است,covered,نيست,False,خير,False,خير,False,100,نيست,False,خير,False,نيست,False,13303,70.0,1197,14500,True,True,180
51964,PIMOZIDE 1 mg TABLET ORAL TABLET,است,covered,نيست,False,خير,False,خير,False,200,نيست,False,خير,False,نيست,False,37600,70.0,16400,54000,True,True,180
52000,ATROPINE SULFATE 10 mg/1mL 2 mL INJECTION PARENTERAL INJECTION,است,covered,نيست,False,خير,False,خير,False,10,نيست,False,خير,False,نيست,False,247719,70.0,52281,300000,True,True,181
52009,"TROPICAMIDE 1% 0.5 mL SOLUTION, DROPS OPHTHALMIC DROPS",است,covered,نيست,False,خير,False,خير,False,3,نيست,False,خير,False,نيست,False,125199,70.0,9801,135000,True,True,181
52024,"ONDANSETRON 4 mg TABLET, ORALLY DISINTEGRATING ORAL TABLET",است,covered,نيست,False,خير,False,خير,False,100,نيست,False,خير,False,نيست,False,22876,70.0,2124,25000,True,True,181
52053,MIRTAZAPINE 45 mg TABLET ORAL TABLET,است,covered,نيست,False,خير,False,خير,False,100,نيست,False,خير,False,نيست,False,24000,70.0,36000,60000,True,True,181
52063,ABIRATERONE ACETATE 500 mg TABLET ORAL,صرفا مشمول يارانه دولت,government_subsidy_only,نيست,False,خير,False,خير,False,60,است,True,بله,True,است,True,3650140,0.0,849860,4500000,True,True,181
52073,"ROCURONIUM BROMIDE 10 mg/1mL 10 mL INJECTION, SOLUTION PARENTERAL",صرفا مشمول يارانه دولت,government_subsidy_only,است,True,خير,False,خير,False,1,نيست,False,خير,False,نيست,False,1814200,0.0,185800,2000000,True,True,181
52084,"NOREPINEPHRINE (AS BITARTRATE) 1 mg/1mL 1 mL INJECTION, SOLUTION, CONCENTRATE PARENTERAL",است,covered,نيست,False,خير,False,خير,False,10,نيست,False,بله,True,نيست,False,0,70.0,0,0,True,True,181
52087,TICAGRELOR 60 mg TABLET ORAL TABLET,صرفا مشمول يارانه دولت,government_subsidy_only,نيست,False,خير,False,خير,False,100,است,True,خير,False,است,True,115930,0.0,10570,126500,True,True,181
52137,EMPAGLIFLOZIN 25 mg TABLET ORAL,است,covered,نيست,False,خير,False,خير,False,100,نيست,False,خير,False,است,True,46410,70.0,78975,125385,True,True,181
50838,CYCLOPENTOLATE HYDROCHLORIDE 1% 5 mL SOLUTION OPHTHALMIC DROPS,است,covered,نيست,False,خير,False,خير,False,5,نيست,False,خير,False,نيست,False,10000,70.0,54900,64900,True,True,181
51960,"AZITHROMYCIN 100 mg/5mL 30 mL POWDER, FOR SUSPENSION ORAL SUSPENTION",است,covered,نيست,False,خير,False,خير,False,3,است,True,خير,False,است,True,440500,70.0,129500,570000,True,True,182
52222,CEFIXIME 400 mg TABLET ORAL TABLET,است,covered,نيست,False,خير,False,خير,False,20,نيست,False,خير,False,نيست,False,49463,70.0,40000,89463,True,True,182
50299,"DOCETAXEL 10 mg/1mL 8 mL INJECTION, SOLUTION INTRAVENOUS INJECTION",است,covered,نيست,False,خير,False,بله,True,طبق پرونده,نيست,False,بله,True,است,True,6000000,90.0,0,6000000,True,True,182
51891,"ARTIFICIAL TEARS 0.3% 10 mL SOLUTION, DROPS OPHTHALMIC DROPS",است,covered,نيست,False,خير,False,خير,False,5,نيست,False,خير,False,نيست,False,55000,70.0,0,55000,True,True,182
50253,CALCIUM CARBONATE 500 mg TABLET ORAL TABLET,است,covered,نيست,False,خير,False,خير,False,400,نيست,False,خير,False,نيست,False,470,70.0,0,470,True,True,182
51866,CLOTRIMAZOLE 2% 50 g CREAM VAGINAL,است,covered,نيست,False,خير,False,خير,False,5,نيست,False,بله,True,نيست,False,1179800,70.0,370200,1550000,True,True,182
52224,"CO-AMOXICLAV 250 mg/62.5 mg POWDER, FOR SUSPENSION ORAL SACHET",است,covered,نيست,False,خير,False,خير,False,30,نيست,False,خير,False,نيست,False,5500,70.0,0,5500,True,True,182
51370,DANTROLENE SODIUM 25 mg CAPSULE ORAL CAPSULE,است,covered,نيست,False,خير,False,خير,False,100,نيست,False,بله,True,است,True,112650,70.0,49150,161800,True,True,182
50244,DISOPYRAMIDE 100 mg CAPSULE ORAL CAPSULE,است,covered,نيست,False,خير,False,خير,False,200,نيست,False,بله,True,نيست,False,43901,70.0,44099,88000,True,True,182
50059,FLUPENTHIXOL (AS DIHYDROCHLORIDE) 3 mg TABLET ORAL TABLET,است,covered,نيست,False,خير,False,خير,False,200,نيست,False,بله,True,نيست,False,12000,70.0,0,12000,True,True,182
50061,FLUPENTHIXOL DECANOATE 20 mg/1mL 1 mL INJECTION PARENTERAL INJECTION,است,covered,نيست,False,خير,False,خير,False,10,نيست,False,بله,True,نيست,False,123150,70.0,332850,456000,True,True,183
52138,EMPAGLIFLOZIN 10 mg TABLET ORAL,است,covered,نيست,False,خير,False,خير,False,100,نيست,False,خير,False,است,True,32805,70.0,39707,72512,True,True,183
52204,"OMEPRAZOLE (AS SODIUM) 40 mg INJECTION, POWDER, FOR SOLUTION PARENTERAL INJECTION",صرفا مشمول يارانه دولت,government_subsidy_only,است,True,خير,False,خير,False,2,نيست,False,خير,False,نيست,False,415052,0.0,24948,440000,True,True,183
52217,LACTULOSE 10 g/15mL 300 mL SYRUP ORAL,است,covered,نيست,False,خير,False,خير,False,5,نيست,False,بله,True,نيست,False,143800,70.0,482200,626000,True,True,183
23155,IMATINIB (AS MESYLATE) 400 mg TABLET ORAL TABLET,است,covered,نيست,False,خير,False,بله,True,طبق پرونده,است,True,بله,True,است,True,594076,90.0,55924,650000,True,True,183
50022,"MESALAZINE 2 g GRANULE, EXTENDED RELEASE ORAL",است,covered,نيست,False,خير,False,خير,False,100,نيست,False,خير,False,است,True,123869,70.0,31131,155000,True,True,183
50030,"COLISTIMETHATE SODIUM 4500000 [iU] INJECTION, POWDER, FOR SOLUTION PARENTERAL",صرفا مشمول يارانه دولت,government_subsidy_only,است,True,خير,False,خير,False,5000,است,True,بله,True,است,True,2950000,0.0,3550000,6500000,True,True,183
50701,EVOLOCUMAB 140 mg/1mL 1 mL INJECTION PARENTERAL,صرفا مشمول يارانه دولت,government_subsidy_only,نيست,False,خير,False,بله,True,طبق پرونده,است,True,بله,True,است,True,32707000,0.0,48553000,81260000,True,True,183
50711,TOFACITINIB (AS CITRATE) 5 mg TABLET ORAL TABLET,است,covered,نيست,False,خير,False,بله,True,طبق پرونده,است,True,بله,True,است,True,250168,70.0,149832,400000,True,True,183
50096,GOSERELIN (AS ACETATE) 3.6 mg IMPLANT PARENTERAL INJECTION,است,covered,نيست,False,خير,False,بله,True,طبق پرونده,است,True,بله,True,است,True,12000000,90.0,48000000,60000000,True,True,183
50298,"DOCETAXEL 10 mg/1mL 2 mL INJECTION, SOLUTION INTRAVENOUS INJECTION",است,covered,نيست,False,خير,False,بله,True,طبق پرونده,نيست,False,بله,True,است,True,1843000,90.0,0,1843000,True,True,184
52280,"DOXORUBICIN HYDROCHLORIDE 50 mg INJECTION, POWDER, FOR SOLUTION PARENTERAL INJECTION",است,covered,نيست,False,خير,False,بله,True,طبق پرونده,نيست,False,بله,True,است,True,580000,90.0,2856000,3436000,True,True,184
52285,IODIXANOL 320 mg/1mL 100 mL INJECTION PARENTERAL INJECTION,است,covered,نيست,False,خير,False,خير,False,3,نيست,False,بله,True,است,True,19672300,70.0,11035700,30708000,True,True,184
52294,"ETANERCEPT 25 mg/0.5mL INJECTION, SOLUTION SUBCUTANEOUS INJECTION",است,covered,نيست,False,خير,False,بله,True,طبق پرونده,نيست,False,بله,True,است,True,8900000,90.0,1100000,10000000,True,True,184
24400,"BOTULINUM A TOXIN 200 [iU] INJECTION, POWDER, LYOPHILIZED, FOR SOLUTION PARENTERAL",صرفا مشمول يارانه دولت,government_subsidy_only,نيست,False,خير,False,بله,True,طبق پرونده,نيست,False,بله,True,است,True,17376000,0.0,13020700,30396700,True,True,184
50005,RIVAROXABAN 15 mg TABLET ORAL,است,covered,نيست,False,خير,False,خير,False,100,نيست,False,بله,True,نيست,False,111997,70.0,13003,125000,True,True,184
50029,"COLISTIMETHATE SODIUM 2000000 [iU] INJECTION, POWDER, FOR SOLUTION PARENTERAL",صرفا مشمول يارانه دولت,government_subsidy_only,است,True,خير,False,خير,False,5000,نيست,False,بله,True,نيست,False,1165666,0.0,634334,1800000,True,True,184
51371,DAPSONE 5% 30 g GEL TOPICAL,صرفا مشمول يارانه دولت,government_subsidy_only,نيست,False,خير,False,خير,False,5,نيست,False,خير,False,است,True,1606193,0.0,1413807,3020000,True,True,184
51889,"CEFIXIME 100 mg/5 mL 50 mL POWDER, FOR SUSPENSION ORAL SUSPENTION",است,covered,نيست,False,خير,False,خير,False,3,نيست,False,خير,False,نيست,False,725700,70.0,124300,850000,True,True,184
51896,FUROSEMIDE 10 mg/1mL 2 mL INJECTION INTRAVENOUS INJECTION,است,covered,نيست,False,خير,False,خير,False,10,نيست,False,خير,False,نيست,False,468600,70.0,31400,500000,True,True,184
51903,"CLARITHROMYCIN 125 mg/5 mL 60 mL POWDER, FOR SUSPENSION ORAL",صرفا مشمول يارانه دولت,government_subsidy_only,نيست,False,خير,False,خير,False,3,نيست,False,خير,False,نيست,False,1190800,0.0,409200,1600000,True,True,185
51912,CLOBETASOL PROPIONATE 0.05% 100 g OINTMENT TOPICAL,است,covered,نيست,False,خير,False,خير,False,5,نيست,False,خير,False,نيست,False,1350000,70.0,0,1350000,True,True,185
51914,ACETYLCYSTEINE 200 mg/1mL 10 mL INJECTION PARENTERAL INJECTION,است,covered,است,True,خير,False,خير,False,10,نيست,False,بله,True,نيست,False,576546,70.0,23454,600000,True,True,185
51948,DOLUTEGRAVIR 50 mg TABLET ORAL,صرفا مشمول يارانه دولت,government_subsidy_only,نيست,False,خير,False,خير,False,100,نيست,False,بله,True,نيست,False,28300,0.0,52463,80763,True,True,185
51977,EMTRICITABINE / TENOFOVIR ALAFENAMIDE (AS FUMARATE) 200 mg/25 mg TABLET ORAL,صرفا مشمول يارانه دولت,government_subsidy_only,نيست,False,خير,False,خير,False,100,نيست,False,بله,True,نيست,False,45000,0.0,76105,121105,True,True,185
52022,"AMINOACID 5.1 mg/7.6 mg/8.8 mg/2 mg/3.1 mg/1 mL, 100 mL PARENTERAL INJECTION, SOLUTION INFUSION",صرفا مشمول يارانه دولت,government_subsidy_only,است,True,خير,False,خير,False,1,نيست,False,بله,True,است,True,3546500,0.0,2343500,5890000,True,True,185
51656,METRONIDAZOLE 500 mg TABLET ORAL,است,covered,نيست,False,خير,False,خير,False,100,نيست,False,خير,False,است,True,32590,70.0,32410,65000,True,True,185
51682,"TENECTEPLASE 50 mg INJECTION, POWDER, FOR SOLUTION PARENTERAL INJECTION",است,covered,است,True,خير,False,خير,False,1,نيست,False,بله,True,است,True,160783300,70.0,130616700,291400000,True,True,185
51925,FUSIDIC ACID 2% 15 g CREAM TOPICAL,صرفا مشمول يارانه دولت,government_subsidy_only,نيست,False,خير,False,خير,False,3,نيست,False,خير,False,نيست,False,594330,0.0,159670,754000,True,True,185
51976,TENOFOVIR ALAFENAMIDE (AS FUMARATE) 25 mg TABLET ORAL TABLET,است,covered,نيست,False,خير,False,خير,False,100,است,True,بله,True,نيست,False,57650,70.0,46050,103700,True,True,185
52003,SUCCINYLCHOLINE CHLORIDE 20 mg/1mL 5 mL INJECTION PARENTERAL INJECTION,است,covered,است,True,خير,False,خير,False,1,نيست,False,بله,True,نيست,False,851798,70.0,48202,900000,True,True,186
52101,IVABRADINE (AS HYDROCHLORIDE) 7.5 mg TABLET ORAL,صرفا مشمول يارانه دولت,government_subsidy_only,نيست,False,خير,False,خير,False,100,نيست,False,خير,False,نيست,False,13700,0.0,19900,33600,True,True,186
52111,METFORMIN HYDROCHLORIDE / LINAGLIPTIN 1000 mg/2.5 mg TABLET ORAL TABLET,است,covered,نيست,False,خير,False,خير,False,100,نيست,False,خير,False,است,True,57834,70.0,37166,95000,True,True,186
52119,"METHOTREXATE 50 mg/1mL 0.3 mL INJECTION, SOLUTION PARENTERAL INJECTION",است,covered,نيست,False,خير,False,خير,False,10,است,True,بله,True,است,True,630000,90.0,0,630000,True,True,186
52201,DAPAGLIFLOZIN (AS PROPANEDIOL) 5 mg TABLET ORAL,است,covered,نيست,False,خير,False,خير,False,100,است,True,خير,False,است,True,42647,70.0,9354,52001,True,True,186
52231,CROMOLYN SODIUM 20 mg/1mL 13 mL SPRAY NASAL,است,covered,نيست,False,خير,False,خير,False,2,نيست,False,خير,False,نيست,False,542722,70.0,97278,640000,True,True,186
52265,PROGESTERONE 8% 22.5 g GEL VAGINAL,است,covered,نيست,False,خير,False,خير,False,2,نيست,False,خير,False,نيست,False,426700,90.0,168300,595000,True,True,186
90001,کيسه يورستومي دو تكه,است,covered,نيست,False,خير,False,بله,True,طبق پرونده,نيست,False,بله,True,نيست,False,400000,100.0,0,400000,True,True,186
52082,"BIMATOPROST 0.03% 3 mL SOLUTION, DROPS OPHTHALMIC",صرفا مشمول يارانه دولت,government_subsidy_only,نيست,False,خير,False,خير,False,3,نيست,False,بله,True,است,True,3100000,0.0,2600,3102600,True,True,186
52117,"METHOTREXATE 50 mg/1mL 0.15 mL INJECTION, SOLUTION PARENTERAL INJECTION",است,covered,نيست,False,خير,False,خير,False,10,است,True,بله,True,است,True,372500,90.0,0,372500,True,True,186
52118,"METHOTREXATE 50 mg/1mL 0.2 mL INJECTION, SOLUTION PARENTERAL INJECTION",است,covered,نيست,False,خير,False,خير,False,10,است,True,بله,True,است,True,535000,90.0,0,535000,True,True,187
52123,"METHOTREXATE 50 mg/1mL 0.6 mL INJECTION, SOLUTION PARENTERAL",است,covered,نيست,False,خير,False,بله,True,طبق پرونده,است,True,بله,True,است,True,2646050,70.0,353950,3000000,True,True,187
52174,EMPAGLIFLOZIN / METFORMIN HYDROCHLORIDE 5 mg/1000 mg TABLET ORAL,است,covered,نيست,False,خير,False,خير,False,100,نيست,False,خير,False,است,True,53605,70.0,7642,61247,True,True,187
52223,VALPROATE SODIUM 100 mg/1mL 4 mL INJECTION PARENTERAL INJECTION,است,covered,است,True,خير,False,خير,False,10,نيست,False,بله,True,است,True,600000,70.0,0,600000,True,True,187
52279,"DOXORUBICIN HYDROCHLORIDE 10 mg INJECTION, POWDER, FOR SOLUTION PARENTERAL INJECTION",است,covered,نيست,False,خير,False,بله,True,طبق پرونده,نيست,False,بله,True,است,True,165000,90.0,553700,718700,True,True,187
50622,"ASA (ACETYLSALICYLIC ACID) 81 mg TABLET, DELAYED RELEASE ORAL",است,covered,نيست,False,خير,False,خير,False,200,نيست,False,خير,False,نيست,False,18570,70.0,2430,21000,True,True,187
50635,ASA / ATORVASTATIN (AS CALCIUM) / HYDROCHLOROTHIAZIDE / VALSARTAN 81 mg/20 mg/12.5 mg/40 mg TABLET ORAL,است,covered,نيست,False,خير,False,خير,False,200,نيست,False,خير,False,نيست,False,60000,70.0,60000,120000,True,True,187
50327,MIDODRINE HYDROCHLORIDE 2.5 mg TABLET ORAL,صرفا مشمول يارانه دولت,government_subsidy_only,نيست,False,خير,False,خير,False,60,نيست,False,بله,True,نيست,False,30340,0.0,37660,68000,True,True,187
50357,DACLATASVIR 30 mg TABLET ORAL,صرفا مشمول يارانه دولت,government_subsidy_only,نيست,False,خير,False,خير,False,100,نيست,False,بله,True,است,True,40000,0.0,18665,58665,True,True,187
50107,"INSULIN GLULISINE 100 [iU]/1mL 3 mL INJECTION, SOLUTION PARENTERAL",است,covered,نيست,False,خير,False,بله,True,طبق پرونده,است,True,بله,True,است,True,1000000,90.0,7000000,8000000,True,True,187
50575,"INSULIN ASPART 100 [iU]/1mL 3 mL INJECTION,MIX- SUSPENSION PARENTERAL",است,covered,نيست,False,خير,False,بله,True,طبق پرونده,است,True,بله,True,است,True,1150000,90.0,5250000,6400000,True,True,188
52064,VALPROATE SODIUM 200 mg/5mL 250 mL SYRUP ORAL SYRUP,است,covered,نيست,False,خير,False,خير,False,3,نيست,False,بله,True,است,True,1273252,70.0,276748,1550000,True,True,188
51340,APIXABAN 5 mg TABLET ORAL,است,covered,نيست,False,خير,False,خير,False,100,نيست,False,بله,True,نيست,False,82977,70.0,17023,100000,True,True,188
51351,EMTRICITABINE / TENOFOVIR DISOPROXIL FUMARATE / EFAVIRENZ 200 mg/300 mg/600 mg TABLET ORAL,صرفا مشمول يارانه دولت,government_subsidy_only,نيست,False,خير,False,خير,False,100,نيست,False,بله,True,نيست,False,55000,0.0,89480,144480,True,True,188
51815,"SODIUM CHLORIDE 0.9% 5 mL INJECTION, SOLUTION PARENTERAL INJECTION",صرفا مشمول يارانه دولت,government_subsidy_only,نيست,False,خير,False,خير,False,20,نيست,False,خير,False,نيست,False,41505,0.0,4095,45600,True,True,188
51816,SODIUM TETRADECYL SULFATE 0.5% 2 mL INJECTION PARENTERAL INJECTION,است,covered,نيست,False,خير,False,خير,False,10,نيست,False,بله,True,است,True,69833,70.0,0,69833,True,True,188
51883,LINAGLIPTIN 5 mg TABLET ORAL,است,covered,نيست,False,خير,False,خير,False,100,نيست,False,خير,False,است,True,36786,70.0,13214,50000,True,True,188
51946,ATAZANAVIR / RITONAVIR 300 mg/100 mg TABLET ORAL TABLET,است,covered,است,True,خير,False,خير,False,14,نيست,False,بله,True,نيست,False,48800,70.0,0,48800,True,True,188
52006,LABETALOL HYDROCHLORIDE 5 mg/1mL 4 mL INJECTION PARENTERAL,است,covered,است,True,خير,False,خير,False,5,نيست,False,بله,True,نيست,False,345750,70.0,14250,360000,True,True,188
52025,"ONDANSETRON 8 mg TABLET, ORALLY DISINTEGRATING ORAL TABLET",است,covered,نيست,False,خير,False,خير,False,100,نيست,False,خير,False,نيست,False,17050,70.0,4950,22000,True,True,188
52028,"LEVETIRACETAM 15 mg/1mL 100 mL INJECTION, SOLUTION PARENTERAL",صرفا مشمول يارانه دولت,government_subsidy_only,است,True,خير,False,خير,False,5,نيست,False,خير,False,نيست,False,902871,0.0,147129,1050000,True,True,189
52040,CALFACTANT 35 mg/1mL 3 mL SUSPENSION ENDOTRACHEAL,است,covered,است,True,خير,False,بله,True,طبق پرونده,نيست,False,بله,True,نيست,False,17837333,90.0,0,17837333,True,True,189
52076,"CIPROFLOXACIN 10 mg/1 mL, 20mL PARENTERAL INJECTION, SOLUTION",است,covered,نيست,False,خير,False,خير,False,10,نيست,False,بله,True,است,True,308305,70.0,51695,360000,True,True,189
52192,"BECLOMETHASONE DIPROPIONATE / FORMOTEROL FUMARATE 200 ug/6 ug/1{Puff} 120 {Puff} AEROSOL, METERED RESPIRATORY",است,covered,نيست,False,خير,False,خير,False,2,نيست,False,بله,True,نيست,False,10580000,70.0,20000000,30580000,True,True,189
52195,DEXAMETHASONE (AS ACETATE) 40 mg TABLET ORAL,است,covered,است,True,خير,False,خير,False,100,نيست,False,خير,False,نيست,False,55477,70.0,34523,90000,True,True,189
52203,LIDOCAINE / TETRACAINE 7 %/7 % 15 g CREAM TOPICAL,صرفا مشمول يارانه دولت,government_subsidy_only,نيست,False,خير,False,خير,False,5,نيست,False,خير,False,نيست,False,550346,0.0,164654,715000,True,True,189
52207,"INSULIN BIPHASIC LISPRO 50/50 100 [iU]/1mL 3 mL INJECTION, SUSPENSION PARENTERAL INJECTION",است,covered,نيست,False,خير,False,بله,True,طبق پرونده,است,True,بله,True,است,True,295000,90.0,0,295000,True,True,189
50114,"LINEZOLID 2 mg/1mL 300 mL INJECTION, SOLUTION PARENTERAL",صرفا مشمول يارانه دولت,government_subsidy_only,است,True,خير,False,بله,True,طبق پرونده,است,True,بله,True,است,True,1036375,0.0,163625,1200000,True,True,189
50345,"FOLLITROPIN ALFA / LUTROPIN ALFA 150 [iU]/75 [iU] INJECTION, POWDER, FOR SOLUTION PARENTERAL",است,covered,نيست,False,خير,False,خير,False,4,نيست,False,بله,True,است,True,7112000,90.0,8058000,15170000,True,True,189
50485,SODIUM TETRADECYL SULFATE 0.2% 5 mL INJECTION PARENTERAL INJECTION,است,covered,نيست,False,خير,False,خير,False,10,نيست,False,بله,True,است,True,69833,70.0,0,69833,True,True,189
25187,"DEXPANTHENOL 250 mg/1mL 2 mL INJECTION, SOLUTION PARENTERAL",صرفا مشمول يارانه دولت,government_subsidy_only,نيست,False,خير,False,خير,False,10,نيست,False,خير,False,نيست,False,569845,0.0,30155,600000,True,True,190
50684,"METHYLPHENIDATE HYDROCHLORIDE 18 mg TABLET, EXTENDED RELEASE ORAL",است,covered,نيست,False,خير,False,خير,False,200,نيست,False,بله,True,است,True,169000,70.0,671000,840000,True,True,190
50966,AMLODIPINE (AS BESILATE) / VALSARTAN / HYDROCHLOROTHIAZIDE 5 mg/160 mg/12.5 mg TABLET ORAL TABLET,است,covered,نيست,False,خير,False,خير,False,200,است,True,خير,False,است,True,56271,70.0,23729,80000,True,True,190
51105,"DICLOFENAC POTASSIUM 25 mg CAPSULE, LIQUID FILLED ORAL",است,covered,نيست,False,خير,False,خير,False,200,نيست,False,خير,False,نيست,False,23725,70.0,6275,30000,True,True,190
51698,TOBRAMYCIN 60 mg/1mL 5 mL SOLUTION RESPIRATORY INHALATION,است,covered,نيست,False,خير,False,بله,True,طبق پرونده,نيست,False,بله,True,است,True,1570000,70.0,0,1570000,True,True,190
51859,MOMETASONE FUROATE 0.1% 20 mL LOTION TOPICAL LOTION,صرفا مشمول يارانه دولت,government_subsidy_only,نيست,False,خير,False,خير,False,3,نيست,False,خير,False,نيست,False,643662,0.0,56338,700000,True,True,190
50404,"PANCREATIN 10000 [iU] CAPSULE, DELAYED RELEASE PELLETS ORAL CAPSULE",است,covered,نيست,False,خير,False,خير,False,400,است,True,بله,True,نيست,False,80400,70.0,3600,84000,True,True,190
51957,EPOETIN 10000 [iU]/1mL 0.4 mL INJECTION PARENTERAL INJECTION,است,covered,نيست,False,خير,False,خير,False,12,نيست,False,بله,True,است,True,330000,90.0,0,330000,True,True,190
51971,"CEFIXIME 200 mg/5 mL 50 mL POWDER, FOR SUSPENSION ORAL",است,covered,نيست,False,خير,False,خير,False,3,نيست,False,خير,False,نيست,False,324200,70.0,172800,497000,True,True,190
51973,APOMORPHINE HYDROCHLORIDE 5 mg/1mL 20 mL INJECTION PARENTERAL,است,covered,نيست,False,خير,False,بله,True,طبق پرونده,نيست,False,بله,True,است,True,29160000,70.0,69000000,98160000,True,True,190
52002,"CLARITHROMYCIN 250 mg/5 mL 100 mL POWDER, FOR SUSPENSION ORAL",صرفا مشمول يارانه دولت,government_subsidy_only,نيست,False,خير,False,خير,False,3,نيست,False,خير,False,نيست,False,2171400,0.0,818600,2990000,True,True,191
52014,FLUOCINOLONE / HYDROQUINONE / TRETINOIN 0.01 %/4 %/0.05 % 15 g CREAM TOPICAL,صرفا مشمول يارانه دولت,government_subsidy_only,نيست,False,خير,False,خير,False,3,نيست,False,خير,False,نيست,False,421604,0.0,59396,481000,True,True,191
52086,ONDANSETRON 8 mg TABLET ORAL,است,covered,نيست,False,خير,False,خير,False,100,نيست,False,خير,False,نيست,False,15300,70.0,14700,30000,True,True,191
52091,NOREPINEPHRINE INJ PARENTERAL 0.1 % 20 mL,است,covered,نيست,False,خير,False,خير,False,10,نيست,False,بله,True,نيست,False,0,70.0,0,0,True,True,191
52145,PIPERAZINE 750 mg/5 mL 60 mL SYRUP ORAL SYRUP,است,covered,نيست,False,خير,False,خير,False,3,نيست,False,بله,True,نيست,False,319532,70.0,50768,370300,True,True,191
52167,DAPAGLIFLOZIN (AS PROPANEDIOL) 10 mg TABLET ORAL TABLET,است,covered,نيست,False,خير,False,خير,False,100,است,True,بله,True,است,True,52410,70.0,12590,65000,True,True,191
52173,EMPAGLIFLOZIN / METFORMIN HYDROCHLORIDE 5 mg/500 mg TABLET ORAL,است,covered,نيست,False,خير,False,خير,False,100,نيست,False,خير,False,است,True,46534,70.0,13466,60000,True,True,191
52189,"BECLOMETHASONE DIPROPIONATE / FORMOTEROL FUMARATE 100 ug/6 ug/1{Puff} 120 {Puff} AEROSOL, METERED RESPIRATORY",است,covered,نيست,False,خير,False,خير,False,2,نيست,False,بله,True,نيست,False,3810000,70.0,10000000,13810000,True,True,191
52235,RIVAROXABAN 2.5 mg TABLET ORAL,است,covered,نيست,False,خير,False,خير,False,100,نيست,False,بله,True,نيست,False,59997,70.0,4903,64900,True,True,191
52240,EMPAGLIFLOZIN / LINAGLIPTIN 25 mg/5 mg TABLET ORAL,است,covered,نيست,False,خير,False,خير,False,100,نيست,False,خير,False,است,True,83196,70.0,39217,122413,True,True,191
52295,BECLOMETHASONE DIPROPIONATE 50 ug/1 {dose} 150 {Puff} SPRAY NASAL,است,covered,نيست,False,خير,False,خير,False,2,نيست,False,بله,True,نيست,False,287191,70.0,40809,328000,True,True,192
50392,LENALIDOMIDE 15 mg CAPSULE ORAL,صرفا مشمول يارانه دولت,government_subsidy_only,نيست,False,خير,False,بله,True,طبق پرونده,است,True,بله,True,است,True,811873,0.0,1038127,1850000,True,True,192
50433,PROMETHAZINE HYDROCHLORIDE 25 mg/1mL 2 mL INJECTION PARENTERAL,است,covered,نيست,False,خير,False,خير,False,3,نيست,False,خير,False,نيست,False,539362,70.0,10638,550000,True,True,192
25137,FEBUXOSTAT 120 mg TABLET ORAL,صرفا مشمول يارانه دولت,government_subsidy_only,نيست,False,خير,False,خير,False,100,نيست,False,خير,False,نيست,False,22100,0.0,17771,39871,True,True,192
50776,"VALGANCICLOVIR (AS HYDROCHLORIDE) 50 mg/1mL 12 g POWDER, FOR SOLUTION ORAL SOLUTION",صرفا مشمول يارانه دولت,government_subsidy_only,نيست,False,خير,False,بله,True,طبق پرونده,نيست,False,بله,True,است,True,27303000,0.0,66817000,94120000,True,True,192
51485,LIDOCAINE / EPINEPHRINE 20 mg/12.5 ug/1mL 1.8 mL INJECTION PARENTERAL,صرفا مشمول يارانه دولت,government_subsidy_only,است,True,خير,False,خير,False,1,نيست,False,خير,False,نيست,False,441710,0.0,8290,450000,True,True,192
51516,MEGLUMINE COMPOUND 66 %/10 % 120 mL SOLUTION ORAL,است,covered,نيست,False,خير,False,خير,False,1,نيست,False,بله,True,است,True,2968027,70.0,1800873,4768900,True,True,192
51798,NILOTINIB 150 mg CAPSULE ORAL CAPSULE,است,covered,نيست,False,خير,False,بله,True,طبق پرونده,نيست,False,بله,True,است,True,2019806,70.0,880194,2900000,True,True,192
51860,NITROGLYCERIN 1 mg/1mL 10 mL INJECTION PARENTERAL,است,covered,است,True,خير,False,خير,False,10,نيست,False,بله,True,نيست,False,89600,70.0,0,89600,True,True,192
51887,NAPHAZOLINE HYDROCHLORIDE 0.05% 15 mL SPRAY NASAL INHALATION,صرفا مشمول يارانه دولت,government_subsidy_only,نيست,False,خير,False,خير,False,3,نيست,False,خير,False,نيست,False,521956,0.0,28044,550000,True,True,192
51895,L-CARNITINE 100 mg/1mL 10 mL SOLUTION ORAL,است,covered,نيست,False,خير,False,خير,False,90,نيست,False,خير,False,است,True,49758,70.0,20942,70700,True,True,193
51979,IMATINIB (AS MESYLATE) 400 mg CAPSULE ORAL CAPSULE,است,covered,نيست,False,خير,False,بله,True,طبق پرونده,نيست,False,بله,True,نيست,False,280054,90.0,369946,650000,True,True,193
51994,SOFOSBUVIR / VELPATASVIR 400 mg/100 mg TABLET ORAL TABLET,صرفا مشمول يارانه دولت,government_subsidy_only,نيست,False,خير,False,بله,True,طبق پرونده,است,True,بله,True,است,True,1350000,0.0,1650000,3000000,True,True,193
52149,FLUTICASONE PROPIONATE 50 ug/1{Puff} 120 {Puff} SPRAY NASAL SPRAY,است,covered,نيست,False,خير,False,خير,False,2,نيست,False,بله,True,نيست,False,496560,70.0,68440,565000,True,True,193
52160,L-CARNITINE INJECTION PARENTERAL 200 mg/1mL 5 mL SOLUTION,است,covered,نيست,False,خير,False,خير,False,5,نيست,False,خير,False,است,True,20000,70.0,0,20000,True,True,193
52176,EMPAGLIFLOZIN / METFORMIN HYDROCHLORIDE 12.5 mg/1000 mg TABLET ORAL,است,covered,نيست,False,خير,False,خير,False,100,نيست,False,خير,False,است,True,53605,70.0,26617,80222,True,True,193
52289,EPOETIN 20000 [iU]/1mL 0.5 mL INJECTION PARENTERAL INJECTION,است,covered,نيست,False,خير,False,بله,True,طبق پرونده,نيست,False,بله,True,است,True,6504710,100.0,2095290,8600000,True,True,193
50280,EPHEDRINE HYDROCHLORIDE 50 mg/1mL 1 mL INJECTION PARENTERAL,صرفا مشمول يارانه دولت,government_subsidy_only,است,True,خير,False,خير,False,5,نيست,False,بله,True,است,True,19700,0.0,349300,369000,True,True,193
50402,CLINDAMYCIN (AS PHOSPHATE) / CLOTRIMAZOLE 2 %/2 % 30 g CREAM VAGINAL,صرفا مشمول يارانه دولت,government_subsidy_only,نيست,False,خير,False,خير,False,3,نيست,False,خير,False,نيست,False,915300,0.0,784700,1700000,True,True,193
51840,"POSACONAZOLE 100 mg TABLET, DELAYED RELEASE ORAL",است,covered,نيست,False,بله,True,بله,True,طبق پرونده,نيست,False,بله,True,است,True,480000,90.0,2370000,2850000,True,True,193
52059,HEPATITIS B IMMUNE GLOBULIN 180 [iU]/1mL 1 mL INJECTION PARENTERAL INJECTION,است,covered,نيست,False,خير,False,خير,False,1,نيست,False,بله,True,است,True,3718000,95.0,8402000,12120000,True,True,194
51881,CLOTRIMAZOLE / BETAMETHASONE (AS DIPROPIONATE) 1 %/0.05 % 30 g CREAM TOPICAL,صرفا مشمول يارانه دولت,government_subsidy_only,نيست,False,خير,False,خير,False,3,نيست,False,خير,False,نيست,False,874778,0.0,175222,1050000,True,True,194
51888,TEMOZOLOMIDE 180 mg CAPSULE ORAL CAPSULE,است,covered,نيست,False,خير,False,بله,True,طبق پرونده,نيست,False,بله,True,است,True,3385000,70.0,0,3385000,True,True,194
51956,"MOMETASONE FUROATE 0.05% 14 mL SPRAY, SUSPENSION NASAL SPRAY",است,covered,نيست,False,خير,False,خير,False,2,نيست,False,بله,True,نيست,False,743340,70.0,456660,1200000,True,True,194
51982,GADOPENTETATE DIMEGLUMINE 469 mg/1mL 20 mL INJECTION PARENTERAL,است,covered,نيست,False,خير,False,خير,False,2,نيست,False,بله,True,است,True,720933,70.0,0,720933,True,True,194
51999,"TEMOCILLIN SODIUM 1 g INJECTION, POWDER, FOR SOLUTION PARENTERAL INJECTION",صرفا مشمول يارانه دولت,government_subsidy_only,است,True,خير,False,خير,False,14,نيست,False,بله,True,است,True,3938000,0.0,4252000,8190000,True,True,194
52041,CALFACTANT 35 mg/1mL 6 mL SUSPENSION ENDOTRACHEAL,است,covered,است,True,خير,False,بله,True,طبق پرونده,نيست,False,بله,True,نيست,False,29396267,90.0,0,29396267,True,True,194
52052,MIRTAZAPINE 15 mg TABLET ORAL TABLET,است,covered,نيست,False,خير,False,خير,False,100,نيست,False,خير,False,نيست,False,12800,70.0,19200,32000,True,True,194
52054,MIRTAZAPINE 7.5 mg TABLET ORAL TABLET,است,covered,نيست,False,خير,False,خير,False,100,نيست,False,خير,False,نيست,False,10000,70.0,15000,25000,True,True,194
52112,METFORMIN HYDROCHLORIDE / LINAGLIPTIN 500 mg/2.5 mg TABLET ORAL,است,covered,نيست,False,خير,False,خير,False,100,نيست,False,خير,False,است,True,52312,70.0,13688,66000,True,True,194
52154,"SALBUTAMOL / BECLOMETHASONE DIPROPIONATE 100 ug/50 ug/1{dose} 200 {Puff} AEROSOL, SPRAY RESPIRATORY",صرفا مشمول يارانه دولت,government_subsidy_only,نيست,False,خير,False,خير,False,2,نيست,False,خير,False,نيست,False,2270000,0.0,1500000,3770000,True,True,195
52172,"OCRELIZUMAB 30 mg/1mL 10 mL INJECTION, SOLUTION, CONCENTRATE PARENTERAL INJECTION",است,covered,نيست,False,خير,False,بله,True,طبق پرونده,است,True,بله,True,است,True,155069300,90.0,54930700,210000000,True,True,195
52206,"INSULIN BIPHASIC LISPRO 25/75 100 [iU]/1mL 3 mL INJECTION, SUSPENSION PARENTERAL INJECTION",است,covered,نيست,False,خير,False,بله,True,طبق پرونده,نيست,False,بله,True,است,True,1740000,90.0,0,1740000,True,True,195
52267,TERBINAFINE 1% 30 mL SOLUTION TOPICAL SOLUTION,است,covered,نيست,False,خير,False,خير,False,2,نيست,False,بله,True,نيست,False,124800,70.0,44700,169500,True,True,195
52291,"TACROLIMUS 0.5 mg CAPSULE, EXTENDED RELEASE ORAL CAPSULE",است,covered,نيست,False,خير,False,بله,True,طبق پرونده,است,True,بله,True,است,True,56800,100.0,133200,190000,True,True,195
52301,LEVODOPA / CARBIDOPA 100 mg/25 mg TABLET ORAL TABLET,است,covered,نيست,False,خير,False,خير,False,450,نيست,False,بله,True,است,True,68500,70.0,11500,80000,True,True,195
90008,چسب كانوكس,است,covered,نيست,False,خير,False,بله,True,طبق پرونده,نيست,False,بله,True,نيست,False,415000,70.0,0,415000,True,True,195
50293,PACLITAXEL 6 mg/1mL 50 mL INJECTION PARENTERAL INJECTION,است,covered,نيست,False,خير,False,بله,True,طبق پرونده,است,True,بله,True,است,True,7608955,90.0,19391045,27000000,True,True,195
50358,DACLATASVIR 60 mg TABLET ORAL,است,covered,نيست,False,خير,False,بله,True,طبق پرونده,نيست,False,بله,True,است,True,50000,70.0,0,50000,True,True,195
50003,DACLATASVIR / SOFOSBUVIR 60 mg/400 mg TABLET ORAL,است,covered,نيست,False,خير,False,بله,True,طبق پرونده,است,True,بله,True,است,True,200000,70.0,256346,456346,True,True,195
50426,"MESALAZINE 500 mg CAPSULE, EXTENDED RELEASE ORAL",است,covered,نيست,False,خير,False,خير,False,400,نيست,False,خير,False,است,True,82186,70.0,7814,90000,True,True,196
50865,AMINOACID 5% 2.5 mg/3.7 mg/4.655 mg/2.15 mg/1mL 500 mL INFUSION,است,covered,نيست,False,خير,False,خير,False,5,نيست,False,بله,True,است,True,5369000,70.0,4131000,9500000,True,True,196
50964,AMLODIPINE (AS BESILATE) / VALSARTAN / HYDROCHLOROTHIAZIDE 10 mg/160 mg/12.5 mg TABLET ORAL,است,covered,نيست,False,خير,False,خير,False,200,است,True,خير,False,است,True,63447,70.0,24553,88000,True,True,196
51339,APIXABAN 2.5 mg TABLET ORAL,است,covered,نيست,False,خير,False,خير,False,100,نيست,False,بله,True,نيست,False,50000,70.0,15000,65000,True,True,196
51479,LENALIDOMIDE 5 mg CAPSULE ORAL,صرفا مشمول يارانه دولت,government_subsidy_only,نيست,False,خير,False,بله,True,طبق پرونده,است,True,بله,True,است,True,443706,0.0,206294,650000,True,True,196
51869,LIDOCAINE / PRILOCAINE 2.5 %/2.5 % 15 g CREAM TOPICAL,صرفا مشمول يارانه دولت,government_subsidy_only,نيست,False,خير,False,خير,False,5,نيست,False,خير,False,نيست,False,562100,0.0,137900,700000,True,True,196
51917,"LATANOPROST 50 mcg/1 mL, 5 mL OPHTHALMIC SOLUTION/ DROPS",است,covered,نيست,False,خير,False,خير,False,5,نيست,False,خير,False,نيست,False,106000,70.0,294000,400000,True,True,196
51923,DEXAMETHASONE 4 mg TABLET ORAL,است,covered,نيست,False,خير,False,خير,False,200,نيست,False,خير,False,نيست,False,21264,70.0,33736,55000,True,True,196
52001,CLOTRIMAZOLE / BETAMETHASONE (AS DIPROPIONATE) 1 %/0.05 % 15 g CREAM TOPICAL,صرفا مشمول يارانه دولت,government_subsidy_only,نيست,False,خير,False,خير,False,3,نيست,False,خير,False,نيست,False,717861,0.0,72139,790000,True,True,196
52008,"TROPICAMIDE 0.5% 0.5 mL SOLUTION, DROPS OPHTHALMIC DROPS",است,covered,نيست,False,خير,False,خير,False,5,نيست,False,خير,False,نيست,False,79331,70.0,8169,87500,True,True,196
21240,"DOCETAXEL 20 mg/1mL 4 mL INJECTION, SOLUTION INTRAVENOUS INJECTION",است,covered,نيست,False,خير,False,بله,True,طبق پرونده,است,True,بله,True,است,True,12052978,90.0,2447022,14500000,True,True,197
21241,"DOCETAXEL 20 mg/1mL 8 mL INJECTION, SOLUTION INTRAVENOUS",است,covered,نيست,False,خير,False,بله,True,طبق پرونده,است,True,بله,True,است,True,19323256,90.0,6676744,26000000,True,True,197
17381,"BENDAMUSTINE HYDROCHLORIDE 25 mg INJECTION, POWDER, FOR SOLUTION PARENTERAL INJECTION",است,covered,نيست,False,خير,False,بله,True,طبق پرونده,است,True,بله,True,است,True,9322700,70.0,1677300,11000000,True,True,197
17228,MOMETASONE FUROATE 0.1% 15 g OINTMENT TOPICAL OINTMENT,صرفا مشمول يارانه دولت,government_subsidy_only,نيست,False,خير,False,خير,False,3,نيست,False,خير,False,نيست,False,552571,0.0,47429,600000,True,True,197
17247,"ETHERIFIED STARCH 6% 500 mL INJECTION, SOLUTION PARENTERAL INFUSION",است,covered,نيست,False,خير,False,خير,False,10,نيست,False,بله,True,است,True,4509528,70.0,1890472,6400000,True,True,197
17253,EVEROLIMUS 10 mg TABLET ORAL,است,covered,نيست,False,خير,False,بله,True,طبق پرونده,است,True,بله,True,است,True,3435250,70.0,15564750,19000000,True,True,197
19011,ABIRATERONE ACETATE 250 mg TABLET ORAL,صرفا مشمول يارانه دولت,government_subsidy_only,نيست,False,خير,False,خير,False,120,است,True,بله,True,نيست,False,1836770,0.0,663230,2500000,True,True,197
18546,IOHEXOL 240 mg/1mL 10 mL INJECTION PARENTERAL,است,covered,نيست,False,خير,False,خير,False,10,نيست,False,بله,True,است,True,138875,70.0,149125,288000,True,True,197
19835,FEBUXOSTAT 80 mg TABLET ORAL,صرفا مشمول يارانه دولت,government_subsidy_only,نيست,False,خير,False,خير,False,100,نيست,False,خير,False,نيست,False,68787,0.0,33213,102000,True,True,197
19859,IPRATROPIUM BROMIDE 250 ug/1mL 2 mL SOLUTION RESPIRATORY,است,covered,نيست,False,خير,False,خير,False,150,نيست,False,بله,True,نيست,False,44280,70.0,76700,120980,True,True,197
19875,INSULIN REGULAR 100 [iU]/1mL 3 mL INJECTION PARENTERAL,است,covered,نيست,False,خير,False,خير,False,12,نيست,False,بله,True,است,True,426000,90.0,184000,610000,True,True,198
19877,INSULIN ISOPHANE 100 [iU]/1mL 3 mL INJECTION PARENTERAL,است,covered,نيست,False,خير,False,خير,False,12,نيست,False,بله,True,است,True,426000,90.0,184000,610000,True,True,198
15856,AMLODIPINE (AS BESILATE) / VALSARTAN 10 mg/160 mg TABLET ORAL TABLET,است,covered,نيست,False,خير,False,خير,False,200,است,True,خير,False,است,True,74298,70.0,3702,78000,True,True,198
16010,PRASUGREL 5 mg TABLET ORAL,صرفا مشمول يارانه دولت,government_subsidy_only,نيست,False,خير,False,خير,False,100,نيست,False,خير,False,نيست,False,5500,0.0,11440,16940,True,True,198
15467,SERTACONAZOLE NITRATE 2% 15 g CREAM TOPICAL,صرفا مشمول يارانه دولت,government_subsidy_only,نيست,False,خير,False,خير,False,3,نيست,False,خير,False,است,True,408864,0.0,231836,640700,True,True,198
15478,SITAGLIPTIN (AS PHOSPHATE) / METFORMIN HYDROCHLORIDE 50 mg/1000 mg TABLET ORAL,است,covered,نيست,False,خير,False,خير,False,100,نيست,False,خير,False,است,True,39192,70.0,16944,56136,True,True,198
08813,"FORMOTEROL FUMARATE 4.5 ug/1{Puff} 100 {Puff} SPRAY, METERED RESPIRATORY",صرفا مشمول يارانه دولت,government_subsidy_only,نيست,False,خير,False,خير,False,2,نيست,False,بله,True,نيست,False,120000,0.0,27667,147667,True,True,198
16693,FEBUXOSTAT 40 mg TABLET ORAL,صرفا مشمول يارانه دولت,government_subsidy_only,نيست,False,خير,False,خير,False,100,نيست,False,خير,False,نيست,False,37543,0.0,25457,63000,True,True,198
17070,"RINGER LACTATE 250 mL INJECTION, SOLUTION INTRAVENOUS",است,covered,نيست,False,خير,False,خير,False,10,نيست,False,بله,True,نيست,False,518050,70.0,631950,1150000,True,True,198
17084,"ROCURONIUM BROMIDE 10 mg/1mL 5 mL INJECTION, SOLUTION PARENTERAL",صرفا مشمول يارانه دولت,government_subsidy_only,است,True,خير,False,خير,False,1,نيست,False,خير,False,نيست,False,1102299,0.0,97701,1200000,True,True,198
21719,SILVER SULFADIAZINE 1% 500 g CREAM TOPICAL CREAM,است,covered,نيست,False,خير,False,خير,False,5,نيست,False,بله,True,نيست,False,3657800,70.0,2342200,6000000,True,True,199
18193,LENALIDOMIDE 10 mg CAPSULE ORAL,صرفا مشمول يارانه دولت,government_subsidy_only,نيست,False,خير,False,بله,True,طبق پرونده,است,True,بله,True,است,True,683724,0.0,566276,1250000,True,True,199
18934,"ETOPOSIDE 20 mg/1mL 10 mL INJECTION, SOLUTION INTRAVENOUS",است,covered,نيست,False,خير,False,بله,True,طبق پرونده,نيست,False,بله,True,نيست,False,3250000,90.0,32750000,36000000,True,True,199
18949,AGOMELATINE 25 mg TABLET ORAL,صرفا مشمول يارانه دولت,government_subsidy_only,نيست,False,خير,False,خير,False,5000,نيست,False,خير,False,نيست,False,20500,0.0,75000,95500,True,True,199
16686,BETHANECHOL CHLORIDE 25 mg TABLET ORAL,است,covered,نيست,False,خير,False,خير,False,100,نيست,False,خير,False,نيست,False,12000,70.0,94000,106000,True,True,199
10488,"TEICOPLANIN 400 mg INJECTION, POWDER, FOR SOLUTION PARENTERAL INJECTION",صرفا مشمول يارانه دولت,government_subsidy_only,است,True,خير,False,خير,False,10,نيست,False,بله,True,است,True,7276290,0.0,2223710,9500000,True,True,199
18452,ALENDRONIC ACID / COLECALCIFEROL 70 mg/140 ug TABLET ORAL TABLET,صرفا مشمول يارانه دولت,government_subsidy_only,نيست,False,خير,False,خير,False,50,نيست,False,خير,False,نيست,False,11600,0.0,3790,15390,True,True,199
15754,SITAGLIPTIN (AS PHOSPHATE) / METFORMIN HYDROCHLORIDE 50 mg/500 mg TABLET ORAL,است,covered,نيست,False,خير,False,خير,False,100,نيست,False,خير,False,است,True,49395,70.0,5605,55000,True,True,199
17947,ZALEPLON 5 mg CAPSULE ORAL CAPSULE,صرفا مشمول يارانه دولت,government_subsidy_only,نيست,False,خير,False,خير,False,100,نيست,False,خير,False,نيست,False,12144,0.0,2356,14500,True,True,199
17956,MEMANTINE HYDROCHLORIDE 20 mg TABLET ORAL,صرفا مشمول يارانه دولت,government_subsidy_only,نيست,False,خير,False,خير,False,100,نيست,False,خير,False,نيست,False,4000,0.0,7839,11839,True,True,199
21109,LACOSAMIDE 200 mg TABLET ORAL,صرفا مشمول يارانه دولت,government_subsidy_only,نيست,False,خير,False,خير,False,200,نيست,False,خير,False,است,True,220000,0.0,100000,320000,True,True,200
21121,"FACTOR VII 600 [iU] INJECTION, POWDER, FOR SOLUTION PARENTERAL INJECTION",است,covered,نيست,False,خير,False,بله,True,طبق پرونده,نيست,False,بله,True,است,True,0,70.0,0,0,True,True,200
21368,"BUDESONIDE / FORMOTEROL FUMARATE 160 ug/4.5 ug/1{dose} 120 {dose} POWDER, METERED RESPIRATORY",است,covered,نيست,False,خير,False,خير,False,2,نيست,False,بله,True,نيست,False,5136382,70.0,18583618,23720000,True,True,200
19773,AMLODIPINE (AS BESILATE) / VALSARTAN 5 mg/80 mg TABLET ORAL TABLET,است,covered,نيست,False,خير,False,خير,False,200,است,True,خير,False,است,True,35910,70.0,13090,49000,True,True,200
19781,OXYCODONE HYDROCHLORIDE 30 mg TABLET ORAL TABLET,صرفا مشمول يارانه دولت,government_subsidy_only,است,True,خير,False,خير,False,20,نيست,False,بله,True,نيست,False,57039,0.0,62961,120000,True,True,200
17725,ENOXAPARIN SODIUM 100 mg/1mL 1 mL INJECTION PARENTERAL,است,covered,نيست,False,خير,False,خير,False,30,نيست,False,بله,True,است,True,55000,70.0,0,55000,True,True,200
21323,"TOLTERODINE TARTRATE 2 mg CAPSULE, EXTENDED RELEASE ORAL CAPSULE",صرفا مشمول يارانه دولت,government_subsidy_only,نيست,False,خير,False,خير,False,100,نيست,False,خير,False,نيست,False,26047,0.0,1953,28000,True,True,200
21337,"METFORMIN HYDROCHLORIDE 500 mg TABLET, EXTENDED RELEASE ORAL TABLET",است,covered,نيست,False,خير,False,خير,False,200,نيست,False,خير,False,نيست,False,18000,70.0,27000,45000,True,True,200
20387,ZOLMITRIPTAN 5 mg TABLET ORAL TABLET,صرفا مشمول يارانه دولت,government_subsidy_only,نيست,False,خير,False,خير,False,20,نيست,False,خير,False,نيست,False,13600,0.0,18634,32234,True,True,200
19232,LEVODOPA / CARBIDOPA / ENTACAPONE 100 mg/25 mg/200 mg TABLET ORAL,صرفا مشمول يارانه دولت,government_subsidy_only,نيست,False,خير,False,خير,False,300,نيست,False,بله,True,است,True,72000,0.0,48000,120000,True,True,200
19263,"FAMPRIDINE 10 mg TABLET, EXTENDED RELEASE ORAL TABLET",است,covered,نيست,False,خير,False,بله,True,طبق پرونده,نيست,False,خير,False,است,True,123523,90.0,36477,160000,True,True,201
19093,PROGESTERONE 100 mg TABLET VAGINAL,است,covered,نيست,False,خير,False,خير,False,20,نيست,False,خير,False,نيست,False,75000,90.0,363000,438000,True,True,201
17011,IVABRADINE (AS HYDROCHLORIDE) 5 mg TABLET ORAL,صرفا مشمول يارانه دولت,government_subsidy_only,نيست,False,خير,False,خير,False,100,نيست,False,خير,False,نيست,False,10700,0.0,13500,24200,True,True,201
21853,"LEVOFLOXACIN 25 mg/1mL 20 mL INJECTION, SOLUTION, CONCENTRATE PARENTERAL",صرفا مشمول يارانه دولت,government_subsidy_only,است,True,خير,False,خير,False,5,نيست,False,خير,False,نيست,False,942290,0.0,17710,960000,True,True,201
16582,HYDROCHLOROTHIAZIDE 25 mg TABLET ORAL,است,covered,نيست,False,خير,False,خير,False,200,نيست,False,خير,False,نيست,False,20639,70.0,361,21000,True,True,201
15951,"DEXTROSE 20% 50 mL INJECTION, SOLUTION INTRAVENOUS INJECTION",است,covered,نيست,False,خير,False,خير,False,10,نيست,False,بله,True,نيست,False,1012690,70.0,187310,1200000,True,True,201
15952,"DEXTROSE 50% 50 mL INJECTION, SOLUTION, CONCENTRATE INTRAVENOUS INFUSION",است,covered,نيست,False,خير,False,خير,False,10,است,True,خير,False,است,True,790400,70.0,59600,850000,True,True,201
15970,"DOXORUBICIN HYDROCHLORIDE 2 mg/1mL 5 mL INJECTION, SOLUTION, CONCENTRATE PARENTERAL INJECTION",است,covered,نيست,False,خير,False,بله,True,طبق پرونده,است,True,بله,True,است,True,1637000,90.0,1863000,3500000,True,True,201
15971,"DOXORUBICIN HYDROCHLORIDE 2 mg/1mL 25 mL INJECTION, SOLUTION, CONCENTRATE PARENTERAL",است,covered,نيست,False,خير,False,بله,True,طبق پرونده,است,True,بله,True,است,True,4810400,90.0,7689600,12500000,True,True,201
18819,PNEUMOCOCCAL VACCINE 13-VALENT 0.5 mL INJECTION PARENTERAL,است,covered,نيست,False,خير,False,بله,True,طبق پرونده,است,True,بله,True,است,True,16720000,70.0,0,16720000,True,True,201
18871,OLOPATADINE HYDROCHLORIDE 0.6% 20 mL SPRAY NASAL INHALATION,صرفا مشمول يارانه دولت,government_subsidy_only,نيست,False,خير,False,خير,False,1,نيست,False,بله,True,نيست,False,704913,0.0,329087,1034000,True,True,202
18897,"PROGESTERONE 100 mg CAPSULE, LIQUID FILLED ORAL",است,covered,نيست,False,خير,False,خير,False,84,نيست,False,بله,True,نيست,False,5300,70.0,0,5300,True,True,202
18898,"PROGESTERONE 200 mg CAPSULE, LIQUID FILLED ORAL",است,covered,نيست,False,خير,False,خير,False,42,نيست,False,بله,True,نيست,False,11000,70.0,0,11000,True,True,202
15522,AMLODIPINE/ATORVASTATIN 10/10MG TAB TABLET,است,covered,نيست,False,خير,False,خير,False,120,نيست,False,خير,False,است,True,1800,70.0,1471,3271,True,True,202
50929,"BUDESONIDE / FORMOTEROL FUMARATE 320 ug/9 ug/1{dose} 120 {dose} POWDER, METERED RESPIRATORY INHALATION",است,covered,نيست,False,خير,False,خير,False,2,نيست,False,بله,True,نيست,False,13231080,70.0,21368920,34600000,True,True,202
52278,IBUPROFEN 5 mg/1mL 2 mL INJECTION INTRAVENOUS INJECTION,است,covered,است,True,خير,False,خير,False,1,نيست,False,بله,True,است,True,600000,70.0,0,600000,True,True,202
23470,LEDIPASVIR / SOFOSBUVIR 90 mg/400 mg TABLET ORAL TABLET,است,covered,نيست,False,خير,False,بله,True,طبق پرونده,است,True,بله,True,است,True,155000,70.0,275497,430497,True,True,202
51988,INTERFERON BETA-1A 12000000 [iU]/1mL 0.5 mL INJECTION PARENTERAL INJECTION,است,covered,نيست,False,خير,False,بله,True,طبق پرونده,نيست,False,بله,True,است,True,3742869,95.0,957131,4700000,True,True,202
51854,MAGNESIUM SULFATE 10% 50 mL INJECTION PARENTERAL INJECTION,است,covered,نيست,False,خير,False,خير,False,10,نيست,False,بله,True,نيست,False,470000,70.0,0,470000,True,True,202
50047,NOREPINEPHRINE (AS BITARTRATE) INJECTION % 0.1 4ML INJECTION,است,covered,نيست,False,خير,False,خير,False,10,نيست,False,بله,True,نيست,False,1126900,70.0,73100,1200000,True,True,202
50221,POTASSIUM AMINOBENZOIC ACID (POTABA) 3 g POWDER ORAL POWDER,است,covered,نيست,False,خير,False,خير,False,100,نيست,False,خير,False,نيست,False,45000,70.0,0,45000,True,True,203
51129,"POLYMYXIN B / NEOMYCIN SULFATE / HYDROCORTISONE 10000 [iU]/5 mg/10 mg/1mL 5 mL SUSPENSION, DROPS AURICULAR (OTIC) DROPS",است,covered,نيست,False,خير,False,خير,False,5,نيست,False,بله,True,نيست,False,479609,70.0,20391,500000,True,True,203
51939,SODIUM BICARBONATE 8.4% 10 mL INJECTION PARENTERAL INJECTION,است,covered,نيست,False,خير,False,خير,False,10,نيست,False,بله,True,نيست,False,803550,70.0,46450,850000,True,True,203
51953,DEFERASIROX 90 mg TABLET ORAL,است,covered,نيست,False,خير,False,بله,True,طبق پرونده,نيست,False,بله,True,است,True,40000,100.0,50000,90000,True,True,203
51954,DEFERASIROX 180 mg TABLET ORAL,است,covered,نيست,False,خير,False,بله,True,طبق پرونده,نيست,False,بله,True,است,True,85000,100.0,70000,155000,True,True,203
51955,DEFERASIROX 360 mg TABLET ORAL,است,covered,نيست,False,خير,False,بله,True,طبق پرونده,نيست,False,بله,True,است,True,185000,100.0,100000,285000,True,True,203
66680,INFLIXIMAB 100MG VIAL INJECTION,است,covered,نيست,False,خير,False,بله,True,طبق پرونده,نيست,False,بله,True,نيست,False,1,90.0,0,1,True,True,203
25308,"ELOSULFASE ALFA 1 mg/1mL 5 mL INJECTION, SOLUTION, CONCENTRATE PARENTERAL INJECTION",است,covered,نيست,False,خير,False,بله,True,طبق پرونده,است,True,بله,True,است,True,188837000,96.0,390703000,579540000,True,True,203
50097,GOSERELIN (AS ACETATE) 10.8 mg IMPLANT PARENTERAL INJECTION,است,covered,نيست,False,خير,False,بله,True,طبق پرونده,است,True,بله,True,است,True,10024000,90.0,43076000,53100000,True,True,203
51893,MIGLUSTAT 100 mg CAPSULE ORAL CAPSULE,است,covered,نيست,False,بله,True,بله,True,طبق پرونده,است,True,بله,True,است,True,1412957,98.0,520043,1933000,True,True,203
50346,"LEUPRORELIN ACETATE 22.5 mg INJECTION, POWDER, FOR SUSPENSION, EXTENDED RELEASE PARENTERAL INJECTION",است,covered,نيست,False,خير,False,خير,False,1,نيست,False,بله,True,است,True,5400000,90.0,0,5400000,True,True,204
50423,SOMATROPIN 20 [iU]/1mL 1.5 mL INJECTION PARENTERAL INJECTION,است,covered,نيست,False,خير,False,بله,True,طبق پرونده,نيست,False,بله,True,است,True,16019782,70.0,3980218,20000000,True,True,204
50071,SOMATROPIN 10 [iU]/1mL 1.5 mL INJECTION PARENTERAL INJECTION,است,covered,نيست,False,خير,False,بله,True,طبق پرونده,نيست,False,بله,True,است,True,7869000,70.0,1131000,9000000,True,True,204
50033,"RETEPLASE 10.4 [iU] INJECTION, POWDER, FOR SOLUTION PARENTERAL INJECTION",است,covered,است,True,خير,False,خير,False,4,نيست,False,بله,True,نيست,False,17934000,70.0,23066000,41000000,True,True,204
51136,"IFOSFAMIDE 40 mg/1mL 25 mL INJECTION, SOLUTION PARENTERAL INJECTION",است,covered,نيست,False,خير,False,بله,True,طبق پرونده,نيست,False,بله,True,است,True,886000,90.0,4497000,5383000,True,True,204
52061,HEPATITIS B IMMUNE GLOBULIN 334 [iU]/1mL 3 mL INJECTION PARENTERAL INJECTION,است,covered,نيست,False,خير,False,خير,False,1,نيست,False,بله,True,است,True,16899000,95.0,49251000,66150000,True,True,204
50464,"CYTARABINE 50 mg/1mL 20 mL INJECTION, SOLUTION PARENTERAL INJECTION",است,covered,نيست,False,خير,False,بله,True,طبق پرونده,است,True,بله,True,است,True,15557000,90.0,3823000,19380000,True,True,204
51880,ALUMINIUM HYDROXIDE / MAGNESIUM HYDROXIDE / SIMETHICONE 225 mg/200 mg/25 mg/5mL 10 mL SUSPENSION ORAL SUSPENTION,است,covered,نيست,False,خير,False,خير,False,30,نيست,False,خير,False,نيست,False,55000,70.0,0,55000,True,True,204
50202,PEGINTERFERON ALFA-2A 360 ug/1mL 0.5 mL INJECTION PARENTERAL INJECTION,است,covered,نيست,False,خير,False,بله,True,طبق پرونده,نيست,False,بله,True,است,True,3762000,90.0,670320,4432320,True,True,204
52215,PNEUMOCOCCAL VACCINE 23-VALENT 0.5 mL INJECTION PARENTERAL INJECTION,است,covered,نيست,False,خير,False,بله,True,طبق پرونده,است,True,بله,True,است,True,23787500,70.0,4222500,28010000,True,True,204
51012,"FACTOR VIII / VON WILLEBRAND FACTOR 500 [iU]/500 [iU] INJECTION, POWDER, LYOPHILIZED, FOR SOLUTION PARENTERAL INJECTION",است,covered,نيست,False,خير,False,بله,True,طبق پرونده,نيست,False,بله,True,است,True,7140000,100.0,38917000,46057000,True,True,205
90002,کيسه يورستومي يك تكه,است,covered,نيست,False,خير,False,بله,True,طبق پرونده,نيست,False,بله,True,نيست,False,405000,100.0,0,405000,True,True,205
90003,پودر محافظ استومي,است,covered,نيست,False,خير,False,بله,True,طبق پرونده,نيست,False,بله,True,نيست,False,670000,70.0,0,670000,True,True,205
90004,خمير استومي,است,covered,نيست,False,خير,False,بله,True,طبق پرونده,نيست,False,بله,True,نيست,False,804000,70.0,0,804000,True,True,205
90005,چسب پايه کيسه هاي استومي,است,covered,نيست,False,خير,False,بله,True,طبق پرونده,نيست,False,بله,True,نيست,False,462000,70.0,0,462000,True,True,205
90006,کيسه كلستومي/ايلئوستومي دو تكه,است,covered,نيست,False,خير,False,بله,True,طبق پرونده,نيست,False,بله,True,نيست,False,300000,100.0,0,300000,True,True,205
90007,کيسه كلستومي/ايلئوستومي يك تكه,است,covered,نيست,False,خير,False,بله,True,طبق پرونده,نيست,False,بله,True,نيست,False,270000,100.0,0,270000,True,True,205
52312,ACETAMINOPHEN / CODEINE PHOSPHATE 300 mg/10 mg TABLET ORAL TABLET,است,covered,نيست,False,خير,False,خير,False,200,نيست,False,خير,False,نيست,False,650,70.0,0,650,True,True,205
50610,"DOXORUBICIN HYDROCHLORIDE (PEGYLATED) 2 mg/1mL 10 mL INJECTABLE, LIPOSOMAL PARENTERAL INJECTION",است,covered,نيست,False,خير,False,بله,True,طبق پرونده,است,True,بله,True,است,True,37709250,90.0,2290750,40000000,True,True,205
50438,"DEFERIPRONE 500 mg TABLET, EFFERVESCENT ORAL TABLET",است,covered,نيست,False,خير,False,بله,True,طبق پرونده,نيست,False,بله,True,است,True,115500,100.0,64500,180000,True,True,205
52060,HEPATITIS B IMMUNE GLOBULIN 180 [iU]/1mL 3 mL INJECTION PARENTERAL INJECTION,است,covered,نيست,False,خير,False,خير,False,1,نيست,False,بله,True,است,True,10258000,95.0,24782000,35040000,True,True,206
51936,"PEGFILGRASTIM 10 mg/1mL 0.3 mL INJECTION, SOLUTION PARENTERAL INJECTION",است,covered,نيست,False,خير,False,بله,True,طبق پرونده,است,True,بله,True,است,True,3335001,90.0,788636,4123637,True,True,206
50624,"TEMOZOLOMIDE 100 mg INJECTION, POWDER, LYOPHILIZED, FOR SOLUTION INTRAVENOUS 100MG INJECTION",است,covered,نيست,False,خير,False,بله,True,طبق پرونده,است,True,بله,True,است,True,16000000,90.0,30000000,46000000,True,True,206
90010,کرم يا لوسيون استومي,است,covered,نيست,False,خير,False,بله,True,طبق پرونده,نيست,False,بله,True,نيست,False,960000,70.0,0,960000,True,True,206
90011,کيسه هاي يورستومي کانوکس,است,covered,نيست,False,خير,False,بله,True,طبق پرونده,نيست,False,بله,True,نيست,False,720000,100.0,0,720000,True,True,206
90012,کيسه کلستومي يک تکه با چسب کانوکس,است,covered,نيست,False,خير,False,بله,True,طبق پرونده,نيست,False,بله,True,نيست,False,595000,100.0,0,595000,True,True,206
51937,"TRIPTORELIN (AS ACETATE) 11.25 mg INJECTION, POWDER, LYOPHILIZED, FOR SUSPENSION, EXTENDED RELEASE PARENTERAL INJECTION",است,covered,نيست,False,خير,False,خير,False,1,است,True,بله,True,است,True,14175300,90.0,19226500,33401800,True,True,206
90071,ANETHUM TABLET ORAL TABLET,است,covered,نيست,False,خير,False,خير,False,200,نيست,False,خير,False,نيست,False,700,70.0,0,700,True,True,206
90072,ANGIPARS CAPSULE ORAL CAPSULE,است,covered,نيست,False,خير,False,خير,False,60,نيست,False,خير,False,نيست,False,15000,70.0,0,15000,True,True,206
50823,"FOLLITROPIN BETA 833 [iU]/1mL 1.08 mL INJECTION, SOLUTION PARENTERAL INJECTION",است,covered,نيست,False,خير,False,خير,False,3,نيست,False,بله,True,است,True,269156300,90.0,50403700,319560000,True,True,206
50822,"FOLLITROPIN BETA 833 [iU]/1mL 0.72 mL INJECTION, SOLUTION PARENTERAL INJECTION",است,covered,نيست,False,خير,False,خير,False,3,نيست,False,بله,True,است,True,38264162,90.0,7655838,45920000,True,True,207
50821,"FOLLITROPIN BETA 833 [iU]/1mL 0.36 mL INJECTION, SOLUTION PARENTERAL INJECTION",است,covered,نيست,False,خير,False,خير,False,1,نيست,False,بله,True,است,True,2130000,90.0,0,2130000,True,True,207
51983,"IDARUBICIN HYDROCHLORIDE 1 mg/1mL 5 mL INJECTION, SOLUTION PARENTERAL INJECTION",است,covered,نيست,False,خير,False,بله,True,طبق پرونده,است,True,بله,True,است,True,13067700,90.0,3532300,16600000,True,True,207
51984,"IDARUBICIN HYDROCHLORIDE 1 mg/1mL 10 mL INJECTION, SOLUTION PARENTERAL INJECTION",است,covered,نيست,False,خير,False,بله,True,طبق پرونده,است,True,بله,True,است,True,26511600,90.0,31488400,58000000,True,True,207
50494,"POTASSIUM CHLORIDE CONCENTRATED 1 meq/1mL 50 mL INJECTION, SOLUTION, CONCENTRATE INTRAVENOUS INJECTION",است,covered,نيست,False,خير,False,خير,False,10,نيست,False,بله,True,نيست,False,182100,70.0,0,182100,True,True,207
66677,(exipen)قلم تزريق انسولين,است,covered,نيست,False,خير,False,خير,False,1,نيست,False,خير,False,نيست,False,820000,90.0,0,820000,True,True,207
66676,سرسوزن جهت تزريق کارتريج انسولين ايراني30/70 -رگولار-ايزوفان,است,covered,نيست,False,خير,False,خير,False,10,نيست,False,خير,False,نيست,False,6500,90.0,0,6500,True,True,207
61199,"CICLOSPORIN 100 mg CAPSULE, LIQUID FILLED ORAL [SANDIMMUN NEORAL] 100MG CAPSULE",است,covered,نيست,False,خير,False,خير,False,60,نيست,False,بله,True,است,True,129500,100.0,257700,387200,True,True,207
52345,"ANTI-D IMMUNOGLOBULIN 300 ug/2mL INJECTION, SOLUTION INTRAMUSCULAR INJECTION",است,covered,نيست,False,خير,False,خير,False,1,نيست,False,بله,True,است,True,9340000,70.0,12350000,21690000,True,True,207
T0001,Unknown Drug1,نيست,not_covered,نيست,False,خير,False,خير,False,2000,نيست,False,خير,False,نيست,False,1,0.0,0,1,True,True,207
52255,MACITENTAN 10 mg TABLET ORAL TABLET,است,covered,نيست,False,خير,False,بله,True,طبق پرونده,است,True,بله,True,است,True,50000,90.0,450000,500000,True,True,208
60409,DEFERASIROX 360 mg TABLET ORAL [JADENU] TABLET,است,covered,نيست,False,خير,False,بله,True,طبق پرونده,نيست,False,بله,True,است,True,543000,87.11,707000,1250000,True,True,208
60404,DEFERASIROX 180 mg TABLET ORAL [JADENU] TABLET,است,covered,نيست,False,خير,False,بله,True,طبق پرونده,نيست,False,بله,True,است,True,822000,90.91,0,822000,True,True,208
60399,DEFERASIROX 90 mg TABLET ORAL [JADENU] TABLET,است,covered,نيست,False,خير,False,بله,True,طبق پرونده,نيست,False,بله,True,است,True,55000,90.91,0,55000,True,True,208
66665,THALASSEMIA INSTRUMENT(جهت افراد بالاي 15 سال) SET,است,covered,نيست,False,خير,False,خير,False,1,نيست,False,خير,False,نيست,False,17449625,70.0,0,17449625,True,True,208
51850,"DEXTROSE / SODIUM CHLORIDE 5 %/0.45 % 1000 mL INJECTION, SOLUTION INTRAVENOUS",است,covered,نيست,False,خير,False,خير,False,10,است,True,بله,True,است,True,209400,70.0,0,209400,True,True,208
52343,FLUTICASONE PROPIONATE 50 ug/1{Puff} 100 {Puff} SPRAY NASAL SPRAY,است,covered,نيست,False,خير,False,خير,False,2,نيست,False,بله,True,نيست,False,512421,70.0,57579,570000,True,True,208
51943,SIMPLE EYE 3.5 g OINTMENT OPHTHALMIC OINTMENT,است,covered,نيست,False,خير,False,خير,False,3,نيست,False,بله,True,نيست,False,400000,70.0,0,400000,True,True,208
52342,"FLUDARABINE PHOSPHATE 25 mg/1mL 2 mL INJECTION, SOLUTION PARENTERAL INJECTION",است,covered,نيست,False,خير,False,بله,True,طبق پرونده,است,True,بله,True,است,True,10347000,90.0,10653000,21000000,True,True,208
52661,FAVIPIRAVIR 200 mg TABLET ORAL TABLET,است,covered,نيست,False,خير,False,خير,False,40,نيست,False,بله,True,نيست,False,125000,70.0,43673,168673,True,True,208
52689,"REMDESIVIR 100 mg INJECTION, POWDER, FOR SOLUTION PARENTERAL INJECTION",است,covered,است,True,خير,False,خير,False,6,نيست,False,بله,True,است,True,1,70.0,0,1,True,True,209
52707,"REMDESIVIR 5 mg/1mL 20 mL INJECTION, SOLUTION PARENTERAL INJECTION",است,covered,است,True,خير,False,خير,False,6,نيست,False,بله,True,است,True,1,70.0,0,1,True,True,209
52440,"BUDESONIDE / FORMOTEROL FUMARATE 160 ug/4.5 ug/1{dose} 120 {Puff} AEROSOL, METERED RESPIRATORY",است,covered,نيست,False,خير,False,خير,False,2,نيست,False,بله,True,نيست,False,24254500,70.0,3435500,27690000,True,True,209
52432,"METHOTREXATE 25 mg/1mL 1 mL INJECTION, SOLUTION PARENTERAL INJECTION",است,covered,نيست,False,خير,False,خير,False,10,است,True,بله,True,است,True,3141400,90.0,1858600,5000000,True,True,209
52624,FILGRASTIM 600 ug/1mL 0.25 mL INJECTION PARENTERAL INJECTION,است,covered,نيست,False,خير,False,بله,True,طبق پرونده,نيست,False,بله,True,است,True,700000,90.0,124728,824728,True,True,209
52527,"SULFACETAMIDE SODIUM 20% 5 mL SOLUTION, DROPS OPHTHALMIC DROPS",است,covered,نيست,False,خير,False,خير,False,10,نيست,False,خير,False,نيست,False,395746,70.0,16754,412500,True,True,209
52526,"SULFACETAMIDE SODIUM 10% 5 mL SOLUTION, DROPS OPHTHALMIC DROPS",است,covered,نيست,False,خير,False,خير,False,10,نيست,False,خير,False,نيست,False,309550,70.0,15450,325000,True,True,209
52623,EPOETIN 4000 [iU]/1mL 0.5 mL INJECTION PARENTERAL INJECTION,است,covered,نيست,False,خير,False,خير,False,12,نيست,False,بله,True,است,True,165000,100.0,418082,583082,True,True,209
52695,"INFLUENZA VACCINE, INACTIVATED, TETRAVALENT 1 {dose} INJECTION PARENTERAL INJECTION",صرفا مشمول صندوق صعب العلاج,صرفا مشمول صندوق صعب العلاج,نيست,False,خير,False,خير,False,1,است,True,بله,True,است,True,9170000,0.0,1,9170001,True,True,209
98198,INTERFERON BETA-1A PARENTERAL12000000[iU]/1mL 0.5ML-CRONA INJECTION,است,covered,نيست,False,خير,False,خير,False,5,نيست,False,بله,True,است,True,2629631,96.82,0,2629631,True,True,209
98199,INTERFERON BETA-1A POWDER PARENTERAL6000000 iU- CRONA INJECTION,است,covered,نيست,False,خير,False,خير,False,5,نيست,False,بله,True,است,True,2206310,96.82,0,2206310,True,True,210
98200,"INTERFERON BETA-1B POWDER, FOR SOLUTION PARENTER300 ug-CRONA INJECTION",است,covered,نيست,False,خير,False,خير,False,5,نيست,False,بله,True,است,True,1108080,95.76,0,1108080,True,True,210
98201,INTERFERON B 1A 44MCG/0.5ML -CRONA INJECTION,است,covered,نيست,False,خير,False,خير,False,5,نيست,False,بله,True,است,True,3331627,97.83,0,3331627,True,True,210
52631,"VINBLASTINE SULFATE 1 mg/1mL 10 mL INJECTION, SOLUTION PARENTERAL INJECTION",است,covered,نيست,False,خير,False,بله,True,طبق پرونده,نيست,False,بله,True,است,True,257670,90.0,2372330,2630000,True,True,210
52335,"GEMCITABINE HYDROCHLORIDE 10 mg/1mL 100 mL INJECTION, SOLUTION, CONCENTRATE PARENTERAL INJECTION",است,covered,نيست,False,خير,False,بله,True,طبق پرونده,است,True,بله,True,است,True,2000000,90.0,0,2000000,True,True,210
52338,"GEMCITABINE HYDROCHLORIDE 100 mg/1mL 10 mL INJECTION, SOLUTION, CONCENTRATE PARENTERAL INJECTION",است,covered,نيست,False,خير,False,بله,True,طبق پرونده,است,True,بله,True,است,True,6392985,90.0,2607015,9000000,True,True,210
52336,"GEMCITABINE HYDROCHLORIDE 100 mg/1mL 2 mL INJECTION, SOLUTION, CONCENTRATE PARENTERAL INJECTION",است,covered,نيست,False,خير,False,بله,True,طبق پرونده,است,True,بله,True,است,True,2853500,90.0,1546500,4400000,True,True,210
52337,"GEMCITABINE HYDROCHLORIDE 10 mg/1mL 20 mL INJECTION, SOLUTION, CONCENTRATE PARENTERAL INJECTION",است,covered,نيست,False,خير,False,بله,True,طبق پرونده,نيست,False,بله,True,است,True,492500,90.0,0,492500,True,True,210
52349,"DOCETAXEL 20 mg/1mL 1 mL INJECTION, SOLUTION INTRAVENOUS INJECTION",است,covered,نيست,False,خير,False,بله,True,طبق پرونده,است,True,بله,True,است,True,3499278,90.0,1000722,4500000,True,True,210
52319,TRIENTINE HYDROCHLORIDE 250 mg CAPSULE ORAL CAPSULE,است,covered,نيست,False,خير,False,بله,True,طبق پرونده,نيست,False,بله,True,است,True,1309880,90.0,890120,2200000,True,True,210
52504,PEGASPARGASE 750 [iU]/1mL 5 mL INJECTION PARENTERAL INJECTION,است,covered,نيست,False,خير,False,بله,True,طبق پرونده,است,True,بله,True,است,True,106260000,70.0,170000000,276260000,True,True,211
52340,"AMINO ACID 10% (2) 500 mL INJECTION, SOLUTION INTRAVENOUS [AMINOPLASMAL B.BRAUN 10%] INFUSION",است,covered,نيست,False,خير,False,خير,False,5,نيست,False,بله,True,است,True,16196000,70.0,1584000,17780000,True,True,211
52263,EPOETIN 4000 [iU]/0.3mL INJECTION PARENTERAL INJECTION,است,covered,نيست,False,خير,False,خير,False,12,نيست,False,بله,True,است,True,3757155,100.0,842845,4600000,True,True,211
52264,EPOETIN 10000 [iU]/0.6mL INJECTION PARENTERAL INJECTION,است,covered,نيست,False,خير,False,بله,True,طبق پرونده,نيست,False,بله,True,است,True,6104710,100.0,1895290,8000000,True,True,211
52246,EPOETIN 2000 [iU]/0.3mL INJECTION PARENTERAL INJECTION,است,covered,نيست,False,خير,False,خير,False,12,نيست,False,بله,True,است,True,165000,100.0,418082,583082,True,True,211
52095,AMINOACID 10% WITH ELECTROLYTE SOLUTION 500ML INFUSION,است,covered,نيست,False,خير,False,خير,False,5,نيست,False,بله,True,است,True,378000,70.0,0,378000,True,True,211
52626,"EPOETIN 4000 [iU]/0.5mL INJECTION, SOLUTION PARENTERAL INJECTION",است,covered,نيست,False,خير,False,خير,False,12,نيست,False,بله,True,است,True,3757155,100.0,842845,4600000,True,True,211
52506,"DAUNORUBICIN (AS HYDROCHLORIDE) 2 mg/1mL 10 mL INJECTION, SOLUTION PARENTERAL INJECTION",است,covered,نيست,False,خير,False,بله,True,طبق پرونده,نيست,False,بله,True,است,True,901201,70.0,3164799,4066000,True,True,211
51252,CHARCOAL ACTIVATED 200 mg/1mL 250 mL SUSPENSION ORAL SUSPENTION,صرفا مشمول يارانه دولت,government_subsidy_only,است,True,خير,False,خير,False,1,نيست,False,بله,True,است,True,6047600,0.0,5417400,11465000,True,True,211
52234,SACUBITRIL / VALSARTAN 97 mg/103 mg TABLET ORAL TABLET,صرفا مشمول يارانه دولت,government_subsidy_only,نيست,False,خير,False,خير,False,200,است,True,بله,True,است,True,345313,0.0,61687,407000,True,True,211
51831,"PEMBROLIZUMAB 50 mg INJECTION, POWDER, LYOPHILIZED, FOR SOLUTION PARENTERAL INJECTION",است,covered,نيست,False,خير,False,بله,True,طبق پرونده,نيست,False,بله,True,است,True,0,0.0,1,1,True,True,212
52412,FORMOTEROL FUMARATE 12 ug/1{dose} 120 {Puff} POWDER RESPIRATORY SPRAY,است,covered,نيست,False,خير,False,خير,False,2,نيست,False,بله,True,نيست,False,980000,70.0,4087000,5067000,True,True,212
51005,SACUBITRIL / VALSARTAN 49 mg/51 mg TABLET ORAL TABLET,صرفا مشمول يارانه دولت,government_subsidy_only,نيست,False,خير,False,خير,False,200,است,True,بله,True,است,True,211893,0.0,30107,242000,True,True,212
50908,"TOCILIZUMAB 20 mg/1mL 10 mL INJECTION, SOLUTION, CONCENTRATE PARENTERAL INJECTION",است,covered,است,True,خير,False,خير,False,4,نيست,False,بله,True,نيست,False,1,70.0,0,1,True,True,212
52179,LACOSAMIDE 150 mg TABLET ORAL TABLET,صرفا مشمول يارانه دولت,government_subsidy_only,نيست,False,خير,False,خير,False,200,نيست,False,خير,False,است,True,175000,0.0,75000,250000,True,True,212
52379,"POTASSIUM CHLORIDE CONCENTRATED 2 meq/1mL 10 mL INJECTION, SOLUTION, CONCENTRATE INTRAVENOUS INJECTION",است,covered,نيست,False,خير,False,خير,False,20,نيست,False,بله,True,نيست,False,840000,70.0,200000,1040000,True,True,212
52429,UMECLIDINIUM (AS BROMIDE) / VILANTEROL (AS TRIFENATATE) 62.5 ug/25 ug/1{Puff} POWDER RESPIRATORY POWDER,است,covered,نيست,False,خير,False,خير,False,1,نيست,False,بله,True,است,True,1423000,70.0,6267000,7690000,True,True,212
52351,DIAZOXIDE 50 mg TABLET ORAL TABLET,است,covered,نيست,False,خير,False,بله,True,طبق پرونده,نيست,False,بله,True,نيست,False,2092222,70.0,407778,2500000,True,True,212
51000,ELTROMBOPAG (AS OLAMINE) 25 mg TABLET ORAL TABLET,است,covered,نيست,False,خير,False,بله,True,طبق پرونده,نيست,False,بله,True,است,True,1550000,70.0,0,1550000,True,True,212
23161,REGORAFENIB 40 mg TABLET ORAL TABLET,صرفا مشمول صندوق صعب العلاج,صرفا مشمول صندوق صعب العلاج,نيست,False,خير,False,بله,True,طبق پرونده,است,True,بله,True,است,True,1,0.0,1,2,True,True,212
50882,"TRASTUZUMAB EMTANSINE 160 mg INJECTION, POWDER, LYOPHILIZED, FOR SOLUTION PARENTERAL INJECTION",است,covered,نيست,False,خير,False,بله,True,طبق پرونده,است,True,بله,True,است,True,230000000,70.0,65000000,295000000,True,True,213
52032,"IPRATROPIUM BROMIDE 21 ug/1{Puff} 15 mL SPRAY, METERED NASAL SPRAY",است,covered,نيست,False,خير,False,خير,False,2,نيست,False,بله,True,نيست,False,1855170,70.0,44830,1900000,True,True,213
50710,"MYCOPHENOLATE MOFETIL 1 g/5mL 110 g POWDER, FOR SUSPENSION ORAL SUSPENTION",صرفا مشمول صندوق صعب العلاج,صرفا مشمول صندوق صعب العلاج,نيست,False,خير,False,خير,False,5,است,True,بله,True,است,True,5870000,0.0,1,5870001,True,True,213
50695,ESTRADIOL HEMIHYDRATE / LEVONORGESTREL 1.5 mg/0.525 mg/15cm2 PATCH TRANSDERMAL PATCH,است,covered,نيست,False,خير,False,خير,False,1,نيست,False,خير,False,نيست,False,0,70.0,0,0,True,True,213
50751,PIRFENIDONE 267 mg CAPSULE ORAL CAPSULE,صرفا مشمول يارانه دولت,government_subsidy_only,نيست,False,خير,False,بله,True,طبق پرونده,نيست,False,بله,True,نيست,False,77560,0.0,192440,270000,True,True,213
50712,PALBOCICLIB 125 mg CAPSULE ORAL CAPSULE,است,covered,نيست,False,خير,False,بله,True,طبق پرونده,است,True,بله,True,است,True,6058173,70.0,2241827,8300000,True,True,213
52186,VENETOCLAX 100 mg TABLET ORAL TABLET,است,covered,نيست,False,خير,False,بله,True,طبق پرونده,نيست,False,بله,True,است,True,12000000,70.0,4000000,16000000,True,True,213
51962,LEVODOPA / CARBIDOPA / ENTACAPONE 200 mg/50 mg/200 mg TABLET ORAL TABLET,صرفا مشمول يارانه دولت,government_subsidy_only,نيست,False,خير,False,خير,False,300,نيست,False,بله,True,است,True,90000,0.0,60000,150000,True,True,213
52404,"CYTARABINE 20 mg/1mL 50 mL INJECTION, SOLUTION PARENTERAL INJECTION",است,covered,نيست,False,خير,False,بله,True,طبق پرونده,نيست,False,بله,True,است,True,8861200,90.0,4138800,13000000,True,True,213
23986,"PERTUZUMAB 30 mg/1mL 14 mL INJECTION, SOLUTION, CONCENTRATE PARENTERAL INJECTION",صرفا مشمول يارانه دولت,government_subsidy_only,نيست,False,خير,False,بله,True,طبق پرونده,است,True,بله,True,است,True,150000000,0.0,30000000,180000000,True,True,213
52384,TRACE METAL COMBINATION (2-2) 10 mL INJECTION PARENTERAL INJECTION,صرفا مشمول يارانه دولت,government_subsidy_only,نيست,False,خير,False,خير,False,5,نيست,False,بله,True,نيست,False,1578700,0.0,4151300,5730000,True,True,214
50769,IBRUTINIB 140 mg CAPSULE ORAL CAPSULE,صرفا مشمول يارانه دولت,government_subsidy_only,نيست,False,خير,False,بله,True,طبق پرونده,نيست,False,بله,True,است,True,3300000,0.0,900000,4200000,True,True,214
50702,SACUBITRIL / VALSARTAN 24 mg/26 mg TABLET ORAL TABLET,صرفا مشمول يارانه دولت,government_subsidy_only,نيست,False,خير,False,خير,False,200,است,True,بله,True,است,True,127416,0.0,15584,143000,True,True,214
50266,HYDROCHLOROTHIAZIDE 12.5 mg TABLET ORAL TABLET,است,covered,نيست,False,خير,False,خير,False,200,نيست,False,خير,False,نيست,False,19350,70.0,650,20000,True,True,214
52177,LACOSAMIDE 100 mg TABLET ORAL TABLET,صرفا مشمول يارانه دولت,government_subsidy_only,نيست,False,خير,False,خير,False,200,نيست,False,خير,False,است,True,110000,0.0,60000,170000,True,True,214
51526,"OXYCODONE HYDROCHLORIDE 40 mg TABLET, EXTENDED RELEASE ORAL TABLET",صرفا مشمول يارانه دولت,government_subsidy_only,است,True,خير,False,خير,False,20,نيست,False,بله,True,نيست,False,62020,0.0,107980,170000,True,True,214
91326,PERFORAN FC TABLET ORAL,است,covered,نيست,False,خير,False,خير,False,60,نيست,False,خير,False,نيست,False,2666,70.0,0,2666,True,True,214
52306,BUDESONIDE 0.5 mg/1mL 2 mL SUSPENSION RESPIRATORY SUSPENTION,است,covered,نيست,False,خير,False,خير,False,60,نيست,False,بله,True,نيست,False,1062000,70.0,198000,1260000,True,True,214
52366,"EDARAVONE 30 mg/20mL INJECTION, SOLUTION PARENTERAL INJECTION",است,covered,نيست,False,خير,False,بله,True,طبق پرونده,است,True,بله,True,است,True,2477999,70.0,172001,2650000,True,True,214
50393,"OLANZAPINE 10 mg INJECTION, POWDER, FOR SOLUTION PARENTERAL INJECTION",صرفا مشمول يارانه دولت,government_subsidy_only,نيست,False,خير,False,خير,False,2,نيست,False,بله,True,نيست,False,242465,0.0,757535,1000000,True,True,214
52402,"PENICILLIN V (AS POTASSIUM) 250 mg/5mL 100 mL POWDER, FOR SUSPENSION ORAL SOLUTION",است,covered,نيست,False,خير,False,خير,False,3,نيست,False,خير,False,نيست,False,624372,70.0,75628,700000,True,True,215
52318,METHOCARBAMOL 750 mg TABLET ORAL TABLET,است,covered,نيست,False,خير,False,خير,False,100,نيست,False,خير,False,نيست,False,30979,70.0,9021,40000,True,True,215
52460,ANTIHISTAMINE DECONGESTANT (2) 4 mg/10 mg TABLET ORAL TABLET,است,covered,است,True,خير,False,خير,False,60,نيست,False,خير,False,نيست,False,16980,70.0,3020,20000,True,True,215
52474,DOXYCYCLINE (AS HYCLATE) 100 mg CAPSULE ORAL CAPSULE,است,covered,نيست,False,خير,False,خير,False,200,نيست,False,خير,False,نيست,False,70000,70.0,0,70000,True,True,215
52178,LACOSAMIDE 50 mg TABLET ORAL TABLET,صرفا مشمول يارانه دولت,government_subsidy_only,نيست,False,خير,False,خير,False,200,است,True,خير,False,است,True,55000,0.0,35000,90000,True,True,215
50996,"RISPERIDONE 50 mg INJECTION, POWDER, FOR SUSPENSION, EXTENDED RELEASE PARENTERAL INJECTION",صرفا مشمول يارانه دولت,government_subsidy_only,نيست,False,خير,False,خير,False,2,نيست,False,بله,True,است,True,13386000,0.0,29094000,42480000,True,True,215
52332,"TACROLIMUS 1 mg CAPSULE, EXTENDED RELEASE ORAL CAPSULE",است,covered,نيست,False,خير,False,بله,True,طبق پرونده,نيست,False,بله,True,است,True,290050,100.0,49950,340000,True,True,215
52241,EMPAGLIFLOZIN / METFORMIN HYDROCHLORIDE 12.5 mg/500 mg TABLET ORAL TABLET,است,covered,نيست,False,خير,False,خير,False,100,نيست,False,خير,False,است,True,64516,70.0,30484,95000,True,True,215
50986,"TRASTUZUMAB EMTANSINE 100 mg INJECTION, POWDER, LYOPHILIZED, FOR SOLUTION PARENTERAL INJECTION",است,covered,نيست,False,خير,False,بله,True,طبق پرونده,است,True,بله,True,است,True,140000000,70.0,35000000,175000000,True,True,215
52393,"CYTARABINE 100 mg INJECTION, POWDER, FOR SOLUTION PARENTERAL INJECTION",است,covered,نيست,False,خير,False,بله,True,طبق پرونده,نيست,False,بله,True,است,True,203500,90.0,0,203500,True,True,215
52020,"THIOTEPA 100 mg INJECTION, POWDER, FOR SOLUTION PARENTERAL INJECTION",صرفا مشمول صندوق صعب العلاج,صرفا مشمول صندوق صعب العلاج,نيست,False,خير,False,خير,False,10,است,True,بله,True,است,True,89099999,0.0,1,89100000,True,True,216
52394,"CYTARABINE 100 mg/1mL 10 mL INJECTION, SOLUTION PARENTERAL INJECTION",است,covered,نيست,False,خير,False,بله,True,طبق پرونده,نيست,False,بله,True,است,True,1046000,90.0,4627000,5673000,True,True,216
52438,"THEOPHYLLINE 300 mg CAPSULE, COATED, EXTENDED RELEASE ORAL CAPSULE",است,covered,نيست,False,خير,False,خير,False,200,نيست,False,خير,False,نيست,False,16239,70.0,2761,19000,True,True,216
52307,MEGESTROL ACETATE 40 mg/1mL 20 mL SUSPENSION ORAL SUSPENTION,صرفا مشمول يارانه دولت,government_subsidy_only,نيست,False,خير,False,خير,False,5,نيست,False,بله,True,نيست,False,1161900,0.0,108100,1270000,True,True,216
51899,HYDROXOCOBALAMIN 5 mg/1mL 2 mL INJECTION PARENTERAL INJECTION,صرفا مشمول يارانه دولت,government_subsidy_only,است,True,خير,False,خير,False,5,است,True,بله,True,است,True,634200,0.0,652800,1287000,True,True,216
25268,"PEMBROLIZUMAB 25 mg/1mL 4 mL INJECTION, SOLUTION PARENTERAL INJECTION",است,covered,نيست,False,خير,False,بله,True,طبق پرونده,است,True,بله,True,است,True,1,45.0,1,2,True,True,216
50911,OSIMERTINIB (AS MESYLATE) 80 mg TABLET ORAL TABLET,صرفا مشمول صندوق صعب العلاج,صرفا مشمول صندوق صعب العلاج,نيست,False,خير,False,بله,True,طبق پرونده,است,True,بله,True,است,True,4679999,0.0,1,4680000,True,True,216
51525,"OXYCODONE HYDROCHLORIDE 10 mg TABLET, EXTENDED RELEASE ORAL TABLET",صرفا مشمول يارانه دولت,government_subsidy_only,است,True,خير,False,خير,False,20,نيست,False,بله,True,نيست,False,21850,0.0,43150,65000,True,True,216
52270,"CO-AMOXICLAV 600 mg/42.9 mg/5mL 100 mL POWDER, FOR SUSPENSION ORAL SUSPENTION",صرفا مشمول يارانه دولت,government_subsidy_only,نيست,False,خير,False,خير,False,3,نيست,False,خير,False,نيست,False,1310900,0.0,539100,1850000,True,True,216
52358,TIOTROPIUM (AS BROMIDE) 2.5 ug/1{Puff} 30 {dose} SOLUTION RESPIRATORY SOLUTION,است,covered,نيست,False,خير,False,خير,False,2,نيست,False,بله,True,است,True,3366450,70.0,5802326,9168776,True,True,216
23169,"TIGECYCLINE 50 mg INJECTION, POWDER, LYOPHILIZED, FOR SOLUTION PARENTERAL INJECTION",صرفا مشمول يارانه دولت,government_subsidy_only,است,True,خير,False,خير,False,10,نيست,False,بله,True,نيست,False,4090970,0.0,1909030,6000000,True,True,217
52333,"TACROLIMUS 5 mg CAPSULE, EXTENDED RELEASE ORAL CAPSULE",است,covered,نيست,False,خير,False,بله,True,طبق پرونده,است,True,بله,True,است,True,334500,70.0,1275500,1610000,True,True,217
52433,FUROSEMIDE 10 mg/1mL 25 mL INJECTION INTRAVENOUS INJECTION,است,covered,نيست,False,خير,False,خير,False,10,نيست,False,خير,False,نيست,False,70000,70.0,0,70000,True,True,217
52378,SODIUM CHLORIDE 7% 4 mL SOLUTION RESPIRATORY SOLUTION,است,covered,نيست,False,خير,False,بله,True,طبق پرونده,است,True,خير,False,است,True,42750,70.0,7150,49900,True,True,217
51001,ELTROMBOPAG (AS OLAMINE) 50 mg TABLET ORAL TABLET,است,covered,نيست,False,خير,False,بله,True,طبق پرونده,نيست,False,بله,True,است,True,2288780,70.0,511220,2800000,True,True,217
50910,OSIMERTINIB (AS MESYLATE) 40 mg TABLET ORAL TABLET,صرفا مشمول صندوق صعب العلاج,صرفا مشمول صندوق صعب العلاج,نيست,False,خير,False,بله,True,طبق پرونده,است,True,بله,True,است,True,3309999,0.0,1,3310000,True,True,217
52369,"OFLOXACIN 3 mg/1mL 5 mL SOLUTION, DROPS OPHTHALMIC DROPS",صرفا مشمول يارانه دولت,government_subsidy_only,نيست,False,خير,False,خير,False,3,نيست,False,خير,False,نيست,False,620828,0.0,19172,640000,True,True,217
52236,"MESALAZINE 4 g GRANULE, EXTENDED RELEASE ORAL GRANULE",است,covered,نيست,False,خير,False,خير,False,15,نيست,False,بله,True,است,True,167738,70.0,62262,230000,True,True,217
52322,LISDEXAMFETAMINE MESILATE 30 mg CAPSULE ORAL CAPSULE,صرفا مشمول يارانه دولت,government_subsidy_only,نيست,False,خير,False,خير,False,100,نيست,False,بله,True,نيست,False,215253,0.0,234747,450000,True,True,217
52308,"BUDESONIDE 200 ug/1{dose} 100 {dose} POWDER, METERED RESPIRATORY INHALATION",است,covered,نيست,False,خير,False,خير,False,2,نيست,False,بله,True,نيست,False,348195,70.0,1863805,2212000,True,True,217
52428,OLAPARIB 50 mg CAPSULE ORAL CAPSULE,صرفا مشمول صندوق صعب العلاج,صرفا مشمول صندوق صعب العلاج,نيست,False,خير,False,بله,True,طبق پرونده,است,True,بله,True,است,True,1,0.0,1,2,True,True,218
52479,"LEVODOPA / CARBIDOPA 200 mg/50 mg TABLET, EXTENDED RELEASE ORAL TABLET",است,covered,نيست,False,خير,False,خير,False,450,نيست,False,بله,True,است,True,8200,70.0,15734,23934,True,True,218
50841,"BRENTUXIMAB VEDOTIN 50 mg INJECTION, POWDER, FOR SOLUTION PARENTERAL INJECTION",صرفا مشمول يارانه دولت,government_subsidy_only,نيست,False,بله,True,بله,True,طبق پرونده,است,True,بله,True,است,True,227348000,0.0,544852000,772200000,True,True,218
50886,DASATINIB 50 mg TABLET ORAL TABLET,است,covered,نيست,False,خير,False,بله,True,طبق پرونده,است,True,بله,True,است,True,2269080,70.0,830920,3100000,True,True,218
52033,"IPRATROPIUM BROMIDE 42 ug/1{Puff} SPRAY, METERED NASAL SPRAY",است,covered,نيست,False,خير,False,خير,False,2,نيست,False,بله,True,نيست,False,2031842,70.0,68158,2100000,True,True,218
51473,IVERMECTIN 6 mg TABLET ORAL TABLET,صرفا مشمول يارانه دولت,government_subsidy_only,نيست,False,خير,False,خير,False,100,نيست,False,بله,True,نيست,False,336988,0.0,23012,360000,True,True,218
52439,"THEOPHYLLINE 400 mg CAPSULE, COATED, EXTENDED RELEASE ORAL CAPSULE",است,covered,نيست,False,خير,False,خير,False,100,نيست,False,خير,False,نيست,False,21000,70.0,0,21000,True,True,218
62883,"CICLOSPORIN 50 mg CAPSULE, LIQUID FILLED ORAL [SANDIMMUN NEORAL] 50MG CAPSULE",است,covered,نيست,False,خير,False,خير,False,60,نيست,False,بله,True,است,True,72000,100.0,138500,210500,True,True,218
81415,"MULTIVITAMIN SOLUTION, DROPS ORAL 15 mL DROPS",صرفا مشمول صندوق صعب العلاج,صرفا مشمول صندوق صعب العلاج,نيست,False,خير,False,خير,False,0,است,True,خير,False,است,True,1,0.0,1,2,True,True,218
90329,C-LAX TABLET ORAL,است,covered,نيست,False,خير,False,خير,False,60,نيست,False,خير,False,نيست,False,1920,70.0,0,1920,True,True,218
91411,PROSTATAN FC TABLET ORAL,است,covered,نيست,False,خير,False,خير,False,60,نيست,False,خير,False,نيست,False,2666,70.0,0,2666,True,True,219
91083,MEMORAL CAPSULE ORAL,است,covered,نيست,False,خير,False,خير,False,60,نيست,False,خير,False,نيست,False,4000,70.0,0,4000,True,True,219
91334,PHYTHOLAX CAPSULE ORAL,است,covered,نيست,False,خير,False,خير,False,60,نيست,False,خير,False,نيست,False,2766,70.0,0,2766,True,True,219
61201,"CICLOSPORIN 25 mg CAPSULE, LIQUID FILLED ORAL [SANDIMMUN NEORAL] 25MG CAPSULE",است,covered,نيست,False,خير,False,خير,False,180,نيست,False,بله,True,است,True,35125,100.0,69975,105100,True,True,219
52462,BISMUTH SUBCITRATE EQU. TO BISMUTH OXIDE ORAL 120 mg TABLET,است,covered,نيست,False,خير,False,خير,False,200,نيست,False,خير,False,نيست,False,7500,70.0,0,7500,True,True,219
52533,SALMETEROL (AS XINAFOATE) / FLUTICASONE PROPIONATE 50 ug/250 ug/1{dose} CAPSULE RESPIRATORY CAPSULE,است,covered,نيست,False,خير,False,خير,False,120,نيست,False,بله,True,نيست,False,152760,70.0,32240,185000,True,True,219
52531,SALMETEROL (AS XINAFOATE) / FLUTICASONE PROPIONATE 50 ug/100 ug/1{dose} CAPSULE RESPIRATORY CAPSULE,است,covered,نيست,False,خير,False,خير,False,60,نيست,False,بله,True,نيست,False,98000,70.0,0,98000,True,True,219
51504,"HEMODIALYSIS CONCENTRATED III ACIDIC SOLUTION, CONCENTRATE HEMODIALYSIS SOLUTION",است,covered,نيست,False,خير,False,خير,False,5000,نيست,False,بله,True,نيست,False,3165100,70.0,334900,3500000,True,True,219
52535,SALMETEROL (AS XINAFOATE) / FLUTICASONE PROPIONATE 50 ug/500 ug/1{dose} CAPSULE RESPIRATORY CAPSULE,است,covered,نيست,False,خير,False,خير,False,120,نيست,False,بله,True,نيست,False,151200,70.0,40300,191500,True,True,219
52728,OLAPARIB 150 mg TABLET ORAL TABLET,صرفا مشمول يارانه دولت,government_subsidy_only,نيست,False,خير,False,بله,True,طبق پرونده,است,True,بله,True,است,True,8400000,0.0,5600000,14000000,True,True,219
51502,"HEMODIALYSIS CONCENTRATED I ACIDIC SOLUTION, CONCENTRATE HEMODIALYSIS SOLUTION",است,covered,نيست,False,خير,False,خير,False,5000,نيست,False,بله,True,نيست,False,3165100,70.0,334900,3500000,True,True,220
52437,"THEOPHYLLINE 100 mg CAPSULE, COATED, EXTENDED RELEASE ORAL CAPSULE",است,covered,نيست,False,خير,False,خير,False,200,نيست,False,خير,False,نيست,False,14500,70.0,0,14500,True,True,220
52445,"CHLORAMPHENICOL 0.5% 5 mL SOLUTION, DROPS OPHTHALMIC DROPS",است,covered,نيست,False,خير,False,خير,False,5,نيست,False,خير,False,نيست,False,501560,70.0,228440,730000,True,True,220
52452,DIAZEPAM 2 mg/5 mL 120 mL SOLUTION ORAL SOLUTION,است,covered,نيست,False,خير,False,خير,False,3,نيست,False,خير,False,نيست,False,25000,70.0,0,25000,True,True,220
52714,"METHOTREXATE 100 mg/1mL 10 mL INJECTION, SOLUTION, CONCENTRATE PARENTERAL INJECTION",است,covered,نيست,False,خير,False,بله,True,طبق پرونده,است,True,بله,True,است,True,8524100,90.0,4275900,12800000,True,True,220
51851,HEPARIN SODIUM 5000 [iU]/1mL 5 mL INJECTION PARENTERAL INJECTION,است,covered,نيست,False,خير,False,خير,False,10,نيست,False,بله,True,نيست,False,210000,70.0,0,210000,True,True,220
52367,"EDARAVONE 30 mg/100mL INJECTION, SOLUTION PARENTERAL",است,covered,نيست,False,خير,False,بله,True,طبق پرونده,است,True,بله,True,است,True,1191700,70.0,138000,1329700,True,True,220
52539,DASATINIB 100 mg TABLET ORAL TABLET,است,covered,نيست,False,خير,False,بله,True,طبق پرونده,است,True,بله,True,است,True,3960500,70.0,2039500,6000000,True,True,220
52471,BLEOMYCIN 15 [iU] INJECTION PARENTERAL INJECTION,است,covered,نيست,False,خير,False,بله,True,طبق پرونده,نيست,False,بله,True,است,True,722000,90.0,0,722000,True,True,220
52458,"BUDESONIDE 9 mg TABLET, EXTENDED RELEASE ORAL",است,covered,نيست,False,خير,False,خير,False,60,است,True,خير,False,نيست,False,89208,70.0,75792,165000,True,True,220
52688,OXANDROLONE 10 mg TABLET ORAL,است,covered,نيست,False,خير,False,خير,False,200,نيست,False,خير,False,نيست,False,164780,70.0,45420,210200,True,True,221
52435,CIPROFLOXACIN (AS HYDROCHLORIDE) 750 mg TABLET ORAL,است,covered,نيست,False,خير,False,خير,False,50,نيست,False,خير,False,نيست,False,48490,70.0,33510,82000,True,True,221
52528,"CIPROFLOXACIN (AS HYDROCHLORIDE) 0.3% 5 mL SOLUTION, DROPS OPHTHALMIC",است,covered,نيست,False,خير,False,خير,False,5,است,True,خير,False,است,True,251440,70.0,8560,260000,True,True,221
52638,"BUDESONIDE 100 ug/1{dose} 200 {dose} AEROSOL, METERED RESPIRATORY",صرفا مشمول يارانه دولت,government_subsidy_only,نيست,False,خير,False,خير,False,2,نيست,False,خير,False,نيست,False,90000,0.0,46138,136138,True,True,221
52620,ETHOSUXIMIDE 250 mg/5mL 200 mL SYRUP ORAL,صرفا مشمول يارانه دولت,government_subsidy_only,نيست,False,خير,False,خير,False,3,نيست,False,بله,True,است,True,4128100,0.0,6415200,10543300,True,True,221
52692,"EMPAGLIFLOZIN / METFORMIN HYDROCHLORIDE 12.5 mg/1000 mg TABLET, EXTENDED RELEASE ORAL",است,covered,نيست,False,خير,False,خير,False,100,نيست,False,خير,False,است,True,85000,70.0,36468,121468,True,True,221
52216,TOFACITINIB (AS CITRATE) 10 mg TABLET ORAL TABLET,است,covered,نيست,False,خير,False,بله,True,طبق پرونده,است,True,بله,True,است,True,381652,70.0,268348,650000,True,True,221
52691,"EMPAGLIFLOZIN / METFORMIN HYDROCHLORIDE 5 mg/1000 mg TABLET, EXTENDED RELEASE ORAL",است,covered,نيست,False,خير,False,خير,False,100,نيست,False,خير,False,است,True,77000,70.0,26902,103902,True,True,221
52663,"IPRATROPIUM BROMIDE 21 ug/1{Puff} 25 mL SPRAY, METERED NASAL",است,covered,نيست,False,خير,False,خير,False,2,نيست,False,بله,True,نيست,False,1930001,70.0,69999,2000000,True,True,221
52455,DILTIAZEM HYDROCHLORIDE 30 mg TABLET ORAL,است,covered,نيست,False,خير,False,خير,False,200,نيست,False,خير,False,نيست,False,13294,70.0,1206,14500,True,True,221
52635,"BUDESONIDE 3 mg CAPSULE, EXTENDED RELEASE ORAL",است,covered,نيست,False,خير,False,خير,False,180,است,True,خير,False,نيست,False,1359,70.0,64641,66000,True,True,222
52459,OLOPATADINE HYDROCHLORIDE 0.6% 15 mL SPRAY NASAL INHALATION,صرفا مشمول يارانه دولت,government_subsidy_only,نيست,False,خير,False,خير,False,2,نيست,False,بله,True,نيست,False,666918,0.0,249782,916700,True,True,222
52537,ACETYLCYSTEINE 600 mg TABLET ORAL TABLET,است,covered,نيست,False,خير,False,خير,False,100,نيست,False,خير,False,نيست,False,5500,70.0,7902,13402,True,True,222
52456,DILTIAZEM HYDROCHLORIDE 90 mg TABLET ORAL,است,covered,نيست,False,خير,False,خير,False,200,نيست,False,خير,False,نيست,False,15532,70.0,1968,17500,True,True,222
52243,"EMPAGLIFLOZIN / METFORMIN HYDROCHLORIDE 25 mg/1000 mg TABLET, EXTENDED RELEASE ORAL",است,covered,نيست,False,خير,False,خير,False,100,نيست,False,خير,False,است,True,95000,70.0,65056,160056,True,True,222
52656,RIBAVIRIN 600 mg TABLET ORAL,صرفا مشمول يارانه دولت,government_subsidy_only,نيست,False,خير,False,خير,False,100,نيست,False,بله,True,نيست,False,28700,0.0,34467,63167,True,True,222
52324,LISDEXAMFETAMINE MESILATE 50 mg CAPSULE ORAL CAPSULE,صرفا مشمول يارانه دولت,government_subsidy_only,نيست,False,خير,False,خير,False,100,نيست,False,بله,True,نيست,False,310385,0.0,389615,700000,True,True,222
52326,LISDEXAMFETAMINE MESILATE 70 mg CAPSULE ORAL CAPSULE,صرفا مشمول يارانه دولت,government_subsidy_only,نيست,False,خير,False,خير,False,100,نيست,False,بله,True,نيست,False,413122,0.0,486878,900000,True,True,222
52673,DOMPERIDONE 1 mg/1 mL 120 mL SUSPENSION ORAL,صرفا مشمول يارانه دولت,government_subsidy_only,نيست,False,خير,False,خير,False,2,نيست,False,خير,False,نيست,False,486455,0.0,68545,555000,True,True,222
52719,IODIXANOL 270 mg/1mL 100 mL INJECTION PARENTERAL,است,covered,نيست,False,خير,False,خير,False,3,نيست,False,بله,True,است,True,1908300,70.0,0,1908300,True,True,222
52677,ENTECAVIR 0.5 mg TABLET ORAL,صرفا مشمول يارانه دولت,government_subsidy_only,نيست,False,خير,False,خير,False,100,نيست,False,بله,True,نيست,False,38500,0.0,29930,68430,True,True,223
52448,DUTASTERIDE / TAMSULOSIN 0.5 mg/0.4 mg CAPSULE ORAL,صرفا مشمول يارانه دولت,government_subsidy_only,نيست,False,خير,False,خير,False,60,نيست,False,خير,False,نيست,False,66000,0.0,154000,220000,True,True,223
52622,"ASA / ASCORBIC ACID 400 mg/240 mg TABLET, EFFERVESCENT ORAL",صرفا مشمول صندوق صعب العلاج,صرفا مشمول صندوق صعب العلاج,نيست,False,خير,False,خير,False,5000,است,True,خير,False,است,True,12000,0.0,1,12001,True,True,223
52670,DESONIDE 0.05% 15 g OINTMENT TOPICAL,صرفا مشمول يارانه دولت,government_subsidy_only,نيست,False,خير,False,خير,False,3,نيست,False,خير,False,نيست,False,545566,0.0,54434,600000,True,True,223
52672,"MESALAZINE 1200 mg TABLET, EXTENDED RELEASE ORAL TABLET",است,covered,نيست,False,خير,False,خير,False,100,نيست,False,بله,True,است,True,177310,70.0,102690,280000,True,True,223
52633,ACETAMINOPHEN / OXYCODONE HYDROCHLORIDE 325 mg/10 mg TABLET ORAL,صرفا مشمول يارانه دولت,government_subsidy_only,نيست,False,خير,False,خير,False,20,نيست,False,بله,True,نيست,False,22298,0.0,1902,24200,True,True,223
52632,ACETAMINOPHEN / OXYCODONE HYDROCHLORIDE 325 mg/5 mg TABLET ORAL,صرفا مشمول يارانه دولت,government_subsidy_only,نيست,False,خير,False,خير,False,20,نيست,False,بله,True,نيست,False,16893,0.0,1637,18530,True,True,223
52674,CHLORPROMAZINE HYDROCHLORIDE 25 mg/5mL 125 mL SOLUTION ORAL,صرفا مشمول يارانه دولت,government_subsidy_only,نيست,False,خير,False,خير,False,3,نيست,False,خير,False,نيست,False,106175,0.0,62925,169100,True,True,223
52712,SERTACONAZOLE NITRATE 300 mg SUPPOSITORY VAGINAL,صرفا مشمول يارانه دولت,government_subsidy_only,نيست,False,خير,False,خير,False,3,نيست,False,خير,False,است,True,476816,0.0,23184,500000,True,True,223
52242,"EMPAGLIFLOZIN / METFORMIN HYDROCHLORIDE 10 mg/1000 mg TABLET, EXTENDED RELEASE ORAL",است,covered,نيست,False,خير,False,خير,False,100,نيست,False,خير,False,است,True,53604,70.0,31299,84903,True,True,223
52637,"BUDESONIDE 200 ug/1{dose} 200 {dose} AEROSOL, METERED RESPIRATORY",صرفا مشمول يارانه دولت,government_subsidy_only,نيست,False,خير,False,خير,False,2,نيست,False,خير,False,نيست,False,5355183,0.0,84817,5440000,True,True,224
52039,DOMPERIDONE 1 mg/1 mL 100 mL SUSPENSION ORAL,صرفا مشمول يارانه دولت,government_subsidy_only,نيست,False,خير,False,خير,False,2,نيست,False,خير,False,نيست,False,401200,0.0,93300,494500,True,True,224
52451,"CLINDAMYCIN (AS PALMITATE HYDROCHLORIDE) 75 mg/5mL 80 mL POWDER, FOR SOLUTION ORAL",است,covered,نيست,False,خير,False,خير,False,3,نيست,False,بله,True,نيست,False,2149845,70.0,350155,2500000,True,True,224
52727,"POTASSIUM CITRATE 15 meq TABLET, EXTENDED RELEASE ORAL",است,covered,نيست,False,خير,False,خير,False,100,نيست,False,خير,False,نيست,False,38998,70.0,4002,43000,True,True,224
52742,"POSACONAZOLE 300 mg/16.7mL INJECTION, SOLUTION, CONCENTRATE PARENTERAL",است,covered,است,True,بله,True,بله,True,طبق پرونده,نيست,False,بله,True,است,True,11200000,90.0,4800000,16000000,True,True,224
52840,"EMPAGLIFLOZIN / LINAGLIPTIN / METFORMIN HYDROCHLORIDE 10 mg/5 mg/1000 mg TABLET, EXTENDED RELEASE ORAL",است,covered,نيست,False,خير,False,خير,False,100,نيست,False,خير,False,است,True,90390,70.0,181285,271675,True,True,224
51335,GENTAMICIN 0.8 mg/1mL INJECTION PARENTERAL,است,covered,نيست,False,خير,False,خير,False,10,نيست,False,خير,False,نيست,False,516327,70.0,33673,550000,True,True,224
52885,"MESALAZINE 1600 mg TABLET, EXTENDED RELEASE ORAL TABLET",است,covered,نيست,False,خير,False,خير,False,100,نيست,False,بله,True,نيست,False,850000,70.0,1000000,1850000,True,True,224
52671,DESONIDE 0.05% 15 g GEL TOPICAL,صرفا مشمول يارانه دولت,government_subsidy_only,نيست,False,خير,False,خير,False,3,نيست,False,خير,False,نيست,False,552378,0.0,47622,600000,True,True,224
52733,BISOPROLOL FUMARATE / HYDROCHLOROTHIAZIDE 5 mg/12.5 mg TABLET ORAL,صرفا مشمول يارانه دولت,government_subsidy_only,نيست,False,خير,False,خير,False,120,نيست,False,خير,False,نيست,False,26450,0.0,550,27000,True,True,224
52830,AMLODIPINE (AS BESILATE) / BISOPROLOL FUMARATE 5 mg/10 mg TABLET ORAL,صرفا مشمول يارانه دولت,government_subsidy_only,نيست,False,خير,False,خير,False,100,نيست,False,خير,False,نيست,False,24921,0.0,2079,27000,True,True,225
52734,BISOPROLOL FUMARATE / HYDROCHLOROTHIAZIDE 10 mg/25 mg TABLET ORAL,صرفا مشمول يارانه دولت,government_subsidy_only,نيست,False,خير,False,خير,False,120,نيست,False,خير,False,نيست,False,232,0.0,29768,30000,True,True,225
B00013,ACETIC ACID_BULKترکيبي BULK,است,covered,نيست,False,خير,False,خير,False,5000,نيست,False,خير,False,نيست,False,600,70.0,0,600,True,True,225
B00014,ACETONE_BULKترکيبي BULK,است,covered,نيست,False,خير,False,خير,False,5000,نيست,False,خير,False,نيست,False,192,70.0,0,192,True,True,225
B00044,ALUMINIUM CHLORIDE_BULKترکيبي BULK,است,covered,نيست,False,خير,False,خير,False,5000,نيست,False,خير,False,نيست,False,2580,70.0,0,2580,True,True,225
B00071,AMMONIA ALUM_BULKترکيبي BULK,است,covered,نيست,False,خير,False,خير,False,5000,نيست,False,خير,False,نيست,False,400,70.0,0,400,True,True,225
B00072,AMMONIUM CHLORIDE_BULKترکيبي BULK,است,covered,نيست,False,خير,False,خير,False,5000,نيست,False,خير,False,نيست,False,250,70.0,0,250,True,True,225
B00074,AMMONIUM HYDROXIDE_BULKترکيبي BULK,است,covered,نيست,False,خير,False,خير,False,5000,نيست,False,خير,False,نيست,False,100,70.0,0,100,True,True,225
B00103,ARACHIS OIL_BULKترکيبي BULK,است,covered,نيست,False,خير,False,خير,False,5000,نيست,False,خير,False,نيست,False,50,70.0,0,50,True,True,225
B00140,BENZALKONIUM CHLORIDE_BULKترکيبي BULK,است,covered,نيست,False,خير,False,خير,False,5000,نيست,False,خير,False,نيست,False,1000,70.0,0,1000,True,True,225
B00142,BENZOIC ACID_BULKترکيبي BULK,است,covered,نيست,False,خير,False,خير,False,5000,نيست,False,خير,False,نيست,False,480,70.0,0,480,True,True,226
B00143,BENZOIN TINCTURE_BULKترکيبي BULK,است,covered,نيست,False,خير,False,خير,False,5000,نيست,False,خير,False,نيست,False,400,70.0,0,400,True,True,226
B00146,BENZYL BENZOATE_BULKترکيبي BULK,است,covered,نيست,False,خير,False,خير,False,5000,نيست,False,خير,False,نيست,False,1560,70.0,0,1560,True,True,226
B00171,BORAX_BULKترکيبي BULK,است,covered,نيست,False,خير,False,خير,False,5000,نيست,False,خير,False,نيست,False,600,70.0,0,600,True,True,226
B00172,BORIC ACID_BULKترکيبي BULK,است,covered,نيست,False,خير,False,خير,False,5000,نيست,False,خير,False,نيست,False,840,70.0,0,840,True,True,226
B00188,CADE OIL_BULKترکيبي BULK,است,covered,نيست,False,خير,False,خير,False,5000,نيست,False,خير,False,نيست,False,600,70.0,0,600,True,True,226
B00203,CAMPHOR_BULKترکيبي BULK,است,covered,نيست,False,خير,False,خير,False,5000,نيست,False,خير,False,نيست,False,840,70.0,0,840,True,True,226
B00221,CASTOR OIL BULKترکيبي BULK,است,covered,نيست,False,خير,False,خير,False,5000,نيست,False,خير,False,نيست,False,150,70.0,0,150,True,True,226
B00304,CITRIC ACID_BULKترکيبي BULK,است,covered,نيست,False,خير,False,خير,False,5000,نيست,False,خير,False,نيست,False,2065,70.0,0,2065,True,True,226
B00311,CLINDAMYCIN PHOSPHATE_BULKترکيبي BULK,است,covered,نيست,False,خير,False,خير,False,5000,نيست,False,خير,False,نيست,False,86000,70.0,0,86000,True,True,226
B00343,COAL TAR_BULKترکيبي BULK,است,covered,نيست,False,خير,False,خير,False,5000,نيست,False,خير,False,نيست,False,1450,70.0,0,1450,True,True,227
B00347,COD LIVER OIL_BULKترکيبي BULK,است,covered,نيست,False,خير,False,خير,False,5000,نيست,False,خير,False,نيست,False,30,70.0,0,30,True,True,227
B00351,COLLODION_BULKترکيبي BULK,است,covered,نيست,False,خير,False,خير,False,5000,نيست,False,خير,False,نيست,False,840,70.0,0,840,True,True,227
B00359,COPPER SULFATE_BULKترکيبي BULK,است,covered,نيست,False,خير,False,خير,False,5000,نيست,False,خير,False,نيست,False,720,70.0,0,720,True,True,227
B00362,CREAM BASE_BULKترکيبي BULK,است,covered,نيست,False,خير,False,خير,False,5000,نيست,False,خير,False,نيست,False,1378,70.0,0,1378,True,True,227
B00409,DEXTROSE_BULKترکيبي BULK,است,covered,نيست,False,خير,False,خير,False,5000,نيست,False,خير,False,نيست,False,120,70.0,0,120,True,True,227
B00464,DITHRANOL_BULKترکيبي BULK,است,covered,نيست,False,خير,False,خير,False,5000,نيست,False,خير,False,نيست,False,57600,70.0,0,57600,True,True,227
B00485,EOSIN_BULKترکيبي BULK,است,covered,نيست,False,خير,False,خير,False,5000,نيست,False,خير,False,نيست,False,7200,70.0,0,7200,True,True,227
B00498,ERYTHROMYCIN_BULKترکيبي BULK,است,covered,نيست,False,خير,False,خير,False,5000,نيست,False,خير,False,نيست,False,43000,70.0,0,43000,True,True,227
B00506,ETHACRIDINE LACTATE_RIVANOL_BULKترکيبي BULK,است,covered,نيست,False,خير,False,خير,False,5000,نيست,False,خير,False,نيست,False,1500,70.0,0,1500,True,True,227
B00522,EUCERINترکيبي BULK,است,covered,نيست,False,خير,False,خير,False,5000,نيست,False,خير,False,نيست,False,1350,70.0,0,1350,True,True,228
B00563,FORMALDEHYDE_BULKترکيبي BULK,است,covered,نيست,False,خير,False,خير,False,5000,نيست,False,خير,False,نيست,False,120,70.0,0,120,True,True,228
B00600,GLYCERIN_BULKترکيبي BULK,است,covered,نيست,False,خير,False,خير,False,5000,نيست,False,خير,False,نيست,False,900,70.0,0,900,True,True,228
B00601,GLYCINE 1.5% 3LIT SOL FOR IRRIGATIONترکيبي BULK,است,covered,است,True,خير,False,خير,False,5000,نيست,False,خير,False,نيست,False,654900,70.0,0,654900,True,True,228
B00635,HYDROCHLORIC ACID_BULKترکيبي BULK,است,covered,نيست,False,خير,False,خير,False,5000,نيست,False,خير,False,نيست,False,100,70.0,0,100,True,True,228
B00643,HYDROGEN PEROXIDE_BULKترکيبي BULK,است,covered,نيست,False,خير,False,خير,False,5000,نيست,False,خير,False,نيست,False,75,70.0,0,75,True,True,228
B00644,HYDROQUINONE_BULKترکيبي BULK,است,covered,نيست,False,خير,False,خير,False,5000,نيست,False,خير,False,نيست,False,2640,70.0,0,2640,True,True,228
B00660,ICHTHYOL_ICHTHAMMOL_ 1 KG_BULKترکيبي BULK,است,covered,نيست,False,خير,False,خير,False,5000,نيست,False,خير,False,نيست,False,1800,70.0,0,1800,True,True,228
B00695,IODINE_BULKترکيبي BULK,است,covered,نيست,False,خير,False,خير,False,5000,نيست,False,خير,False,نيست,False,4800,70.0,0,4800,True,True,228
B00715,ISOPROPYL ALCOHOL_BULKترکيبي BULK,است,covered,نيست,False,خير,False,خير,False,5000,نيست,False,خير,False,نيست,False,1150,70.0,0,1150,True,True,228
B00724,KETOCONAZOLE_BULKترکيبي BULK,است,covered,نيست,False,خير,False,خير,False,5000,نيست,False,خير,False,نيست,False,500,70.0,0,500,True,True,229
B00729,LACTIC ACID_BULKترکيبي BULK,است,covered,نيست,False,خير,False,خير,False,5000,نيست,False,خير,False,نيست,False,600,70.0,0,600,True,True,229
B00730,LACTOSE_BULKترکيبي BULK,است,covered,نيست,False,خير,False,خير,False,5000,نيست,False,خير,False,نيست,False,70,70.0,0,70,True,True,229
B00734,LANOLIN_BULKترکيبي BULK,است,covered,نيست,False,خير,False,خير,False,5000,نيست,False,خير,False,نيست,False,1200,70.0,0,1200,True,True,229
B00806,MENTHOL_BUlkترکيبي BULK,است,covered,نيست,False,خير,False,خير,False,5000,نيست,False,خير,False,نيست,False,1800,70.0,0,1800,True,True,229
B00853,MINERAL OIL_PARAFFIN LIQUID_BULKترکيبي BULK,است,covered,نيست,False,خير,False,خير,False,5000,نيست,False,خير,False,نيست,False,91,70.0,0,91,True,True,229
B00863,MONO-DI-TRI-CHLOROACETIC ACID_BULKترکيبي BULK,است,covered,نيست,False,خير,False,خير,False,5000,نيست,False,خير,False,نيست,False,70,70.0,0,70,True,True,229
B00942,PABA (PARA AMINOBENZOIC ACID)_BULKترکيبي BULK,است,covered,نيست,False,خير,False,خير,False,5000,نيست,False,خير,False,نيست,False,1200,70.0,0,1200,True,True,229
B00950,PARAFFIN SOFT_BULKترکيبي BULK,است,covered,نيست,False,خير,False,خير,False,5000,نيست,False,خير,False,نيست,False,91,70.0,0,91,True,True,229
B00983,PHENOL_BULKترکيبي BULK,است,covered,نيست,False,خير,False,خير,False,5000,نيست,False,خير,False,نيست,False,1200,70.0,0,1200,True,True,229
B00999,PHOSPHATE POTASSIUM MONOBASIC_KH2PO4_BULKترکيبي BULK,است,covered,نيست,False,خير,False,خير,False,5000,نيست,False,خير,False,نيست,False,360,70.0,0,360,True,True,230
B01000,PHOSPHATE SODIUM MONOBASIC_NaH2PO4_BULKترکيبي BULK,است,covered,نيست,False,خير,False,خير,False,5000,نيست,False,خير,False,نيست,False,10000,70.0,0,10000,True,True,230
B01001,PHOSPHATE SODIUM DIBASIC_Na2HPO4_BULKترکيبي BULK,است,covered,نيست,False,خير,False,خير,False,5000,نيست,False,خير,False,نيست,False,6000,70.0,0,6000,True,True,230
B01021,PODOPHYLLIN_BULKترکيبي BULK,است,covered,نيست,False,خير,False,خير,False,5000,نيست,False,خير,False,نيست,False,21600,70.0,0,21600,True,True,230
B01025,POLYSORBATE 80_BULKترکيبي BULK,است,covered,نيست,False,خير,False,خير,False,5000,نيست,False,خير,False,نيست,False,1600,70.0,0,1600,True,True,230
B01028,POTASSIUM CITRATE POWDER _BULKترکيبي BULK,است,covered,نيست,False,خير,False,خير,False,5000,نيست,False,خير,False,نيست,False,3829,70.0,0,3829,True,True,230
B01029,POTASSIUM IODIDE_BULKترکيبي BULK,است,covered,نيست,False,خير,False,خير,False,5000,نيست,False,خير,False,نيست,False,5400,70.0,0,5400,True,True,230
B01030,POTASSIUM PERMANGANATE_BULKترکيبي BULK,است,covered,نيست,False,خير,False,خير,False,5000,نيست,False,خير,False,نيست,False,366,70.0,0,366,True,True,230
B01071,PROPYLENE GLYCOL_BULKترکيبي BULK,است,covered,نيست,False,خير,False,خير,False,5000,نيست,False,خير,False,نيست,False,1750,70.0,0,1750,True,True,230
B01096,RESORCINOL_RESORCIN_BULKترکيبي BULK,است,covered,نيست,False,خير,False,خير,False,5000,نيست,False,خير,False,نيست,False,2400,70.0,0,2400,True,True,230
B01116,SALICYLIC ACID_BULKترکيبي BULK,است,covered,نيست,False,خير,False,خير,False,5000,نيست,False,خير,False,نيست,False,13800,70.0,0,13800,True,True,231
B01126,SILVER NITRATE_BULKترکيبي BULK,است,covered,نيست,False,خير,False,خير,False,5000,نيست,False,خير,False,نيست,False,9000,70.0,0,9000,True,True,231
B01138,SODIUM BICARBONATE POWDER_BULKترکيبي POWDER,است,covered,نيست,False,خير,False,خير,False,500,نيست,False,خير,False,نيست,False,20,70.0,0,20,True,True,231
B01142,SODIUM CHLORIDE 0.9% 1000ML FOR IRIGATIONترکيبي 1000ML BULK,نيست,not_covered,نيست,False,خير,False,خير,False,20,نيست,False,خير,False,نيست,False,63000,0.0,0,63000,True,True,231
B01143,SODIUM CHLORIDE 0.9% 3000ML FOR IRIGATIONترکيبي 3000ML BULK,نيست,not_covered,نيست,False,خير,False,خير,False,30,نيست,False,خير,False,نيست,False,110000,0.0,0,110000,True,True,231
B01145,SODIUM CHLORIDE 0.9% 500ML FOR IRIGATIONترکيبي 500ML BULK,نيست,not_covered,نيست,False,خير,False,خير,False,20,نيست,False,خير,False,نيست,False,50000,0.0,0,50000,True,True,231
B01150,SODIUM CHLORIDE_BULKترکيبي BULK,است,covered,نيست,False,خير,False,خير,False,5000,نيست,False,خير,False,نيست,False,1800,70.0,0,1800,True,True,231
B01151,SODIUM CITRATE_BULKترکيبي BULK,است,covered,نيست,False,خير,False,خير,False,5000,نيست,False,خير,False,نيست,False,3000,70.0,0,3000,True,True,231
B01157,SODIUM THIOSULFATE (HYPOSULFITE)_BULKترکيبي BULK,است,covered,است,True,خير,False,خير,False,5000,نيست,False,خير,False,نيست,False,100,70.0,0,100,True,True,231
B01170,STARCH_BULKترکيبي BULK,است,covered,نيست,False,خير,False,خير,False,5000,نيست,False,خير,False,نيست,False,20,70.0,0,20,True,True,231
B01171,STEARIC ACID_BULKترکيبي BULK,است,covered,نيست,False,خير,False,خير,False,5000,نيست,False,خير,False,نيست,False,30,70.0,0,30,True,True,232
B01185,SULFUR_PERCIPITATED_BULKترکيبي BULK,است,covered,نيست,False,خير,False,خير,False,5000,نيست,False,خير,False,نيست,False,720,70.0,0,720,True,True,232
B01194,TARTARIC ACID_BULKترکيبي BULK,است,covered,نيست,False,خير,False,خير,False,5000,نيست,False,خير,False,نيست,False,200,70.0,0,200,True,True,232
B01228,TITANIUM DIOXIDE_BULKترکيبي BULK,است,covered,نيست,False,خير,False,خير,False,5000,نيست,False,خير,False,نيست,False,600,70.0,0,600,True,True,232
B01243,TRETINOIN_BULKترکيبي BULK,است,covered,نيست,False,خير,False,خير,False,5000,نيست,False,خير,False,نيست,False,156000,70.0,0,156000,True,True,232
B01269,UREA_BULKترکيبي BULK,است,covered,نيست,False,خير,False,خير,False,5000,نيست,False,خير,False,نيست,False,1650,70.0,0,1650,True,True,232
B01312,WHITE WAX_BULKترکيبي BULK,است,covered,نيست,False,خير,False,خير,False,5000,نيست,False,خير,False,نيست,False,85,70.0,0,85,True,True,232
B01315,ZINC OXIDE_BULKترکيبي BULK,است,covered,نيست,False,خير,False,خير,False,5000,نيست,False,خير,False,نيست,False,410,70.0,0,410,True,True,232
B01317,ZINC SULFATE_BULKترکيبي BULK,است,covered,نيست,False,خير,False,خير,False,5000,نيست,False,خير,False,نيست,False,1080,70.0,0,1080,True,True,232
B01771,ETHANOL %50-96 - BOTTELترکيبي BULK,است,covered,نيست,False,خير,False,خير,False,5000,نيست,False,خير,False,نيست,False,640,70.0,0,640,True,True,232
B01973,PARAFFIN INDUSTRIALترکيبي BULK,است,covered,نيست,False,خير,False,خير,False,5000,نيست,False,خير,False,نيست,False,84,70.0,0,84,True,True,233
B01974,ALMOND OIL BITTER_BULKترکيبي BULK,است,covered,نيست,False,خير,False,خير,False,5000,نيست,False,خير,False,نيست,False,564,70.0,0,564,True,True,233
B02661,VASELINE BULKترکيبي BULK,است,covered,نيست,False,خير,False,خير,False,5000,نيست,False,خير,False,نيست,False,143,70.0,0,143,True,True,233
B60010,ACETIC ACID 1/5% EARترکيبي BULK,است,covered,نيست,False,خير,False,خير,False,5000,نيست,False,خير,False,نيست,False,0,70.0,0,0,True,True,233
B60020,ALCHOLE IODEترکيبي BULK,است,covered,نيست,False,خير,False,خير,False,5000,نيست,False,خير,False,نيست,False,0,70.0,0,0,True,True,233
B60030,EUDALIBOURترکيبي BULK,است,covered,نيست,False,خير,False,خير,False,5000,نيست,False,خير,False,نيست,False,4333,70.0,0,4333,True,True,233
B60040,GENTIAN VIOLET (LOCAL)ترکيبي BULK,است,covered,نيست,False,خير,False,خير,False,5000,نيست,False,خير,False,نيست,False,3113,70.0,0,3113,True,True,233
B60050,GENTIAN VIOLET (ORAL)ترکيبي BULK,است,covered,نيست,False,خير,False,خير,False,5000,نيست,False,خير,False,نيست,False,3972,70.0,0,3972,True,True,233
B60060,GLYCERIN BORATEترکيبي BULK,است,covered,نيست,False,خير,False,خير,False,5000,نيست,False,خير,False,نيست,False,0,70.0,0,0,True,True,233
B60070,GLYCERIN IODEترکيبي BULK,است,covered,نيست,False,خير,False,خير,False,5000,نيست,False,خير,False,نيست,False,0,70.0,0,0,True,True,233
B60090,HYDROGEN PEROXIDE 12 VOLترکيبي BULK,است,covered,نيست,False,خير,False,خير,False,5000,نيست,False,خير,False,نيست,False,0,70.0,0,0,True,True,234
B60100,ICHTHYOL 10%ترکيبي BULK,است,covered,نيست,False,خير,False,خير,False,5000,نيست,False,خير,False,نيست,False,0,70.0,0,0,True,True,234
B60110,RIVANOL 0/5%-1% (هر سي سي)ترکيبي BULK,است,covered,نيست,False,خير,False,خير,False,5000,نيست,False,خير,False,نيست,False,4733,70.0,0,4733,True,True,234
B60120,SIMPEL SYRUPترکيبي BULK,است,covered,نيست,False,خير,False,خير,False,5000,نيست,False,خير,False,نيست,False,0,70.0,0,0,True,True,234
B60130,TARTARIC ACIDترکيبي,است,covered,نيست,False,خير,False,خير,False,5000,نيست,False,خير,False,نيست,False,0,70.0,0,0,True,True,234
B60140,SODIUM HYPOSULPHITEترکيبي BULK,است,covered,نيست,False,خير,False,خير,False,5000,نيست,False,خير,False,نيست,False,0,70.0,0,0,True,True,234
B60150,BENZOYL PEROXIDE GEL 5% -T*ترکيبي BULK,است,covered,نيست,False,خير,False,خير,False,5000,نيست,False,خير,False,نيست,False,3620,70.0,0,3620,True,True,234
B60160,BENZOYL PEROXIDE GEL10% -T*ترکيبي BULK,است,covered,نيست,False,خير,False,خير,False,5000,نيست,False,خير,False,نيست,False,0,70.0,0,0,True,True,234
B60170,BENZOTL PEROXIDE LOTION - T*ترکيبي BULK,است,covered,نيست,False,خير,False,خير,False,5000,نيست,False,خير,False,نيست,False,0,70.0,0,0,True,True,234
B60180,BETAMETHASON CREAM -T*ترکيبي BULK,است,covered,نيست,False,خير,False,خير,False,5000,نيست,False,خير,False,نيست,False,2963,70.0,0,2963,True,True,234
B60190,BETAMETHASON LOTION -T*ترکيبي BULK,است,covered,نيست,False,خير,False,خير,False,5000,نيست,False,خير,False,نيست,False,2250,70.0,0,2250,True,True,235
B60200,BETAMETHASON POMAD -T*ترکيبي BULK,است,covered,نيست,False,خير,False,خير,False,5000,نيست,False,خير,False,نيست,False,2451,70.0,0,2451,True,True,235
B60210,CALAMIN CREAM -T*ترکيبي BULK,است,covered,نيست,False,خير,False,خير,False,5000,نيست,False,خير,False,نيست,False,2321,70.0,0,2321,True,True,235
B60220,CLOBETASOL CREAM -T*ترکيبي BULK,است,covered,نيست,False,خير,False,خير,False,5000,نيست,False,خير,False,نيست,False,3900,70.0,0,3900,True,True,235
B60230,CLOBETASOL POMAD -T*ترکيبي BULK,است,covered,نيست,False,خير,False,خير,False,5000,نيست,False,خير,False,نيست,False,2451,70.0,0,2451,True,True,235
B60240,CLOTRIMAZOL CREAM -T*ترکيبي BULK,است,covered,نيست,False,خير,False,خير,False,5000,نيست,False,خير,False,نيست,False,3556,70.0,0,3556,True,True,235
B60250,CLOTRIMAZOL LOTION -T*ترکيبي BULK,است,covered,نيست,False,خير,False,خير,False,5000,نيست,False,خير,False,نيست,False,3972,70.0,0,3972,True,True,235
B60260,DEXPANTHENOL CREAM -T*ترکيبي BULK,است,covered,نيست,False,خير,False,خير,False,5000,نيست,False,خير,False,نيست,False,2833,70.0,0,2833,True,True,235
B60270,FIBRINOLYSIN POMADE-T*ترکيبي BULK,است,covered,نيست,False,خير,False,خير,False,5000,نيست,False,خير,False,نيست,False,3335,70.0,0,3335,True,True,235
B60280,FLUOCINOLONE ACETONID CREAM -T*ترکيبي BULK,است,covered,نيست,False,خير,False,خير,False,5000,نيست,False,خير,False,نيست,False,5185,70.0,0,5185,True,True,235
B60290,FLUOCINOLONE ACETONID POMAD -T*ترکيبي BULK,است,covered,نيست,False,خير,False,خير,False,5000,نيست,False,خير,False,نيست,False,0,70.0,0,0,True,True,236
B60300,HYDROCORTISONE ACETATE CREAM -T*ترکيبي BULK,است,covered,نيست,False,خير,False,خير,False,5000,نيست,False,خير,False,نيست,False,0,70.0,0,0,True,True,236
B60310,HYDROCORTISONE POMAD CREAM -T*ترکيبي BULK,است,covered,نيست,False,خير,False,خير,False,5000,نيست,False,خير,False,نيست,False,0,70.0,0,0,True,True,236
B60320,HYDROQUINONE CREAM 2 % -T*ترکيبي BULK,است,covered,نيست,False,خير,False,خير,False,5000,نيست,False,خير,False,نيست,False,0,70.0,0,0,True,True,236
B60330,LIDOCAINE GEL-T*ترکيبي BULK,است,covered,نيست,False,خير,False,خير,False,5000,نيست,False,خير,False,نيست,False,0,70.0,0,0,True,True,236
B60340,METHOXSALEN SOLUTION -T*ترکيبي BULK,است,covered,نيست,False,خير,False,خير,False,5000,نيست,False,خير,False,نيست,False,0,70.0,0,0,True,True,236
B60350,NITROFURASONE CREAM -T*ترکيبي BULK,است,covered,نيست,False,خير,False,خير,False,5000,نيست,False,خير,False,نيست,False,0,70.0,0,0,True,True,236
B60360,TETRACYCLINE POMAD_T*ترکيبي BULK,است,covered,نيست,False,خير,False,خير,False,5000,نيست,False,خير,False,نيست,False,0,70.0,0,0,True,True,236
B60370,TRETINOIN CREAM -T*ترکيبي BULK,است,covered,نيست,False,خير,False,خير,False,5000,نيست,False,خير,False,نيست,False,4240,70.0,0,4240,True,True,236
B60380,TRETINOIN LOTION -T*ترکيبي BULK,است,covered,نيست,False,خير,False,خير,False,5000,نيست,False,خير,False,نيست,False,0,70.0,0,0,True,True,236
B60390,TRIAMCINOLONE ACETONIDE CREAM -T*ترکيبي BULK,است,covered,نيست,False,خير,False,خير,False,5000,نيست,False,خير,False,نيست,False,3446,70.0,0,3446,True,True,237
B60400,TRIAMCINOLONE ACETONIDE POMAD -T*ترکيبي BULK,است,covered,نيست,False,خير,False,خير,False,5000,نيست,False,خير,False,نيست,False,3466,70.0,0,3466,True,True,237
B60410,TRIAMCINOLONE N.N. POMAD -T*ترکيبي BULK,است,covered,نيست,False,خير,False,خير,False,5000,نيست,False,خير,False,نيست,False,0,70.0,0,0,True,True,237
B60420,ZINC OXIDE POMAD -T*ترکيبي BULK,است,covered,نيست,False,خير,False,خير,False,5000,نيست,False,خير,False,نيست,False,3214,70.0,0,3214,True,True,237
B60430,SODIUM CHLORID 0/9%ترکيبي BULK,است,covered,نيست,False,خير,False,خير,False,5000,نيست,False,خير,False,نيست,False,0,70.0,0,0,True,True,237
B60440,SODIUM BENZOATE SOLUTION 10%ترکيبي BULK,است,covered,نيست,False,خير,False,خير,False,5000,نيست,False,خير,False,نيست,False,0,70.0,0,0,True,True,237
B60450,SHOHL S SOLUTIONترکيبي BULK,است,covered,نيست,False,خير,False,خير,False,5000,نيست,False,خير,False,نيست,False,1161,70.0,0,1161,True,True,237
B60460,POLY CITRATE SOLUTIONترکيبي BULK,است,covered,نيست,False,خير,False,خير,False,5000,نيست,False,خير,False,نيست,False,1928,70.0,0,1928,True,True,237
B60470,MAGNESIUM CITRATE SOLUTIONترکيبي BULK,است,covered,نيست,False,خير,False,خير,False,5000,نيست,False,خير,False,نيست,False,0,70.0,0,0,True,True,237
B60480,MUPIROCIN POMAD -T*ترکيبي BULK,است,covered,نيست,False,خير,False,خير,False,5000,نيست,False,خير,False,نيست,False,16440,70.0,0,16440,True,True,237
B60490,NYSTATIN POMAD -T*ترکيبي BULK,است,covered,نيست,False,خير,False,خير,False,5000,نيست,False,خير,False,نيست,False,0,70.0,0,0,True,True,238
B60500,SODIUM BENZOATE SOLUTION 20%ترکيبي BULK,است,covered,نيست,False,خير,False,خير,False,5000,نيست,False,خير,False,نيست,False,0,70.0,0,0,True,True,238
B60510,"LUGOL,S SOLUTIONترکيبي BULK",است,covered,نيست,False,خير,False,خير,False,5000,نيست,False,خير,False,نيست,False,17000,70.0,0,17000,True,True,238
B60520,JULLY SOLUTIONترکيبي BULK,است,covered,نيست,False,خير,False,خير,False,5000,نيست,False,خير,False,نيست,False,2546,70.0,0,2546,True,True,238
B60530,MAGNESIUM CHLORIDE SOLUTION BULKترکيبي BULK,است,covered,نيست,False,خير,False,خير,False,5000,نيست,False,خير,False,نيست,False,0,70.0,0,0,True,True,238
B60700,ASCORBIC ACID POWDERترکيبي BULK,است,covered,نيست,False,خير,False,خير,False,5000,نيست,False,خير,False,نيست,False,0,70.0,0,0,True,True,238
B60710,BISMUTH SUB NITRATEترکيبي BULK,است,covered,نيست,False,خير,False,خير,False,5000,نيست,False,خير,False,نيست,False,0,70.0,0,0,True,True,238
B60730,DEXAMETHASONEترکيبي POWDER,نيست,not_covered,نيست,False,خير,False,خير,False,10,نيست,False,خير,False,نيست,False,0,0.0,0,0,True,True,238
B60740,DISTILLE WATERترکيبي BULK,است,covered,نيست,False,خير,False,خير,False,5000,نيست,False,خير,False,نيست,False,62,70.0,0,62,True,True,238
B60760,PRECIPITATE DE BLANCHترکيبي BULK,است,covered,نيست,False,خير,False,خير,False,5000,نيست,False,خير,False,نيست,False,0,70.0,0,0,True,True,238
B60770,CARBOXY METHYL CELLULOSE (C.M.C)ترکيبي BULK,است,covered,نيست,False,خير,False,خير,False,500,نيست,False,خير,False,نيست,False,0,70.0,0,0,True,True,239
B60780,ESTRADIOL VALERATترکيبي BULK,است,covered,نيست,False,خير,False,خير,False,5000,نيست,False,خير,False,نيست,False,0,70.0,0,0,True,True,239
B60790,METABISULFITE SODIUMترکيبي BULK,است,covered,نيست,False,خير,False,خير,False,500,نيست,False,خير,False,نيست,False,0,70.0,0,0,True,True,239
B60810,TRICHLORO ACETIC ACIDترکيبي BULK,است,covered,نيست,False,خير,False,خير,False,5000,نيست,False,خير,False,نيست,False,0,70.0,0,0,True,True,239
B60900,BOTTELE 60 CCترکيبي BULK,است,covered,نيست,False,خير,False,خير,False,4,نيست,False,خير,False,نيست,False,12400,70.0,0,12400,True,True,239
B60910,BOTTELE 120 CCترکيبي BULK,است,covered,نيست,False,خير,False,خير,False,4,نيست,False,خير,False,نيست,False,14880,70.0,0,14880,True,True,239
B60920,BOTTELE 240 CCترکيبي BULK,است,covered,نيست,False,خير,False,خير,False,4,نيست,False,خير,False,نيست,False,8680,70.0,0,8680,True,True,239
B60930,PLASTIC CONTAINER 30 GRترکيبي BULK,است,covered,نيست,False,خير,False,خير,False,4,نيست,False,خير,False,نيست,False,5704,70.0,0,5704,True,True,239
B60940,PLASTIC CONTAINER 50 GRترکيبي BULK,است,covered,نيست,False,خير,False,خير,False,4,نيست,False,خير,False,نيست,False,8432,70.0,0,8432,True,True,239
B60950,PLASTIC CONTAINER 100 GRترکيبي BULK,است,covered,نيست,False,خير,False,خير,False,4,نيست,False,خير,False,نيست,False,35712,70.0,0,35712,True,True,239
B60960,PLASTIC CONTAINER 200 GRترکيبي BULK,است,covered,نيست,False,خير,False,خير,False,4,نيست,False,خير,False,نيست,False,14200,70.0,0,14200,True,True,240
B60970,DROPPER 10 CCترکيبي BULK,است,covered,نيست,False,خير,False,خير,False,4,نيست,False,خير,False,نيست,False,27280,70.0,0,27280,True,True,240
B60980,DROPPER 20 CCترکيبي BULK,است,covered,نيست,False,خير,False,خير,False,4,نيست,False,خير,False,نيست,False,23560,70.0,0,23560,True,True,240
B60990,DROPPER 30 CCترکيبي BULK,است,covered,نيست,False,خير,False,خير,False,4,نيست,False,خير,False,نيست,False,23560,70.0,0,23560,True,True,240
B61000,GELATIN CAPSULترکيبي BULK,است,covered,نيست,False,خير,False,خير,False,200,نيست,False,خير,False,نيست,False,0,70.0,0,0,True,True,240
B61010,LIQUID WAGE COMP.(LWC)2MATERIALترکيبي BULK,است,covered,نيست,False,خير,False,خير,False,4,نيست,False,خير,False,نيست,False,0,70.0,0,0,True,True,240
B61020,LIQUID WAGE COMP.(LWC)3MATERIALترکيبي BULK,است,covered,نيست,False,خير,False,خير,False,4,نيست,False,خير,False,نيست,False,0,70.0,0,0,True,True,240
B61030,LIQUID WAGE COMP.(LWC) 3MATERIALترکيبي BULK,است,covered,نيست,False,خير,False,خير,False,4,نيست,False,خير,False,نيست,False,0,70.0,0,0,True,True,240
B61040,SEMI SOLID WAGE COMP .(SSWC)2MATERIALترکيبي BULK,است,covered,نيست,False,خير,False,خير,False,4,نيست,False,خير,False,نيست,False,0,70.0,0,0,True,True,240
B61050,SEMI SOLID WAGE COMP .(SSWC)3MATERIALترکيبي BULK,است,covered,نيست,False,خير,False,خير,False,4,نيست,False,خير,False,نيست,False,0,70.0,0,0,True,True,240
B61070,CAPSUL FILLING WAGEترکيبي BULK,است,covered,نيست,False,خير,False,خير,False,200,نيست,False,خير,False,نيست,False,0,70.0,0,0,True,True,241
B61080,BOTTLE 500MLترکيبي,است,covered,نيست,False,خير,False,خير,False,1,نيست,False,خير,False,نيست,False,0,70.0,0,0,True,True,241
B61090,BOTTLE 1000MLترکيبي,است,covered,نيست,False,خير,False,خير,False,1,نيست,False,خير,False,نيست,False,0,70.0,0,0,True,True,241
B61110,BOTTLE 3000ترکيبي,است,covered,نيست,False,خير,False,خير,False,1,نيست,False,خير,False,نيست,False,0,70.0,0,0,True,True,241
B61120,PLASTIC CONTAINER 300Gترکيبي,است,covered,نيست,False,خير,False,خير,False,1,نيست,False,خير,False,نيست,False,0,70.0,0,0,True,True,241
B61130,PLASTIC CONTAINER 400Gترکيبي,است,covered,نيست,False,خير,False,خير,False,1,نيست,False,خير,False,نيست,False,0,70.0,0,0,True,True,241
B61140,PLASTIC CONTAINER 500Gترکيبي,است,covered,نيست,False,خير,False,خير,False,1,نيست,False,خير,False,نيست,False,0,70.0,0,0,True,True,241
B66670,PHYSICIAN FEE بيماران خاص (شيفت شب و ايام تعطيل)ترکيبي حق فني,است,covered,نيست,False,خير,False,خير,False,1,نيست,False,خير,False,نيست,False,0,70.0,0,0,True,True,241
52745,ATORVASTATIN (AS CALCIUM) / EZETIMIBE 40 mg/10 mg TABLET ORAL,است,covered,نيست,False,خير,False,خير,False,100,نيست,False,خير,False,نيست,False,15621,70.0,7379,23000,True,True,241
52832,AMLODIPINE (AS BESILATE) / BISOPROLOL FUMARATE 10 mg/10 mg TABLET ORAL TABLET,صرفا مشمول يارانه دولت,government_subsidy_only,نيست,False,خير,False,خير,False,100,نيست,False,خير,False,نيست,False,19956,0.0,10044,30000,True,True,241
52871,ATORVASTATIN (AS CALCIUM) 80 mg TABLET ORAL,است,covered,نيست,False,خير,False,خير,False,100,نيست,False,خير,False,نيست,False,21549,70.0,4451,26000,True,True,242
52881,ACICLOVIR 5% 15 g CREAM TOPICAL CREAM,صرفا مشمول يارانه دولت,government_subsidy_only,نيست,False,خير,False,خير,False,3,نيست,False,خير,False,نيست,False,636700,0.0,163300,800000,True,True,242
52732,BISOPROLOL FUMARATE / HYDROCHLOROTHIAZIDE 10 mg/6.25 mg TABLET ORAL,صرفا مشمول يارانه دولت,government_subsidy_only,نيست,False,خير,False,خير,False,120,نيست,False,خير,False,نيست,False,26800,0.0,1200,28000,True,True,242
52761,"SITAGLIPTIN (AS PHOSPHATE) / METFORMIN HYDROCHLORIDE 50 mg/500 mg TABLET, EXTENDED RELEASE ORAL",است,covered,نيست,False,خير,False,خير,False,100,نيست,False,خير,False,نيست,False,34172,70.0,11455,45627,True,True,242
52766,LIDOCAINE HYDROCHLORIDE 2% 25 g GEL TOPICAL,است,covered,نيست,False,خير,False,خير,False,3,نيست,False,خير,False,نيست,False,750000,70.0,0,750000,True,True,242
51380,"MEMANTINE HYDROCHLORIDE 14 mg CAPSULE, EXTENDED RELEASE ORAL",صرفا مشمول يارانه دولت,government_subsidy_only,نيست,False,خير,False,خير,False,100,نيست,False,خير,False,نيست,False,77000,0.0,33000,110000,True,True,242
52844,BARICITINIB 2 mg TABLET ORAL,صرفا مشمول يارانه دولت,government_subsidy_only,نيست,False,خير,False,بله,True,طبق پرونده,نيست,False,بله,True,نيست,False,460925,0.0,159075,620000,True,True,242
52762,"SITAGLIPTIN (AS PHOSPHATE) / METFORMIN HYDROCHLORIDE 50 mg/1000 mg TABLET, EXTENDED RELEASE ORAL",است,covered,نيست,False,خير,False,خير,False,100,نيست,False,خير,False,نيست,False,39192,70.0,14194,53386,True,True,242
52845,BARICITINIB 4 mg TABLET ORAL,صرفا مشمول يارانه دولت,government_subsidy_only,نيست,False,خير,False,بله,True,طبق پرونده,است,True,بله,True,نيست,False,599460,0.0,520540,1120000,True,True,242
52854,BUDESONIDE / FORMOTEROL FUMARATE 320 ug/9 ug CAPSULE RESPIRATORY,است,covered,نيست,False,خير,False,خير,False,120,نيست,False,بله,True,نيست,False,150044,70.0,34956,185000,True,True,242
52802,CO-AMOXICLAV 875 mg/125 mg TABLET ORAL,است,covered,نيست,False,خير,False,خير,False,90,نيست,False,خير,False,نيست,False,109909,70.0,10091,120000,True,True,243
52731,BISOPROLOL FUMARATE / HYDROCHLOROTHIAZIDE 5 mg/6.25 mg TABLET ORAL,صرفا مشمول يارانه دولت,government_subsidy_only,نيست,False,خير,False,خير,False,120,نيست,False,خير,False,نيست,False,25480,0.0,520,26000,True,True,243
52801,"CIPROFLOXACIN (AS LACTATE) 2 mg/1mL 200 mL INJECTION, SOLUTION INTRAVENOUS",است,covered,است,True,خير,False,خير,False,10,نيست,False,بله,True,است,True,487272,70.0,78528,565800,True,True,243
52811,CYPROHEPTADINE HYDROCHLORIDE 2 mg/5mL 150 mL SOLUTION ORAL,صرفا مشمول يارانه دولت,government_subsidy_only,نيست,False,خير,False,خير,False,2,نيست,False,خير,False,نيست,False,207777,0.0,24223,232000,True,True,243
52835,"ATEZOLIZUMAB 60 mg/1mL 20 mL INJECTION, SOLUTION, CONCENTRATE INTRAVENOUS",صرفا مشمول صندوق صعب العلاج,صرفا مشمول صندوق صعب العلاج,نيست,False,خير,False,بله,True,طبق پرونده,است,True,بله,True,است,True,1591169999,0.0,1,1591170000,True,True,243
52813,CYPROHEPTADINE HYDROCHLORIDE 2 mg/5mL 200 mL SOLUTION ORAL,صرفا مشمول يارانه دولت,government_subsidy_only,نيست,False,خير,False,خير,False,2,نيست,False,خير,False,نيست,False,429225,0.0,70775,500000,True,True,243
52722,PALBOCICLIB 100 mg CAPSULE ORAL,است,covered,نيست,False,خير,False,بله,True,طبق پرونده,است,True,بله,True,است,True,3596577,70.0,3103423,6700000,True,True,243
52793,"SODIUM CHLORIDE 20% 50 mL INJECTION, SOLUTION INTRAVENOUS INJECTION",صرفا مشمول يارانه دولت,government_subsidy_only,نيست,False,خير,False,خير,False,10,نيست,False,خير,False,نيست,False,720086,0.0,29914,750000,True,True,243
52839,"EMPAGLIFLOZIN / LINAGLIPTIN / METFORMIN HYDROCHLORIDE 5 mg/2.5 mg/1000 mg TABLET, EXTENDED RELEASE ORAL",است,covered,نيست,False,خير,False,خير,False,100,نيست,False,خير,False,است,True,71998,70.0,130901,202899,True,True,243
51644,"MEMANTINE HYDROCHLORIDE 21 mg CAPSULE, EXTENDED RELEASE ORAL",صرفا مشمول يارانه دولت,government_subsidy_only,نيست,False,خير,False,خير,False,100,نيست,False,خير,False,نيست,False,112000,0.0,48000,160000,True,True,243
52842,"EMPAGLIFLOZIN / LINAGLIPTIN / METFORMIN HYDROCHLORIDE 25 mg/5 mg/1000 mg TABLET, EXTENDED RELEASE ORAL",است,covered,نيست,False,خير,False,خير,False,100,نيست,False,خير,False,است,True,103996,70.0,234302,338298,True,True,244
52743,ATORVASTATIN (AS CALCIUM) / EZETIMIBE 10 mg/10 mg TABLET ORAL,است,covered,نيست,False,خير,False,خير,False,100,نيست,False,خير,False,نيست,False,14248,70.0,5752,20000,True,True,244
52853,BUDESONIDE / FORMOTEROL FUMARATE 160 ug/4.5 ug CAPSULE RESPIRATORY,است,covered,نيست,False,خير,False,خير,False,120,نيست,False,بله,True,نيست,False,136287,70.0,22713,159000,True,True,244
52837,PROPRANOLOL HYDROCHLORIDE 4.28 mg/1mL 120 mL SYRUP ORAL,صرفا مشمول يارانه دولت,government_subsidy_only,نيست,False,خير,False,خير,False,2,نيست,False,خير,False,نيست,False,758284,0.0,91716,850000,True,True,244
52846,SELENIUM SULFIDE 2.5% 140 mL SHAMPOO TOPICAL,صرفا مشمول يارانه دولت,government_subsidy_only,نيست,False,خير,False,خير,False,2,نيست,False,خير,False,نيست,False,418389,0.0,79311,497700,True,True,244
52859,"FAMOTIDINE 10 mg/1mL 2 mL INJECTION, SOLUTION PARENTERAL",است,covered,نيست,False,خير,False,خير,False,10,نيست,False,خير,False,نيست,False,550000,70.0,0,550000,True,True,244
52820,"FLUOXETINE (AS HYDROCHLORIDE) 90 mg CAPSULE, DELAYED RELEASE ORAL",است,covered,نيست,False,خير,False,خير,False,300,نيست,False,خير,False,است,True,260000,70.0,290000,550000,True,True,244
52730,BISOPROLOL FUMARATE / HYDROCHLOROTHIAZIDE 2.5 mg/6.25 mg TABLET ORAL,صرفا مشمول يارانه دولت,government_subsidy_only,نيست,False,خير,False,خير,False,120,نيست,False,خير,False,نيست,False,24610,0.0,390,25000,True,True,244
52851,PIRFENIDONE 801 mg TABLET ORAL TABLET,صرفا مشمول يارانه دولت,government_subsidy_only,نيست,False,خير,False,بله,True,طبق پرونده,نيست,False,بله,True,نيست,False,442487,0.0,327513,770000,True,True,244
52723,PALBOCICLIB 75 mg CAPSULE ORAL CAPSULE,است,covered,نيست,False,خير,False,بله,True,طبق پرونده,است,True,بله,True,است,True,2684622,70.0,2315378,5000000,True,True,244
52746,ATORVASTATIN (AS CALCIUM) / EZETIMIBE 80 mg/10 mg TABLET ORAL,است,covered,نيست,False,خير,False,خير,False,100,نيست,False,خير,False,نيست,False,18666,70.0,9334,28000,True,True,245
52744,ATORVASTATIN (AS CALCIUM) / EZETIMIBE 20 mg/10 mg TABLET ORAL,است,covered,نيست,False,خير,False,خير,False,100,نيست,False,خير,False,نيست,False,14694,70.0,6306,21000,True,True,245
52831,AMLODIPINE (AS BESILATE) / BISOPROLOL FUMARATE 10 mg/5 mg TABLET ORAL TABLET,صرفا مشمول يارانه دولت,government_subsidy_only,نيست,False,خير,False,خير,False,100,نيست,False,خير,False,است,True,26371,0.0,1629,28000,True,True,245
52824,"METHOTREXATE 25 mg/1mL 2 mL INJECTION, SOLUTION PARENTERAL INJECTION",است,covered,نيست,False,خير,False,خير,False,10,نيست,False,بله,True,است,True,2325150,90.0,274850,2600000,True,True,245
52841,"EMPAGLIFLOZIN / LINAGLIPTIN / METFORMIN HYDROCHLORIDE 12.5 mg/2.5 mg/1000 mg TABLET, EXTENDED RELEASE ORAL",است,covered,نيست,False,خير,False,خير,False,100,نيست,False,خير,False,است,True,71998,70.0,169401,241399,True,True,245
84948,VITAMIN B12 SOFTGEL ORAL 1 mg GEL,صرفا مشمول صندوق صعب العلاج,صرفا مشمول صندوق صعب العلاج,نيست,False,خير,False,خير,False,0,است,True,خير,False,است,True,1,0.0,1,2,True,True,245
84727,TGA MUSCLE CITRULLINE MALATE POWDER ORAL 500 g,صرفا مشمول صندوق صعب العلاج,صرفا مشمول صندوق صعب العلاج,نيست,False,خير,False,خير,False,0,است,True,خير,False,است,True,1,0.0,1,2,True,True,245
84771,VITAFORM L-ORNITHINE-L-ASPARTATE POWDER ORAL 100 g,صرفا مشمول صندوق صعب العلاج,صرفا مشمول صندوق صعب العلاج,نيست,False,خير,False,خير,False,0,است,True,خير,False,است,True,1,0.0,1,2,True,True,245
53067,"LIPID INFUSION 10% (2) 100 mg/22 mg/12 mg/1mL 500 mL INJECTION, SOLUTION INTRAVENOUS",است,covered,نيست,False,خير,False,خير,False,5,نيست,False,بله,True,است,True,7478000,70.0,3992000,11470000,True,True,245
53064,FLUOXETINE (AS HYDROCHLORIDE) 20 mg TABLET ORAL TABLET,است,covered,نيست,False,خير,False,خير,False,300,نيست,False,خير,False,نيست,False,27845,70.0,1155,29000,True,True,245
53096,"OMALIZUMAB 150 mg/1mL 1 mL INJECTION, SOLUTION PARENTERAL INJECTION",صرفا مشمول يارانه دولت,government_subsidy_only,نيست,False,خير,False,بله,True,طبق پرونده,نيست,False,بله,True,است,True,6000000,0.0,15000000,21000000,True,True,246
53065,"MEMANTINE HYDROCHLORIDE 7 mg CAPSULE, EXTENDED RELEASE ORAL",صرفا مشمول يارانه دولت,government_subsidy_only,نيست,False,خير,False,خير,False,100,نيست,False,خير,False,نيست,False,49000,0.0,21000,70000,True,True,246
53088,PHENOBARBITAL 15 mg/5mL 60 mL ELIXIR ORAL ELIXIR,است,covered,نيست,False,خير,False,خير,False,5,نيست,False,خير,False,نيست,False,745345,70.0,4655,750000,True,True,246
53089,"LEVODOPA / BENSERAZIDE 100 mg/25 mg TABLET, ORALLY DISINTEGRATING ORAL",است,covered,نيست,False,خير,False,خير,False,400,نيست,False,بله,True,است,True,58000,70.0,102000,160000,True,True,246
53000,"FAMOTIDINE 40 mg/5mL 50 mL POWDER, FOR SUSPENSION ORAL",است,covered,نيست,False,خير,False,خير,False,5,نيست,False,خير,False,نيست,False,718800,70.0,21200,740000,True,True,246
53039,DOMPERIDONE 1 mg/1 mL 250 mL SUSPENSION ORAL,صرفا مشمول يارانه دولت,government_subsidy_only,نيست,False,خير,False,خير,False,5,نيست,False,خير,False,نيست,False,619498,0.0,142802,762300,True,True,246
53048,ISOFLURANE 100% 250 mL INHALANT RESPIRATORY,صرفا مشمول يارانه دولت,government_subsidy_only,است,True,خير,False,خير,False,1,نيست,False,بله,True,نيست,False,18480000,0.0,7720000,26200000,True,True,246
53051,"PRALIDOXIME IODIDE 25 mg/1 mL 20 mL INJECTION, SOLUTION PARENTERAL",صرفا مشمول يارانه دولت,government_subsidy_only,نيست,False,خير,False,خير,False,10,نيست,False,بله,True,نيست,False,306000,0.0,32200,338200,True,True,246
53087,PROPRANOLOL HYDROCHLORIDE 4.28 mg/1mL 60 mL SYRUP ORAL,است,covered,نيست,False,خير,False,خير,False,10,نيست,False,خير,False,نيست,False,270530,70.0,9270,279800,True,True,246
53066,"MEMANTINE HYDROCHLORIDE 28 mg CAPSULE, EXTENDED RELEASE ORAL",است,covered,نيست,False,خير,False,خير,False,100,نيست,False,خير,False,نيست,False,147000,0.0,63000,210000,True,True,246
53090,"TRASTUZUMAB DERUXTECAN 100 mg INJECTION, POWDER, FOR SOLUTION PARENTERAL",صرفا مشمول صندوق صعب العلاج,صرفا مشمول صندوق صعب العلاج,نيست,False,خير,False,بله,True,طبق پرونده,است,True,بله,True,است,True,1,0.0,1,2,True,True,247
52863,"DAPAGLIFLOZIN (AS PROPANEDIOL) / METFORMIN HYDROCHLORIDE 5 mg/1000 mg TABLET, EXTENDED RELEASE ORAL",است,covered,نيست,False,خير,False,خير,False,100,نيست,False,خير,False,است,True,48939,70.0,53062,102001,True,True,247
53049,MEFENAMIC ACID 500 mg TABLET ORAL,صرفا مشمول يارانه دولت,government_subsidy_only,نيست,False,خير,False,خير,False,30,نيست,False,خير,False,نيست,False,31600,0.0,13400,45000,True,True,247
52918,"INSULIN DEGLUDEC / INSULIN ASPART 70 [iU]/30 [iU]/1mL 3 mL INJECTION, SOLUTION PARENTERAL",است,covered,نيست,False,خير,False,بله,True,طبق پرونده,نيست,False,بله,True,است,True,2438175,70.0,10561825,13000000,True,True,247
53142,"COAGULATION FACTOR VIII (RECOMBINANT) 2000 [iU] INJECTION, POWDER, LYOPHILIZED, FOR SOLUTION PARENTERAL INJECTION",است,covered,نيست,False,خير,False,بله,True,طبق پرونده,نيست,False,بله,True,است,True,120508850,100.0,31491150,152000000,True,True,247
52933,"EFMOROCTOCOG ALFA COAGULATION FACTOR VIII, Long Acting 500 [iU] INJECTION, POWDER, FOR SOLUTION PARENTERAL",است,covered,نيست,False,خير,False,بله,True,طبق پرونده,نيست,False,بله,True,است,True,23416000,70.0,10584000,34000000,True,True,247
53228,"MYCOPHENOLATE MOFETIL 500 mg INJECTION, POWDER, FOR SOLUTION PARENTERAL",است,covered,نيست,False,خير,False,خير,False,10,است,True,بله,True,است,True,6970000,70.0,0,6970000,True,True,247
52776,BOTULISM ANTITOXIN MONOVALENT TYPE E (EQUINEP1000/10ML) INJECTION,است,covered,است,True,خير,False,خير,False,1,نيست,False,بله,True,نيست,False,0,70.0,0,0,True,True,247
52867,DICLOFENAC SODIUM 1% 60 g GEL TOPICAL GEL,است,covered,است,True,خير,False,خير,False,5,نيست,False,خير,False,نيست,False,0,0.0,0,0,True,True,247
52747,"DOXYCYCLINE (AS HYCLATE) 100 mg CAPSULE, DELAYED RELEASE ORAL",است,covered,نيست,False,خير,False,خير,False,200,نيست,False,خير,False,نيست,False,47761,70.0,52239,100000,True,True,247
52907,PYRVINIUM 50 mg/5mL 25 mL SUSPENSION ORAL,است,covered,نيست,False,خير,False,خير,False,5,نيست,False,بله,True,نيست,False,0,70.0,0,0,True,True,248
52795,"TETRACAINE HYDROCHLORIDE 0.5% 0.5 mL SOLUTION, DROPS OPHTHALMIC DROPS",است,covered,است,True,خير,False,خير,False,5,نيست,False,خير,False,نيست,False,63160,70.0,6840,70000,True,True,248
52794,"TETRACAINE HYDROCHLORIDE 0.5% 5 mL SOLUTION, DROPS OPHTHALMIC DROPS",است,covered,است,True,خير,False,خير,False,5,نيست,False,بله,True,نيست,False,247621,70.0,12379,260000,True,True,248
53170,PANCREATIN CAPSULE ORAL 25000 [iU] CAPSULE,است,covered,نيست,False,خير,False,بله,True,طبق پرونده,نيست,False,بله,True,است,True,46200,70.0,70200,116400,True,True,248
52880,COAGULATION FACTOR VIII RECOMBINANT POWDERLYOPHILIZED 1000U INJECTION,است,covered,نيست,False,خير,False,بله,True,طبق پرونده,نيست,False,بله,True,است,True,50666000,100.0,25334000,76000000,True,True,248
52878,COAGULATION FACTOR VIII RECOMBINANT POWDERLYOPHILIZED 250U INJECTION,است,covered,نيست,False,خير,False,بله,True,طبق پرونده,نيست,False,بله,True,است,True,7163300,100.0,2730000,9893300,True,True,248
85897,VITAMIN B12 TABLET ORAL 1 mg TABLET,صرفا مشمول صندوق صعب العلاج,صرفا مشمول صندوق صعب العلاج,نيست,False,خير,False,خير,False,0,است,True,خير,False,است,True,1,0.0,1,2,True,True,248
50902,IVERMECTIN 1% 15 g CREAM TOPICAL,صرفا مشمول يارانه دولت,government_subsidy_only,نيست,False,خير,False,خير,False,3,نيست,False,خير,False,نيست,False,1439438,0.0,310562,1750000,True,True,248
52912,"LIPID INFUSION 20% (3) 80 mg/100 mg/20 mg/1mL 100 mL INJECTION, EMULSION INTRAVENOUS",است,covered,نيست,False,خير,False,خير,False,5,نيست,False,بله,True,است,True,2041600,70.0,798400,2840000,True,True,248
52921,METFORMIN HYDROCHLORIDE 500 mg/5mL 250 mL SOLUTION ORAL,صرفا مشمول يارانه دولت,government_subsidy_only,نيست,False,خير,False,خير,False,5,نيست,False,خير,False,نيست,False,550900,0.0,190100,741000,True,True,248
52541,DASATINIB 140 mg TABLET ORAL,است,covered,نيست,False,خير,False,بله,True,طبق پرونده,است,True,بله,True,است,True,4043424,70.0,1206576,5250000,True,True,249
52892,"ALPRAZOLAM 2 mg TABLET, EXTENDED RELEASE ORAL TABLET",صرفا مشمول يارانه دولت,government_subsidy_only,نيست,False,خير,False,خير,False,200,نيست,False,خير,False,نيست,False,7544,0.0,1156,8700,True,True,249
52899,"SODIUM PICOSULFATE / MAGNESIUM OXIDE / CITRIC ACID 10 mg/3.5 g/12 g POWDER, FOR SOLUTION ORAL SOLUTION",صرفا مشمول يارانه دولت,government_subsidy_only,نيست,False,خير,False,خير,False,3,نيست,False,خير,False,نيست,False,392900,0.0,480639,873539,True,True,249
52941,"METFORMIN HYDROCHLORIDE / LINAGLIPTIN 1000 mg/5 mg TABLET, EXTENDED RELEASE ORAL TABLET",است,covered,نيست,False,خير,False,خير,False,100,نيست,False,خير,False,نيست,False,51595,70.0,14405,66000,True,True,249
52797,ACETYLCYSTEINE 100 mg GRANULE ORAL,صرفا مشمول يارانه دولت,government_subsidy_only,نيست,False,خير,False,خير,False,60,نيست,False,خير,False,نيست,False,31850,0.0,48150,80000,True,True,249
B1156,SODIUM POLYSTYRENE SULFONATE 454 G POW FOR SU SUSPENTION,است,covered,نيست,False,خير,False,خير,False,2,نيست,False,خير,False,نيست,False,5879999,70.0,0,5879999,True,True,249
52798,ACETYLCYSTEINE 200 mg GRANULE ORAL,صرفا مشمول يارانه دولت,government_subsidy_only,نيست,False,خير,False,خير,False,60,نيست,False,خير,False,نيست,False,24050,0.0,75950,100000,True,True,249
52855,"SOLIFENACIN SUCCINATE / TAMSULOSIN HYDROCHLORIDE 6 mg/0.4 mg TABLET, EXTENDED RELEASE ORAL TABLET",صرفا مشمول يارانه دولت,government_subsidy_only,نيست,False,خير,False,خير,False,30,نيست,False,خير,False,نيست,False,22800,0.0,8884,31684,True,True,249
52928,"LINEZOLID 2 mg/1mL 100 mL INJECTION, SOLUTION PARENTERAL",صرفا مشمول يارانه دولت,government_subsidy_only,است,True,خير,False,بله,True,طبق پرونده,است,True,بله,True,است,True,1,0.0,54542,54543,True,True,249
52913,"LIPID INFUSION 20% (3) 80 mg/100 mg/20 mg/1mL 250 mL INJECTION, EMULSION INTRAVENOUS INJECTION",است,covered,نيست,False,خير,False,خير,False,5,نيست,False,بله,True,است,True,2490000,70.0,1996000,4486000,True,True,249
53006,TELMISARTAN 20 mg TABLET ORAL TABLET,صرفا مشمول صندوق صعب العلاج,صرفا مشمول صندوق صعب العلاج,نيست,False,خير,False,خير,False,60,است,True,خير,False,است,True,34899,0.0,1,34900,True,True,250
52952,PIRFENIDONE 267 mg TABLET ORAL,صرفا مشمول يارانه دولت,government_subsidy_only,نيست,False,خير,False,بله,True,طبق پرونده,نيست,False,بله,True,نيست,False,136000,0.0,134000,270000,True,True,250
53016,"RANOLAZINE 1000 mg TABLET, EXTENDED RELEASE ORAL",صرفا مشمول يارانه دولت,government_subsidy_only,نيست,False,خير,False,خير,False,60,نيست,False,خير,False,است,True,52790,0.0,56210,109000,True,True,250
52989,"ACETAMINOPHEN 10 mg/1mL 10 mL INJECTION, SOLUTION INTRAVENOUS",است,covered,است,True,خير,False,خير,False,10,نيست,False,خير,False,نيست,False,320000,70.0,0,320000,True,True,250
52936,"CALCIUM FOLINATE 200 mg INJECTION, POWDER PARENTERAL INJECTION",است,covered,نيست,False,خير,False,خير,False,5,نيست,False,بله,True,است,True,1300000,90.0,2200000,3500000,True,True,250
53011,"FAMOTIDINE 40 mg/5mL 120 mL POWDER, FOR SUSPENSION ORAL",است,covered,نيست,False,خير,False,خير,False,5,نيست,False,خير,False,نيست,False,799120,70.0,50880,850000,True,True,250
53012,DAPAGLIFLOZIN (AS PROPANEDIOL) / METFORMIN HYDROCHLORIDE 5 mg/850 mg TABLET ORAL,است,covered,نيست,False,خير,False,خير,False,100,نيست,False,خير,False,است,True,23351,70.0,31649,55000,True,True,250
52829,AMLODIPINE (AS BESILATE) / BISOPROLOL FUMARATE 5 mg/5 mg TABLET ORAL TABLET,صرفا مشمول يارانه دولت,government_subsidy_only,نيست,False,خير,False,خير,False,100,نيست,False,خير,False,است,True,23614,0.0,1386,25000,True,True,250
53013,DAPAGLIFLOZIN (AS PROPANEDIOL) / METFORMIN HYDROCHLORIDE 5 mg/1000 mg TABLET ORAL,است,covered,نيست,False,خير,False,خير,False,100,نيست,False,خير,False,است,True,27005,70.0,30995,58000,True,True,250
52957,ETHOSUXIMIDE 250 mg/5mL 100 mL SYRUP ORAL SYRUP,است,covered,نيست,False,خير,False,خير,False,3,نيست,False,بله,True,است,True,320400,70.0,2340600,2661000,True,True,250
53007,TELMISARTAN 40 mg TABLET ORAL TABLET,صرفا مشمول صندوق صعب العلاج,صرفا مشمول صندوق صعب العلاج,نيست,False,خير,False,خير,False,60,است,True,خير,False,است,True,44499,0.0,1,44500,True,True,251
52958,CLADRIBINE 10 mg TABLET ORAL,صرفا مشمول صندوق صعب العلاج,صرفا مشمول صندوق صعب العلاج,نيست,False,خير,False,بله,True,طبق پرونده,است,True,بله,True,است,True,1,0.0,1,2,True,True,251
53008,TELMISARTAN 80 mg TABLET ORAL TABLET,صرفا مشمول صندوق صعب العلاج,صرفا مشمول صندوق صعب العلاج,نيست,False,خير,False,خير,False,60,است,True,خير,False,است,True,49599,0.0,1,49600,True,True,251
52540,DASATINIB 80 mg TABLET ORAL,است,covered,نيست,False,خير,False,بله,True,طبق پرونده,است,True,بله,True,است,True,2435528,70.0,689472,3125000,True,True,251
52876,URSODEOXYCHOLIC ACID 250 mg/5mL 250 mL SUSPENSION ORAL SUSPENTION,صرفا مشمول يارانه دولت,government_subsidy_only,نيست,False,خير,False,خير,False,3,نيست,False,بله,True,است,True,740100,0.0,1332000,2072100,True,True,251
85546,CALCIUM SYRUP ORAL 200 mL,صرفا مشمول صندوق صعب العلاج,صرفا مشمول صندوق صعب العلاج,نيست,False,خير,False,خير,False,5,است,True,خير,False,است,True,1,0.0,1,2,True,True,251
51847,BUPIVACAINE HYDROCHLORIDE 0.5% 10 mL INJECTION PARENTERAL INJECTION,است,covered,نيست,False,خير,False,خير,False,1,نيست,False,بله,True,نيست,False,29500,70.0,12872,42372,True,True,251
52940,"METFORMIN HYDROCHLORIDE / LINAGLIPTIN 1000 mg/2.5 mg TABLET, EXTENDED RELEASE ORAL TABLET",است,covered,نيست,False,خير,False,خير,False,100,نيست,False,خير,False,نيست,False,39192,70.0,5944,45136,True,True,251
52879,COAGULATION FACTOR VIII RECOMBINANT POWDERLYOPHILIZED 500U INJECTION,است,covered,نيست,False,خير,False,بله,True,طبق پرونده,نيست,False,بله,True,است,True,27416000,100.0,10584000,38000000,True,True,251
T20131,ASCH MOISTURISING CREAM WHIT OLIVE OIL & VITAMIN E 100 MILLILITER,نيست,not_covered,نيست,False,خير,False,خير,False,5000,نيست,False,بله,True,نيست,False,2036679,0.0,3418321,5455000,True,True,251
52542,DASATINIB 20 mg TABLET ORAL TABLET,است,covered,نيست,False,خير,False,بله,True,طبق پرونده,است,True,بله,True,نيست,False,394000,70.0,171857,565857,True,True,252
92784,PSYLLIUM POWDER ORAL 10 g,است,covered,نيست,False,خير,False,خير,False,20,نيست,False,خير,False,نيست,False,2800,70.0,0,2800,True,True,252
93286,DINEH PSYLLIUM ORANGE GRANULE ORAL 7 g,است,covered,نيست,False,خير,False,خير,False,20,نيست,False,خير,False,نيست,False,3700,70.0,0,3700,True,True,252
92638,LEUCOREX CREAM VAGINAL 50 g,است,covered,نيست,False,خير,False,خير,False,2,نيست,False,خير,False,نيست,False,75000,70.0,0,75000,True,True,252
92670,MUSYLIUM POWDER ORAL 10 g,است,covered,نيست,False,خير,False,خير,False,14,نيست,False,خير,False,نيست,False,6857,70.0,0,6857,True,True,252
93181,PROSTATAN TABLET ORAL,است,covered,نيست,False,خير,False,خير,False,60,نيست,False,خير,False,نيست,False,2666,70.0,0,2666,True,True,252
92314,ALPHA OINTMENT TOPICAL 30 g OINTMENT,است,covered,نيست,False,خير,False,خير,False,3,نيست,False,خير,False,نيست,False,115000,70.0,0,115000,True,True,252
92545,GOLGRIPE SOLUTION ORAL 120 mL,است,covered,نيست,False,خير,False,خير,False,2,نيست,False,خير,False,نيست,False,45000,70.0,0,45000,True,True,252
92551,GRIPE MIXTURE SYRUP ORAL 120 mL 100ML,است,covered,نيست,False,خير,False,خير,False,3,نيست,False,خير,False,نيست,False,35000,70.0,0,35000,True,True,252
92865,SANKOL DROPS ORAL 30 mL,است,covered,نيست,False,خير,False,خير,False,3,نيست,False,خير,False,نيست,False,61000,70.0,0,61000,True,True,252
93059,FIJAN SYRUP ORAL 120 mL,است,covered,نيست,False,خير,False,خير,False,3,نيست,False,خير,False,نيست,False,65000,70.0,0,65000,True,True,253
92390,CALENDULA OINTMENT TOPICAL 15 g,است,covered,نيست,False,خير,False,خير,False,3,نيست,False,خير,False,نيست,False,48000,70.0,0,48000,True,True,253
92671,MYCOZIN CREAM VAGINAL 50 g,است,covered,نيست,False,خير,False,خير,False,2,نيست,False,خير,False,نيست,False,105000,70.0,0,105000,True,True,253
92778,PROSTATAN DROPS ORAL 30 mL,است,covered,نيست,False,خير,False,خير,False,3,نيست,False,خير,False,نيست,False,68000,70.0,0,68000,True,True,253
93188,PSYLLIUM SIMORGH DAROUYE ATAR POWDER ORAL 10 g,است,covered,نيست,False,خير,False,خير,False,3,نيست,False,خير,False,نيست,False,20000,70.0,0,20000,True,True,253
93274,HYPIRAN FC TABLET ORAL,است,covered,نيست,False,خير,False,خير,False,60,نيست,False,خير,False,نيست,False,1000,70.0,0,1000,True,True,253
93287,SENALAX TABLET ORAL,است,covered,نيست,False,خير,False,خير,False,50,نيست,False,خير,False,نيست,False,1600,70.0,0,1600,True,True,253
92207,SENALIN FC TABLET ORAL,است,covered,نيست,False,خير,False,خير,False,60,نيست,False,خير,False,نيست,False,2266,70.0,0,2266,True,True,253
92315,ANGIPARS OINTMENT TOPICAL 30 g,است,covered,نيست,False,خير,False,خير,False,2,نيست,False,خير,False,نيست,False,692000,70.0,0,692000,True,True,253
92413,CARAWAY MIXTURE SYRUP ORAL 140 mL,است,covered,نيست,False,خير,False,خير,False,3,نيست,False,خير,False,نيست,False,40000,70.0,0,40000,True,True,253
93187,PSYLLIUM DAROO BEHDASHT DORNA CAPSULE ORAL,است,covered,نيست,False,خير,False,خير,False,14,نيست,False,خير,False,نيست,False,6857,70.0,0,6857,True,True,254
93273,BULDO LAX TABLET ORAL,است,covered,نيست,False,خير,False,خير,False,60,نيست,False,خير,False,نيست,False,1233,70.0,0,1233,True,True,254
92701,ODORATA SYRUP ORAL 120 mL,است,covered,نيست,False,خير,False,خير,False,3,نيست,False,خير,False,نيست,False,85000,70.0,0,85000,True,True,254
92783,PSYLLIUM PARTH KIMIA POWDER ORAL 7 g,است,covered,نيست,False,خير,False,خير,False,20,نيست,False,خير,False,نيست,False,2857,70.0,0,2857,True,True,254
92199,SAMILAX TABLET ORAL,است,covered,نيست,False,خير,False,خير,False,60,نيست,False,خير,False,نيست,False,500,70.0,0,500,True,True,254
92414,CARMINT DROPS ORAL 30 mL,است,covered,نيست,False,خير,False,خير,False,5,نيست,False,خير,False,نيست,False,40000,70.0,0,40000,True,True,254
92669,MUSYLIUM FORTE POWDER ORAL 9 g,است,covered,نيست,False,خير,False,خير,False,14,نيست,False,خير,False,نيست,False,7142,70.0,0,7142,True,True,254
92846,ROUZ-PSYLLIUM HUSK POWDER ORAL 7 g,است,covered,نيست,False,خير,False,خير,False,20,نيست,False,خير,False,نيست,False,2000,70.0,0,2000,True,True,254
92847,ROUZ-PSYLLIUM SEED POWDER ORAL 7 g,است,covered,نيست,False,خير,False,خير,False,3,نيست,False,خير,False,نيست,False,12000,70.0,0,12000,True,True,254
93288,FIGSIN SYRUP ORAL 60 mL,است,covered,نيست,False,خير,False,خير,False,3,نيست,False,خير,False,نيست,False,17000,70.0,0,17000,True,True,254
92525,FIGITOL SYRUP ORAL 120 mL,است,covered,نيست,False,خير,False,خير,False,3,نيست,False,خير,False,نيست,False,60000,70.0,0,60000,True,True,255
92552,GRIPE WATER SYRUP ORAL 120 mL,است,covered,نيست,False,خير,False,خير,False,2,نيست,False,خير,False,نيست,False,53000,70.0,0,53000,True,True,255
92871,SENAGOL SYRUP ORAL 60 mL,است,covered,نيست,False,خير,False,خير,False,3,نيست,False,خير,False,نيست,False,60000,70.0,0,60000,True,True,255
93271,HYPIRAN DROPS ORAL 30 mL,است,covered,نيست,False,خير,False,خير,False,5,نيست,False,خير,False,نيست,False,34500,70.0,0,34500,True,True,255
82561,HEALTHICA L-ARGENINE TABLET ORAL 500 mg TABLET,صرفا مشمول صندوق صعب العلاج,صرفا مشمول صندوق صعب العلاج,نيست,False,خير,False,خير,False,0,است,True,خير,False,است,True,1,0.0,1,2,True,True,255
83323,OPD PHARMA L-CYSTEINE POWDER ORAL 500 mg 4 g,صرفا مشمول صندوق صعب العلاج,صرفا مشمول صندوق صعب العلاج,نيست,False,خير,False,خير,False,0,است,True,خير,False,است,True,1,0.0,1,2,True,True,255
53257,OZANIMOD (AS HYDROCHLORIDE) 0.92 mg CAPSULE ORAL,است,covered,نيست,False,خير,False,بله,True,طبق پرونده,نيست,False,بله,True,است,True,1170000,70.0,1230000,2400000,True,True,255
53159,"SIPONIMOD (AS FUMARIC ACID) 2 mg TABLET, COATED ORAL",صرفا مشمول صندوق صعب العلاج,صرفا مشمول صندوق صعب العلاج,نيست,False,خير,False,بله,True,طبق پرونده,است,True,بله,True,است,True,1,0.0,1,2,True,True,255
53176,OLAPARIB 100 mg TABLET ORAL,صرفا مشمول يارانه دولت,government_subsidy_only,نيست,False,خير,False,بله,True,طبق پرونده,است,True,بله,True,است,True,6000000,0.0,4000000,10000000,True,True,255
53129,"LEVODOPA / BENSERAZIDE 100 mg/25 mg CAPSULE, EXTENDED RELEASE ORAL",است,covered,نيست,False,خير,False,خير,False,400,نيست,False,بله,True,است,True,105750,70.0,54250,160000,True,True,255
53376,"DEXMEDETOMIDINE (AS HYDROCHLORIDE) 100 ug/1mL 1 mL INJECTION, SOLUTION, CONCENTRATE PARENTERAL",صرفا مشمول يارانه دولت,government_subsidy_only,است,True,خير,False,خير,False,5000,نيست,False,بله,True,است,True,600000,0.0,500000,1100000,True,True,256
53359,"CYCLOPHOSPHAMIDE 200 mg/1mL 5 mL INJECTION, SOLUTION PARENTERAL",است,covered,نيست,False,خير,False,بله,True,طبق پرونده,نيست,False,بله,True,است,True,5596000,70.0,2404000,8000000,True,True,256
53364,CONJUGATED ESTROGENS 0.3 mg TABLET ORAL,است,covered,نيست,False,خير,False,خير,False,200,نيست,False,خير,False,نيست,False,97500,70.0,0,97500,True,True,256
52865,"DAPAGLIFLOZIN (AS PROPANEDIOL) / METFORMIN HYDROCHLORIDE 10 mg/500 mg TABLET, EXTENDED RELEASE ORAL",است,covered,نيست,False,خير,False,خير,False,100,نيست,False,خير,False,است,True,60000,70.0,90000,150000,True,True,256
53370,"UPADACITINIB 15 mg TABLET, EXTENDED RELEASE ORAL",صرفا مشمول يارانه دولت,government_subsidy_only,نيست,False,خير,False,بله,True,طبق پرونده,نيست,False,خير,False,است,True,5250000,0.0,2250000,7500000,True,True,256
53334,"BORTEZOMIB 2.5 mg INJECTION, POWDER PARENTERAL",است,covered,نيست,False,خير,False,بله,True,طبق پرونده,نيست,False,بله,True,است,True,14717248,70.0,2772752,17490000,True,True,256
53360,UMECLIDINIUM (AS BROMIDE) / VILANTEROL (AS TRIFENATATE) 62.5 ug/25 ug CAPSULE RESPIRATORY,است,covered,نيست,False,خير,False,خير,False,30,نيست,False,بله,True,است,True,459200,70.0,196800,656000,True,True,256
52864,"DAPAGLIFLOZIN (AS PROPANEDIOL) / METFORMIN HYDROCHLORIDE 5 mg/500 mg TABLET, EXTENDED RELEASE ORAL",است,covered,نيست,False,خير,False,خير,False,100,نيست,False,خير,False,است,True,41373,70.0,53628,95001,True,True,256
53371,"UPADACITINIB 30 mg TABLET, EXTENDED RELEASE ORAL",صرفا مشمول يارانه دولت,government_subsidy_only,نيست,False,خير,False,بله,True,طبق پرونده,نيست,False,خير,False,نيست,False,7700000,0.0,3300000,11000000,True,True,256
53342,CLOBAZAM 2.5 mg/1mL 120 mL SUSPENSION ORAL,است,covered,نيست,False,خير,False,خير,False,5,نيست,False,خير,False,نيست,False,1625000,70.0,55000,1680000,True,True,256
53259,"PALIVIZUMAB 100 mg/1mL INJECTION, SOLUTION PARENTERAL",است,covered,است,True,خير,False,بله,True,طبق پرونده,نيست,False,بله,True,است,True,164264000,70.0,0,164264000,True,True,257
52321,LISDEXAMFETAMINE MESILATE 20 mg CAPSULE ORAL CAPSULE,صرفا مشمول يارانه دولت,government_subsidy_only,نيست,False,خير,False,خير,False,100,نيست,False,بله,True,نيست,False,192000,0.0,98000,290000,True,True,257
53324,"OCTREOTIDE (AS ACETATE) 30 mg INJECTION,POWDER,EXTENDED RELEASE PARENTERAL",است,covered,نيست,False,خير,False,بله,True,طبق پرونده,نيست,False,بله,True,است,True,66000000,90.0,24000000,90000000,True,True,257
53256,OZANIMOD (AS HYDROCHLORIDE) 0.46 mg CAPSULE ORAL,است,covered,نيست,False,خير,False,بله,True,طبق پرونده,نيست,False,بله,True,است,True,498680,70.0,901320,1400000,True,True,257
53323,"OCTREOTIDE (AS ACETATE) 20 mg INJECTION,POWDER,EXTENDED RELEASE PARENTERAL",است,covered,نيست,False,خير,False,بله,True,طبق پرونده,نيست,False,بله,True,است,True,28001600,90.0,15998400,44000000,True,True,257
53258,"PALIVIZUMAB 50 mg/0.5mL INJECTION, SOLUTION PARENTERAL",است,covered,است,True,خير,False,بله,True,طبق پرونده,نيست,False,بله,True,است,True,83717000,70.0,0,83717000,True,True,257
53192,"ALENDRONATE (AS SODIUM) 70 mg TABLET, EFFERVESCENT ORAL",است,covered,نيست,False,خير,False,خير,False,20,نيست,False,خير,False,نيست,False,53972,70.0,0,53972,True,True,257
53171,"TOFACITINIB (AS CITRATE) 11 mg TABLET, EXTENDED RELEASE ORAL TABLET",است,covered,نيست,False,خير,False,بله,True,طبق پرونده,است,True,بله,True,است,True,392900,70.0,0,392900,True,True,257
53358,"CYCLOPHOSPHAMIDE 200 mg/1mL 2.5 mL INJECTION, SOLUTION PARENTERAL",است,covered,نيست,False,خير,False,بله,True,طبق پرونده,نيست,False,بله,True,است,True,5143000,90.0,357000,5500000,True,True,257
52866,"DAPAGLIFLOZIN (AS PROPANEDIOL) / METFORMIN HYDROCHLORIDE 10 mg/1000 mg TABLET, EXTENDED RELEASE ORAL",است,covered,نيست,False,خير,False,خير,False,100,نيست,False,خير,False,است,True,70000,70.0,90000,160000,True,True,257
53063,FLUOXETINE (AS HYDROCHLORIDE) 10 mg TABLET ORAL TABLET,است,covered,نيست,False,خير,False,خير,False,300,نيست,False,خير,False,نيست,False,20422,70.0,578,21000,True,True,258
53388,PRIMIDONE 125 mg/5mL 120 mL SUSPENSION ORAL,است,covered,نيست,False,خير,False,خير,False,3,نيست,False,بله,True,است,True,1600000,90.0,0,1600000,True,True,258
53351,FERRIC CARBOXY MALTOSE 100mg INJ,است,covered,نيست,False,خير,False,بله,True,طبق پرونده,نيست,False,بله,True,است,True,2323560,90.0,1176440,3500000,True,True,258
53273,POTASSIUM CHLORIDE 40 meq/15mL SOLUTION ORAL,است,covered,نيست,False,خير,False,خير,False,5,نيست,False,خير,False,نيست,False,570810,70.0,29190,600000,True,True,258
53135,RISPERIDONE 1 mg/1mL 120 mL SOLUTION ORAL,است,covered,نيست,False,خير,False,خير,False,2,نيست,False,بله,True,نيست,False,2293200,70.0,706800,3000000,True,True,258
53133,INSULIN GLARGINE / LIXISENATIDE 100 [iU]/33 ug/1mL 3 mL INJECTION PARENTERAL,صرفا مشمول يارانه دولت,government_subsidy_only,نيست,False,خير,False,بله,True,طبق پرونده,است,True,بله,True,نيست,False,31782000,0.0,15000000,46782000,True,True,258
53132,INSULIN GLARGINE / LIXISENATIDE 100 [iU]/50 ug/1mL 3 mL INJECTION PARENTERAL,صرفا مشمول يارانه دولت,government_subsidy_only,نيست,False,خير,False,بله,True,طبق پرونده,است,True,بله,True,نيست,False,31782000,0.0,15000000,46782000,True,True,258
53326,ONDANSETRON 16 mg SUPPOSITORY RECTAL SUPPOSITORY,است,covered,نيست,False,خير,False,خير,False,20,نيست,False,خير,False,نيست,False,63000,70.0,21000,84000,True,True,258
53379,TERBINAFINE 1% 30g CREAM TOP,است,covered,نيست,False,خير,False,خير,False,5,نيست,False,خير,False,نيست,False,366700,70.0,0,366700,True,True,258
53293,ACETYLSALICYLIC ACID / CLOPIDOGREL (AS BISULFATE) 100 mg/75 mg TABLET ORAL,صرفا مشمول يارانه دولت,government_subsidy_only,نيست,False,خير,False,خير,False,90,نيست,False,خير,False,است,True,84000,0.0,36000,120000,True,True,258
53255,OZANIMOD (AS HYDROCHLORIDE) 0.23 mg CAPSULE ORAL,است,covered,نيست,False,خير,False,بله,True,طبق پرونده,نيست,False,بله,True,است,True,280200,70.0,0,280200,True,True,259
52862,"DAPAGLIFLOZIN (AS PROPANEDIOL) / METFORMIN HYDROCHLORIDE 2.5 mg/1000 mg TABLET, EXTENDED RELEASE ORAL",است,covered,نيست,False,خير,False,خير,False,100,نيست,False,خير,False,است,True,34202,70.0,25798,60000,True,True,259
53157,"SIPONIMOD (AS FUMARIC ACID) 0.25 mg TABLET, COATED ORAL",صرفا مشمول صندوق صعب العلاج,صرفا مشمول صندوق صعب العلاج,نيست,False,خير,False,بله,True,طبق پرونده,است,True,بله,True,است,True,1,0.0,1,2,True,True,259
53272,POTASSIUM CHLORIDE 20 meq/15mL SOLUTION ORAL,است,covered,نيست,False,خير,False,خير,False,5,نيست,False,خير,False,نيست,False,650000,70.0,0,650000,True,True,259
51462,"IFOSFAMIDE 50 mg/1mL 20 mL INJECTION, SOLUTION PARENTERAL",است,covered,نيست,False,خير,False,بله,True,طبق پرونده,نيست,False,بله,True,است,True,3674400,90.0,9925600,13600000,True,True,259
53292,ACETYLSALICYLIC ACID / CLOPIDOGREL (AS BISULFATE) 75 mg/75 mg TABLET ORAL,صرفا مشمول يارانه دولت,government_subsidy_only,نيست,False,خير,False,خير,False,90,نيست,False,خير,False,است,True,84000,0.0,36000,120000,True,True,259
53158,"SIPONIMOD (AS FUMARIC ACID) 1 mg TABLET, COATED ORAL",صرفا مشمول صندوق صعب العلاج,صرفا مشمول صندوق صعب العلاج,نيست,False,خير,False,بله,True,طبق پرونده,است,True,بله,True,است,True,1,0.0,1,2,True,True,259
53486,METHOTREXATE 2.5 mg TABLET ORAL,است,covered,نيست,False,خير,False,خير,False,200,نيست,False,بله,True,است,True,54600,90.0,45400,100000,True,True,259
53422,"COAGULATION FACTOR Vlll, Long Acting 2000 [iU] INJECTION, POWDER, LYOPHILIZED PARENTERAL",است,covered,نيست,False,خير,False,بله,True,طبق پرونده,نيست,False,بله,True,است,True,104508850,70.0,31491150,136000000,True,True,259
53421,"COAGULATION FACTOR Vlll, Long Acting 1000 [iU] INJECTION, POWDER, LYOPHILIZED PARENTERAL",است,covered,نيست,False,خير,False,بله,True,طبق پرونده,نيست,False,بله,True,است,True,42666000,70.0,25334000,68000000,True,True,259
20131,"BUDESONIDE POWDER, METERED RESPIRATORY 400 ug/1{dose} 200 {dose}",است,covered,نيست,False,خير,False,خير,False,5,نيست,False,خير,False,نيست,False,2036679,70.0,3418321,5455000,True,True,260
53397,PRIMIDONE 50 mg/1 TABLET ORAL,است,covered,نيست,False,خير,False,خير,False,300,نيست,False,بله,True,نيست,False,36400,70.0,3600,40000,True,True,260
53473,ESOMEPRAZOLE INJECTION POWDER PARENTERAL 40 mg,صرفا مشمول يارانه دولت,government_subsidy_only,است,True,خير,False,خير,False,60,نيست,False,خير,False,نيست,False,411000,0.0,89000,500000,True,True,260
53689,CALCIUM FOLINATE INJECTION 50 mg,است,covered,نيست,False,خير,False,خير,False,5,نيست,False,بله,True,است,True,6890000,90.0,210000,7100000,True,True,260
53690,CALCIUM FOLINATE INJECTION 350 mg,است,covered,نيست,False,خير,False,خير,False,2,نيست,False,بله,True,است,True,12236000,90.0,544000,12780000,True,True,260
20629,"OXYCODONE HYDROCHLORIDE 20 mg TABLET, EXTENDED RELEASE ORAL TABLET",صرفا مشمول يارانه دولت,government_subsidy_only,نيست,False,خير,False,بله,True,طبق پرونده,نيست,False,بله,True,نيست,False,34481,0.0,65519,100000,True,True,260
90014,نوار تست قند خون,است,covered,نيست,False,خير,False,خير,False,1,نيست,False,بله,True,نيست,False,0,70.0,1,1,True,True,260
53595,"LEVETIRACETAM 500 mg TABLET, EXTENDED RELEASE ORAL",صرفا مشمول يارانه دولت,government_subsidy_only,نيست,False,خير,False,بله,True,طبق پرونده,نيست,False,خير,False,است,True,94500,0.0,40500,135000,True,True,260
53596,"LEVETIRACETAM 750 mg TABLET, EXTENDED RELEASE ORAL",صرفا مشمول يارانه دولت,government_subsidy_only,نيست,False,خير,False,بله,True,طبق پرونده,نيست,False,خير,False,است,True,119000,0.0,51000,170000,True,True,260
14109,PHOSPHATE (ORGANIC) 216 mg/1mL 20 mL INJECTION PARENTERAL,است,covered,نيست,False,خير,False,خير,False,20,نيست,False,بله,True,است,True,928000,70.0,117000,1045000,True,True,260
